attr_path,pname,version,forge_type,origin_url,owner,repo,rev,rev_type,hash,fetch_url
_1oom,1oom,1.11.8,fetchFromGitHub,https://github.com/1oom-fork/1oom,1oom-fork,1oom,refs/tags/v1.11.8,tag,sha256-Y29Xc8ylXhpQO7dDl7z7XC7+RB4UOIRksZ8RtfaCiEc=,https://github.com/1oom-fork/1oom/archive/refs/tags/v1.11.8.tar.gz
_389-ds-base,389-ds-base,3.1.3,fetchFromGitHub,https://github.com/389ds/389-ds-base,389ds,389-ds-base,389-ds-base-3.1.3,tag,sha256-hRTK9xBu8v8+SGa/3IB8Alh/aGUiRRn2LmYOvXy0Yd4=,https://github.com/389ds/389-ds-base/archive/389-ds-base-3.1.3.tar.gz
abseil-cpp,abseil-cpp,20250814.1,fetchFromGitHub,https://github.com/abseil/abseil-cpp,abseil,abseil-cpp,refs/tags/20250814.1,tag,sha256-SCQDORhmJmTb0CYm15zjEa7dkwc+lpW2s1d4DsMRovI=,https://github.com/abseil/abseil-cpp/archive/refs/tags/20250814.1.tar.gz
abseil-cpp_202103,abseil-cpp,20210324.2,fetchFromGitHub,https://github.com/abseil/abseil-cpp,abseil,abseil-cpp,20210324.2,tag,sha256-fcxPhuI2eL/fnd6nT11p8DpUNwGNaXZmd03yOiZcOT0=,https://github.com/abseil/abseil-cpp/archive/20210324.2.tar.gz
abseil-cpp_202401,abseil-cpp,20240116.3,fetchFromGitHub,https://github.com/abseil/abseil-cpp,abseil,abseil-cpp,refs/tags/20240116.3,tag,sha256-VfC8kQtGlOew9iVKxQ7kIgqFMvHiDpSBhvyNOfneuwo=,https://github.com/abseil/abseil-cpp/archive/refs/tags/20240116.3.tar.gz
abseil-cpp_202407,abseil-cpp,20240722.1,fetchFromGitHub,https://github.com/abseil/abseil-cpp,abseil,abseil-cpp,refs/tags/20240722.1,tag,sha256-ir4hG2VIPv3se7JfWqCM/siLqFEFkmhMW/IGCocy6Pc=,https://github.com/abseil/abseil-cpp/archive/refs/tags/20240722.1.tar.gz
abseil-cpp_202505,abseil-cpp,20250512.1,fetchFromGitHub,https://github.com/abseil/abseil-cpp,abseil,abseil-cpp,refs/tags/20250512.1,tag,sha256-eB7OqTO9Vwts9nYQ/Mdq0Ds4T1KgmmpYdzU09VPWOhk=,https://github.com/abseil/abseil-cpp/archive/refs/tags/20250512.1.tar.gz
abseil-cpp_202508,abseil-cpp,20250814.1,fetchFromGitHub,https://github.com/abseil/abseil-cpp,abseil,abseil-cpp,refs/tags/20250814.1,tag,sha256-SCQDORhmJmTb0CYm15zjEa7dkwc+lpW2s1d4DsMRovI=,https://github.com/abseil/abseil-cpp/archive/refs/tags/20250814.1.tar.gz
acpica-tools,acpica-tools,20251212,fetchFromGitHub,https://github.com/acpica/acpica,acpica,acpica,refs/tags/20251212,tag,sha256-R2u93OzNv2/LcuxlqXBufGVv+rI3fNPMHl3VKcPn3VU=,https://github.com/acpica/acpica/archive/refs/tags/20251212.tar.gz
acr-cli,acr-cli,0.18,fetchFromGitHub,https://github.com/Azure/acr-cli,Azure,acr-cli,refs/tags/v0.18,tag,sha256-yMA+cbkmmwDwjPHTHVbxc+npyEklaGmDgCWXBUxlnyo=,https://github.com/Azure/acr-cli/archive/refs/tags/v0.18.tar.gz
adalanche,adalanche,2024.1.11,fetchFromGitHub,https://github.com/lkarlslund/adalanche,lkarlslund,adalanche,refs/tags/v2024.1.11,tag,sha256-SJa2PQCXTYdv5jMucpJOD2gC7Qk2dNdINHW4ZvLXSLw=,https://github.com/lkarlslund/adalanche/archive/refs/tags/v2024.1.11.tar.gz
advancecomp,advancecomp,2.6,fetchFromGitHub,https://github.com/amadvance/advancecomp,amadvance,advancecomp,refs/tags/v2.6,tag,sha256-MwXdXT/ZEvTcYV4DjhCUFflrPKBFu0fk5PmaWt4MMOU=,https://github.com/amadvance/advancecomp/archive/refs/tags/v2.6.tar.gz
aerospike,aerospike-server,8.0.0.10,fetchFromGitHub,https://github.com/aerospike/aerospike-server,aerospike,aerospike-server,8.0.0.10,tag,sha256-RZqlU6vF8w/w8YZRmDV1x/X6tMQ+I1HEwx2WA3zS7mc=,
affine,affine,0.26.2,fetchFromGitHub,https://github.com/toeverything/AFFiNE,toeverything,AFFiNE,refs/tags/v0.26.2,tag,sha256-qFJezmSNq6Uq6xvCGUITeidrChQiZWI6lw9ZX8PcwXc=,https://github.com/toeverything/AFFiNE/archive/refs/tags/v0.26.2.tar.gz
afsctool,afsctool,1.7.3,fetchFromGitHub,https://github.com/RJVB/afsctool,RJVB,afsctool,refs/tags/v1.7.3,tag,sha256-cZ0P9cygj+5GgkDRpQk7P9z8zh087fpVfrYXMRRVUAI=,https://github.com/RJVB/afsctool/archive/refs/tags/v1.7.3.tar.gz
aichat,aichat,0.30.0,fetchFromGitHub,https://github.com/sigoden/aichat,sigoden,aichat,refs/tags/v0.30.0,tag,sha256-xgTGii1xGtCc1OLoC53HAtQ+KVZNO1plB2GVtVBBlqs=,https://github.com/sigoden/aichat/archive/refs/tags/v0.30.0.tar.gz
alacritty,alacritty,0.16.1,fetchFromGitHub,https://github.com/alacritty/alacritty,alacritty,alacritty,refs/tags/v0.16.1,tag,sha256-IOPhnJ76kZ2djJjxJEUwWPvHDeeXbJAn1ClipTH7nWs=,https://github.com/alacritty/alacritty/archive/refs/tags/v0.16.1.tar.gz
alan,alan,3.0beta8,fetchFromGitHub,https://github.com/alan-if/alan,alan-if,alan,refs/tags/v3.0beta8,tag,sha256-9F99rr7tdkaGPHtD92ecmUxO6xrjQDRhGtSTVbMLz30=,https://github.com/alan-if/alan/archive/refs/tags/v3.0beta8.tar.gz
alejandra,alejandra,4.0.0,fetchFromGitHub,https://github.com/kamadorueda/alejandra,kamadorueda,alejandra,refs/tags/4.0.0,tag,sha256-Oi1n2ncF4/AWeY6X55o2FddIRICokbciqFYK64XorYk=,https://github.com/kamadorueda/alejandra/archive/refs/tags/4.0.0.tar.gz
algolia-cli,algolia-cli,1.7.3,fetchFromGitHub,https://github.com/algolia/cli,algolia,cli,refs/tags/v1.7.3,tag,sha256-m7PAD9EKrl7eBzRwCHDcH+eBcFnfXIDnIm6wvOtay5g=,https://github.com/algolia/cli/archive/refs/tags/v1.7.3.tar.gz
alire,alire,2.1.0,fetchFromGitHub,https://github.com/alire-project/alire,alire-project,alire,refs/tags/v2.1.0,tag,sha256-DfzCQu9xOe9JgX6RTrYOGTIS6EcPimLnd5pfXMtfRss=,
alist,alist,3.57.0,fetchFromGitHub,https://github.com/AlistGo/alist,AlistGo,alist,refs/tags/v3.57.0,tag,sha256-wwV65vxNSrGzP7TQ+nnjWS+dcCj/+67WcMPRbNqOVbQ=,https://github.com/AlistGo/alist/archive/refs/tags/v3.57.0.tar.gz
alive2,alive2,21.0,fetchFromGitHub,https://github.com/AliveToolkit/alive2,AliveToolkit,alive2,refs/tags/v21.0,tag,sha256-LL6/Epn6iHQJGKb8PX+U6zvXK/WTlvOIJPr6JuGRsSU=,https://github.com/AliveToolkit/alive2/archive/refs/tags/v21.0.tar.gz
amass,amass,5.0.1,fetchFromGitHub,https://github.com/OWASP/Amass,OWASP,Amass,refs/tags/v5.0.1,tag,sha256-uAuBWzEwppnmYacfPI7MZUW+7PdSs3EqYm1WQI4fthQ=,https://github.com/OWASP/Amass/archive/refs/tags/v5.0.1.tar.gz
amazon-cloudwatch-agent,amazon-cloudwatch-agent,1.300064.0,fetchFromGitHub,https://github.com/aws/amazon-cloudwatch-agent,aws,amazon-cloudwatch-agent,refs/tags/v1.300064.0,tag,sha256-998kXLAwhSepDOrKGXRrOfrw9SU8tfxtYmPQNUQWhlI=,https://github.com/aws/amazon-cloudwatch-agent/archive/refs/tags/v1.300064.0.tar.gz
amazon-ssm-agent,amazon-ssm-agent,3.3.3598.0,fetchFromGitHub,https://github.com/aws/amazon-ssm-agent,aws,amazon-ssm-agent,refs/tags/3.3.3598.0,tag,sha256-keagFjifd3Ok3mgheDAb9OSGHmd3HBOo5I0WaBHWJzE=,https://github.com/aws/amazon-ssm-agent/archive/refs/tags/3.3.3598.0.tar.gz
amd-blis,amd-blis,5.1,fetchFromGitHub,https://github.com/amd/blis,amd,blis,5.1,tag,sha256-hqb/Q1CBqtC4AXqHNd7voewGUD675hJ9IwvP3Mn9b+M=,https://github.com/amd/blis/archive/5.1.tar.gz
amd-libflame,amd-libflame,5.1,fetchFromGitHub,https://github.com/amd/libflame,amd,libflame,refs/tags/5.1,tag,sha256-9Z0e6RCJfqQlq3oT4fBu8rwPH1OWEKQ52rVDa0Y0rJU=,https://github.com/amd/libflame/archive/refs/tags/5.1.tar.gz
amf-headers,amf-headers,1.5.0,fetchFromGitHub,https://github.com/GPUOpen-LibrariesAndSDKs/AMF,GPUOpen-LibrariesAndSDKs,AMF,refs/tags/v1.5.0,tag,sha256-ZVC1e4S5CNpfl3ewHR9aVfYwxDBE7/BJ6OyH2kF00fQ=,https://github.com/GPUOpen-LibrariesAndSDKs/AMF/archive/refs/tags/v1.5.0.tar.gz
amiberry,amiberry,5.7.4,fetchFromGitHub,https://github.com/BlitterStudio/amiberry,BlitterStudio,amiberry,refs/tags/v5.7.4,tag,sha256-EOoVJYefX2pQ2Zz9bLD1RS47u/+7ZWTMwZYha0juF64=,https://github.com/BlitterStudio/amiberry/archive/refs/tags/v5.7.4.tar.gz
android-file-transfer,android-file-transfer,4.5,fetchFromGitHub,https://github.com/whoozle/android-file-transfer-linux,whoozle,android-file-transfer-linux,refs/tags/v4.5,tag,sha256-G+ErwZ/F8Cl8WLSzC+5LrEWWqNZL3xDMBvx/gjkgAXk=,https://github.com/whoozle/android-file-transfer-linux/archive/refs/tags/v4.5.tar.gz
angband,angband,4.2.6,fetchFromGitHub,https://github.com/angband/angband,angband,angband,4.2.6,tag,sha256-lx2EfE3ylcH1vLAHwNT1me1l4e4Jspkw4YJIAOlu/0E=,https://github.com/angband/angband/archive/4.2.6.tar.gz
angr-management,angr-management,9.2.154,fetchFromGitHub,https://github.com/angr/angr-management,angr,angr-management,refs/tags/v9.2.154,tag,sha256-ZaQRXCt6u5FGApiXTToJdIXBnBLv3emo13YG5ip0lJA=,https://github.com/angr/angr-management/archive/refs/tags/v9.2.154.tar.gz
anilibria-winmaclinux,anilibria-winmaclinux,2.2.34,fetchFromGitHub,https://github.com/anilibria/anilibria-winmaclinux,anilibria,anilibria-winmaclinux,refs/tags/2.2.34,tag,sha256-58NFlB6viWXG13J+RBzMj6LlYFClpWpGQ/aCNxJ5wKQ=,https://github.com/anilibria/anilibria-winmaclinux/archive/refs/tags/2.2.34.tar.gz
anki,anki,25.09.2,fetchFromGitHub,https://github.com/ankitects/anki,ankitects,anki,25.09.2,tag,sha256-0hLTQR7f7s58DUgAZbDeREMee6VrqAKHyhS1Hs/Em1A=,
anki-sync-server,anki-sync-server,25.09.2,fetchFromGitHub,https://github.com/ankitects/anki,ankitects,anki,25.09.2,tag,sha256-0hLTQR7f7s58DUgAZbDeREMee6VrqAKHyhS1Hs/Em1A=,
antares,antares,0.7.35,fetchFromGitHub,https://github.com/antares-sql/antares,antares-sql,antares,refs/tags/v0.7.35,tag,sha256-A/ievIKXfFGu90aijxhmEWvfg2RqDtd7AtU+iyma3lU=,https://github.com/antares-sql/antares/archive/refs/tags/v0.7.35.tar.gz
apache-airflow,apache-airflow,3.1.6,fetchFromGitHub,https://github.com/apache/airflow,apache,airflow,refs/tags/3.1.6,tag,sha256-wC6C0jhCA76/+KhBQbe3WeSGqR6FwaudCT5xPV39Z6c=,https://github.com/apache/airflow/archive/refs/tags/3.1.6.tar.gz
apache-orc,apache-orc,2.2.1,fetchFromGitHub,https://github.com/apache/orc,apache,orc,refs/tags/v2.2.1,tag,sha256-H7nowl2pq31RIAmTUz15x48Wc99MljFJboc4F7Ln/zk=,https://github.com/apache/orc/archive/refs/tags/v2.2.1.tar.gz
apmplanner2,apmplanner2,2.0.28,fetchFromGitHub,https://github.com/ArduPilot/apm_planner,ArduPilot,apm_planner,2.0.28,tag,0wvbfjnnf7sh6fpgw8gimh5hgzywj3nwrgr80r782f5gayd3v2l1,https://github.com/ArduPilot/apm_planner/archive/2.0.28.tar.gz
appimageupdate,appimageupdate,2.0.0-alpha-1-20251018,fetchFromGitHub,https://github.com/AppImageCommunity/AppImageUpdate,AppImageCommunity,AppImageUpdate,2.0.0-alpha-1-20251018,tag,sha256-S3MRBTtPc4S6lqvAZpbZFgOVgsX6GpHZ8PkwEtipT1M=,https://github.com/AppImageCommunity/AppImageUpdate/archive/2.0.0-alpha-1-20251018.tar.gz
appimageupdate-qt,appimageupdate,2.0.0-alpha-1-20251018,fetchFromGitHub,https://github.com/AppImageCommunity/AppImageUpdate,AppImageCommunity,AppImageUpdate,2.0.0-alpha-1-20251018,tag,sha256-S3MRBTtPc4S6lqvAZpbZFgOVgsX6GpHZ8PkwEtipT1M=,https://github.com/AppImageCommunity/AppImageUpdate/archive/2.0.0-alpha-1-20251018.tar.gz
appstream,appstream,1.1.2,fetchFromGitHub,https://github.com/ximion/appstream,ximion,appstream,v1.1.2,tag,sha256-tvdWWdL6PthffAZZnNZ3+17/eJdZFx8xFkqm7IvyPWE=,https://github.com/ximion/appstream/archive/v1.1.2.tar.gz
apvlv,apvlv,0.7.0,fetchFromGitHub,https://github.com/naihe2010/apvlv,naihe2010,apvlv,refs/tags/v0.7.0-final,tag,sha256-PDqH3nROR16q11dHIkC5+jAiRSIIfp52M8o4IT1BaT0=,https://github.com/naihe2010/apvlv/archive/refs/tags/v0.7.0-final.tar.gz
apx,apx,2.4.5,fetchFromGitHub,https://github.com/Vanilla-OS/apx,Vanilla-OS,apx,refs/tags/v2.4.5,tag,sha256-0Rfj7hrH26R9GHOPPVdCaeb1bfAw9KnPpJYXyiei90U=,https://github.com/Vanilla-OS/apx/archive/refs/tags/v2.4.5.tar.gz
arc-theme,arc-theme,20221218,fetchFromGitHub,https://github.com/jnsh/arc-theme,jnsh,arc-theme,refs/tags/20221218,tag,sha256-7VmqsUCeG5GwmrVdt9BJj0eZ/1v+no/05KwGFb7E9ns=,https://github.com/jnsh/arc-theme/archive/refs/tags/20221218.tar.gz
ardour,ardour,9.0,fetchgit,git://git.ardour.org/ardour/ardour.git,,,9.0,tag,sha256-zgWNKYN45qa2xLWnL3W/UWfRVBJN3+hya9dpIZLLJvo=,
ardour_8,ardour,8.12,fetchgit,git://git.ardour.org/ardour/ardour.git,,,8.12,tag,sha256-4IgBQ53cwPA35YwNQyo+qBqsMGv+TLn6w1zaDX97erE=,
arduino-cli,arduino-cli,1.4.1,fetchFromGitHub,https://github.com/arduino/arduino-cli,arduino,arduino-cli,refs/tags/v1.4.1,tag,sha256-2m0V7yj6C7Lvlu9RaM54pbGKSwrek6WYuwH1yqYHdB0=,https://github.com/arduino/arduino-cli/archive/refs/tags/v1.4.1.tar.gz
arduino-create-agent,arduino-create-agent,1.7.0,fetchFromGitHub,https://github.com/arduino/arduino-create-agent,arduino,arduino-create-agent,1.7.0,tag,sha256-L77LDMe6KTwQ2qAx3OT1O27h4DhAjZzcs8WL/N7E8hI=,https://github.com/arduino/arduino-create-agent/archive/1.7.0.tar.gz
arelle,arelle,2.38.7,fetchFromGitHub,https://github.com/Arelle/Arelle,Arelle,Arelle,refs/tags/2.38.7,tag,sha256-9ARMEXqoiBuAnj8hRrA1PqArmTMmRMP1BwASekOTQoc=,https://github.com/Arelle/Arelle/archive/refs/tags/2.38.7.tar.gz
argbash,argbash,2.11.0,fetchFromGitHub,https://github.com/matejak/argbash,matejak,argbash,2.11.0,tag,sha256-B8581sA3dxmHiJqQhmXSChiWaPIFqiLLFUMnwAlCLJs=,https://github.com/matejak/argbash/archive/2.11.0.tar.gz
argo-rollouts,argo-rollouts,1.8.4,fetchFromGitHub,https://github.com/argoproj/argo-rollouts,argoproj,argo-rollouts,v1.8.4,tag,sha256-LT5RV5dBqcEloKUm9RCDxPncxScYVlYVWWYUld1iO0M=,https://github.com/argoproj/argo-rollouts/archive/v1.8.4.tar.gz
argocd,argocd,3.3.2,fetchFromGitHub,https://github.com/argoproj/argo-cd,argoproj,argo-cd,refs/tags/v3.3.2,tag,sha256-cxjBXT/YvhC8GA5Btjyqsy5FBescie9f+yfj/6wNV24=,https://github.com/argoproj/argo-cd/archive/refs/tags/v3.3.2.tar.gz
armTrustedFirmwareAllwinner,arm-trusted-firmware-sun50i_a64,2.13.0,fetchFromGitHub,https://github.com/ARM-software/arm-trusted-firmware,ARM-software,arm-trusted-firmware,refs/tags/v2.13.0,tag,sha256-rxm5RCjT/MyMCTxiEC8jQeFMrCggrb2DRbs/qDPXb20=,https://github.com/ARM-software/arm-trusted-firmware/archive/refs/tags/v2.13.0.tar.gz
armTrustedFirmwareAllwinnerH6,arm-trusted-firmware-sun50i_h6,2.13.0,fetchFromGitHub,https://github.com/ARM-software/arm-trusted-firmware,ARM-software,arm-trusted-firmware,refs/tags/v2.13.0,tag,sha256-rxm5RCjT/MyMCTxiEC8jQeFMrCggrb2DRbs/qDPXb20=,https://github.com/ARM-software/arm-trusted-firmware/archive/refs/tags/v2.13.0.tar.gz
armTrustedFirmwareAllwinnerH616,arm-trusted-firmware-sun50i_h616,2.13.0,fetchFromGitHub,https://github.com/ARM-software/arm-trusted-firmware,ARM-software,arm-trusted-firmware,refs/tags/v2.13.0,tag,sha256-rxm5RCjT/MyMCTxiEC8jQeFMrCggrb2DRbs/qDPXb20=,https://github.com/ARM-software/arm-trusted-firmware/archive/refs/tags/v2.13.0.tar.gz
armTrustedFirmwareQemu,arm-trusted-firmware-qemu,2.13.0,fetchFromGitHub,https://github.com/ARM-software/arm-trusted-firmware,ARM-software,arm-trusted-firmware,refs/tags/v2.13.0,tag,sha256-rxm5RCjT/MyMCTxiEC8jQeFMrCggrb2DRbs/qDPXb20=,https://github.com/ARM-software/arm-trusted-firmware/archive/refs/tags/v2.13.0.tar.gz
armTrustedFirmwareRK3328,arm-trusted-firmware-rk3328,2.13.0,fetchFromGitHub,https://github.com/ARM-software/arm-trusted-firmware,ARM-software,arm-trusted-firmware,refs/tags/v2.13.0,tag,sha256-rxm5RCjT/MyMCTxiEC8jQeFMrCggrb2DRbs/qDPXb20=,https://github.com/ARM-software/arm-trusted-firmware/archive/refs/tags/v2.13.0.tar.gz
armTrustedFirmwareRK3399,arm-trusted-firmware-rk3399,2.13.0,fetchFromGitHub,https://github.com/ARM-software/arm-trusted-firmware,ARM-software,arm-trusted-firmware,refs/tags/v2.13.0,tag,sha256-rxm5RCjT/MyMCTxiEC8jQeFMrCggrb2DRbs/qDPXb20=,https://github.com/ARM-software/arm-trusted-firmware/archive/refs/tags/v2.13.0.tar.gz
armTrustedFirmwareRK3568,arm-trusted-firmware-rk3568,2.13.0,fetchFromGitHub,https://github.com/ARM-software/arm-trusted-firmware,ARM-software,arm-trusted-firmware,refs/tags/v2.13.0,tag,sha256-rxm5RCjT/MyMCTxiEC8jQeFMrCggrb2DRbs/qDPXb20=,https://github.com/ARM-software/arm-trusted-firmware/archive/refs/tags/v2.13.0.tar.gz
armTrustedFirmwareRK3588,arm-trusted-firmware-rk3588,2.13.0,fetchFromGitHub,https://github.com/ARM-software/arm-trusted-firmware,ARM-software,arm-trusted-firmware,refs/tags/v2.13.0,tag,sha256-rxm5RCjT/MyMCTxiEC8jQeFMrCggrb2DRbs/qDPXb20=,https://github.com/ARM-software/arm-trusted-firmware/archive/refs/tags/v2.13.0.tar.gz
armTrustedFirmwareS905,arm-trusted-firmware-gxbb,2.13.0,fetchFromGitHub,https://github.com/ARM-software/arm-trusted-firmware,ARM-software,arm-trusted-firmware,refs/tags/v2.13.0,tag,sha256-rxm5RCjT/MyMCTxiEC8jQeFMrCggrb2DRbs/qDPXb20=,https://github.com/ARM-software/arm-trusted-firmware/archive/refs/tags/v2.13.0.tar.gz
armTrustedFirmwareTools,arm-trusted-firmware,2.13.0,fetchFromGitHub,https://github.com/ARM-software/arm-trusted-firmware,ARM-software,arm-trusted-firmware,refs/tags/v2.13.0,tag,sha256-rxm5RCjT/MyMCTxiEC8jQeFMrCggrb2DRbs/qDPXb20=,https://github.com/ARM-software/arm-trusted-firmware/archive/refs/tags/v2.13.0.tar.gz
armips,armips,0.11.0,fetchFromGitHub,https://github.com/Kingcom/armips,Kingcom,armips,refs/tags/v0.11.0,tag,sha256-L+Uxww/WtvDJn1xZqoqA6Pkzq/98sy1qTxZbv6eEjbA=,https://github.com/Kingcom/armips/archive/refs/tags/v0.11.0.tar.gz
arrow-cpp,arrow-cpp,23.0.0,fetchFromGitHub,https://github.com/apache/arrow,apache,arrow,apache-arrow-23.0.0,tag,sha256-BluUlbtGJwvlrpN/c/KziOfFh5dvzZyuCy4JZkkFea4=,https://github.com/apache/arrow/archive/apache-arrow-23.0.0.tar.gz
arrow-glib,arrow-glib,23.0.0,fetchFromGitHub,https://github.com/apache/arrow,apache,arrow,apache-arrow-23.0.0,tag,sha256-BluUlbtGJwvlrpN/c/KziOfFh5dvzZyuCy4JZkkFea4=,https://github.com/apache/arrow/archive/apache-arrow-23.0.0.tar.gz
asdf-vm,asdf-vm,0.18.0,fetchFromGitHub,https://github.com/asdf-vm/asdf,asdf-vm,asdf,refs/tags/v0.18.0,tag,sha256-BBd+MiRISjMz2m29nNIakG79Oy1k7bZI/Q24QQNp5CY=,https://github.com/asdf-vm/asdf/archive/refs/tags/v0.18.0.tar.gz
assaultcube,assaultcube,1.3.0.2,fetchFromGitHub,https://github.com/assaultcube/AC,assaultcube,AC,refs/tags/v1.3.0.2,tag,sha256-6UfOKgI+6rMGNHlRQnVCm/zD3wCKwbeOD7jgxH8aY2M=,https://github.com/assaultcube/AC/archive/refs/tags/v1.3.0.2.tar.gz
astral,astral,5.7.1,fetchFromGitHub,https://github.com/smirarab/ASTRAL,smirarab,ASTRAL,v5.7.1,tag,sha256-VhcsX9BxiZ0nISN6Xe4N+kq0iBMCtNhyxDrm9cwXfBA=,https://github.com/smirarab/ASTRAL/archive/v5.7.1.tar.gz
astromenace,astromenace,1.4.3,fetchFromGitHub,https://github.com/viewizard/astromenace,viewizard,astromenace,v1.4.3,tag,sha256-W6d+8iw7/r2qJbE75U7egxqvK2HXaKzk+GtnspZRAxk=,https://github.com/viewizard/astromenace/archive/v1.4.3.tar.gz
async-profiler,async-profiler,4.3,fetchFromGitHub,https://github.com/jvm-profiling-tools/async-profiler,jvm-profiling-tools,async-profiler,refs/tags/v4.3,tag,sha256-wysOjirCfxm0SmwDW7GS+S73lAT8/0g4avu7T5+qy2Q=,https://github.com/jvm-profiling-tools/async-profiler/archive/refs/tags/v4.3.tar.gz
atf,atf,0.23,fetchFromGitHub,https://github.com/freebsd/atf,freebsd,atf,refs/tags/atf-0.23,tag,sha256-g9cXeiCaiyGQXtg6eyrbRQpqk4VLGSFuhfPB+ynbDIo=,https://github.com/freebsd/atf/archive/refs/tags/atf-0.23.tar.gz
atmos,atmos,1.194.1,fetchFromGitHub,https://github.com/cloudposse/atmos,cloudposse,atmos,refs/tags/v1.194.1,tag,sha256-vQVkuvmqVbwvpcfzgNfI0aGKhEIaQC2626nBppoNsuM=,https://github.com/cloudposse/atmos/archive/refs/tags/v1.194.1.tar.gz
atril,atril,1.28.3,fetchFromGitHub,https://github.com/mate-desktop/atril,mate-desktop,atril,refs/tags/v1.28.3,tag,sha256-y+J/goOl5ol3j0ySLkyQSndS8zc+dOKhyrPv0FmVkZg=,
atuin,atuin,18.12.1,fetchFromGitHub,https://github.com/atuinsh/atuin,atuinsh,atuin,refs/tags/v18.12.1,tag,sha256-ojIL8Iy74UgFE4Mp75oHWbZDsFRKRhOBdkPP/TtZpz4=,https://github.com/atuinsh/atuin/archive/refs/tags/v18.12.1.tar.gz
audacity,audacity,3.7.7,fetchFromGitHub,https://github.com/audacity/audacity,audacity,audacity,Audacity-3.7.7,tag,sha256-UyQffN9vOSD3uDk4jpYGsjH577pU4V7FpFAu0xdsXUA=,https://github.com/audacity/audacity/archive/Audacity-3.7.7.tar.gz
auditbeat,auditbeat,7.17.27,fetchFromGitHub,https://github.com/elastic/beats,elastic,beats,v7.17.27,tag,sha256-TzcKB1hIHe1LNZ59GcvR527yvYqPKNXPIhpWH2vyMTY=,https://github.com/elastic/beats/archive/v7.17.27.tar.gz
auditbeat7,auditbeat,7.17.27,fetchFromGitHub,https://github.com/elastic/beats,elastic,beats,v7.17.27,tag,sha256-TzcKB1hIHe1LNZ59GcvR527yvYqPKNXPIhpWH2vyMTY=,https://github.com/elastic/beats/archive/v7.17.27.tar.gz
auto-editor,auto-editor,29.7.0,fetchFromGitHub,https://github.com/WyattBlue/auto-editor,WyattBlue,auto-editor,refs/tags/29.7.0,tag,sha256-R1GnvFjC/nq/gIiX6rUxP7qR3IfpGfc4Ci28AIk4CfQ=,https://github.com/WyattBlue/auto-editor/archive/refs/tags/29.7.0.tar.gz
autotier,autotier,1.2.0,fetchFromGitHub,https://github.com/45Drives/autotier,45Drives,autotier,refs/tags/v1.2.0,tag,sha256-Pf1baDJsyt0ScASWrrgMu8+X5eZPGJSu0/LDQNHe1Ok=,https://github.com/45Drives/autotier/archive/refs/tags/v1.2.0.tar.gz
aws-c-common,aws-c-common,0.12.4,fetchFromGitHub,https://github.com/awslabs/aws-c-common,awslabs,aws-c-common,v0.12.4,tag,sha256-hKCIPZlLPyH7D3Derk2onyqTzWGUtCx+f2+EKtAKlwA=,https://github.com/awslabs/aws-c-common/archive/v0.12.4.tar.gz
aws-c-io,aws-c-io,0.22.0,fetchFromGitHub,https://github.com/awslabs/aws-c-io,awslabs,aws-c-io,v0.22.0,tag,sha256-NOEjXk4s/FV4CdmyXOr4Oh2y+pFNrUMP/Sy+X+fVQc4=,https://github.com/awslabs/aws-c-io/archive/v0.22.0.tar.gz
aws-iam-authenticator,aws-iam-authenticator,0.7.11,fetchFromGitHub,https://github.com/kubernetes-sigs/aws-iam-authenticator,kubernetes-sigs,aws-iam-authenticator,refs/tags/v0.7.11,tag,sha256-ObvzeAqvECQ3wdILg5fLSvANWG19PcWfE+IlN145N+A=,https://github.com/kubernetes-sigs/aws-iam-authenticator/archive/refs/tags/v0.7.11.tar.gz
aws-lc,aws-lc,1.67.0,fetchFromGitHub,https://github.com/aws/aws-lc,aws,aws-lc,v1.67.0,tag,sha256-p58Re3HvBY/nzyCFvM5Ntx7Mb5OgcNQoZNloAJitDTY=,https://github.com/aws/aws-lc/archive/v1.67.0.tar.gz
aws-sam-cli,aws-sam-cli,1.154.0,fetchFromGitHub,https://github.com/aws/aws-sam-cli,aws,aws-sam-cli,refs/tags/v1.154.0,tag,sha256-wy6LZbWmK5rb0foFttPOvDOsFtrQNFc8mGBP9WTzVyw=,https://github.com/aws/aws-sam-cli/archive/refs/tags/v1.154.0.tar.gz
aws-sdk-cpp,aws-sdk-cpp,1.11.647,fetchFromGitHub,https://github.com/aws/aws-sdk-cpp,aws,aws-sdk-cpp,refs/tags/1.11.647,tag,sha256-RJKR0xw3HTNItaLGyYCjibmfK3UBDA4hfAZzQ0xYg9U=,https://github.com/aws/aws-sdk-cpp/archive/refs/tags/1.11.647.tar.gz
awsume,awsume,4.5.5,fetchFromGitHub,https://github.com/trek10inc/awsume,trek10inc,awsume,refs/tags/4.5.5,tag,sha256-lm9YANYckyHDoNbB1wytBm55iyBmUuxFPmZupfpReqc=,https://github.com/trek10inc/awsume/archive/refs/tags/4.5.5.tar.gz
ayatana-indicator-session,ayatana-indicator-session,24.5.1,fetchFromGitHub,https://github.com/AyatanaIndicators/ayatana-indicator-session,AyatanaIndicators,ayatana-indicator-session,refs/tags/24.5.1,tag,sha256-jqcgQTsC4VBit3wwtKKTdEG71CUPJpeMtpzikE4IGhE=,https://github.com/AyatanaIndicators/ayatana-indicator-session/archive/refs/tags/24.5.1.tar.gz
azure-cli,azure-cli,2.83.0,fetchFromGitHub,https://github.com/Azure/azure-cli,Azure,azure-cli,refs/tags/azure-cli-2.83.0,tag,sha256-ptmqcRbjLWMZ9i+rt0amfjpVC+VuE+L3Np2gPpF7Urg=,https://github.com/Azure/azure-cli/archive/refs/tags/azure-cli-2.83.0.tar.gz
azure-functions-core-tools,azure-functions-core-tools,4.0.7030,fetchFromGitHub,https://github.com/Azure/azure-functions-core-tools,Azure,azure-functions-core-tools,refs/tags/4.0.7030,tag,sha256-ibbXUg2VHN2yJk6qwLwDbxcO0XArFFb7XMUCfKH0Tkw=,https://github.com/Azure/azure-functions-core-tools/archive/refs/tags/4.0.7030.tar.gz
azure-storage-azcopy,azure-storage-azcopy,10.31.1,fetchFromGitHub,https://github.com/Azure/azure-storage-azcopy,Azure,azure-storage-azcopy,refs/tags/v10.31.1,tag,sha256-VB7bMbMzBl5ulrTNZIHdNYKx0vHeEYIJi4L50M8BY4M=,https://github.com/Azure/azure-storage-azcopy/archive/refs/tags/v10.31.1.tar.gz
badgemagic-app,badgemagic-app,1.18.15,fetchFromGitHub,https://github.com/fossasia/badgemagic-app,fossasia,badgemagic-app,refs/tags/v1.18.15,tag,sha256-zQ7ajVHueyCJP2n81dogM5YytxOoJ/hJt/qYbmw64e0=,https://github.com/fossasia/badgemagic-app/archive/refs/tags/v1.18.15.tar.gz
badger,badger,4.9.1,fetchFromGitHub,https://github.com/dgraph-io/badger,dgraph-io,badger,refs/tags/v4.9.1,tag,sha256-BsKFi4oMNJE09PBjFmqNhbMcQcHk5uR5QssbwN2ZNCk=,https://github.com/dgraph-io/badger/archive/refs/tags/v4.9.1.tar.gz
balena-cli,balena-cli,24.0.3,fetchFromGitHub,https://github.com/balena-io/balena-cli,balena-io,balena-cli,v24.0.3,tag,sha256-RoS0T8YuWHw+aXHkHURO+sQGJGaPP8olJ1Jau/lkh7g=,https://github.com/balena-io/balena-cli/archive/v24.0.3.tar.gz
bark-server,bark-server,2.3.4,fetchFromGitHub,https://github.com/Finb/bark-server,Finb,bark-server,refs/tags/v2.3.4,tag,sha256-ANOGAzm+25WUoRMGE5b70uKE4EhlGkuC4QWvpa2K7Uo=,https://github.com/Finb/bark-server/archive/refs/tags/v2.3.4.tar.gz
bazel-watcher,bazel-watcher,0.28.0,fetchFromGitHub,https://github.com/bazelbuild/bazel-watcher,bazelbuild,bazel-watcher,v0.28.0,tag,sha256-zbZhV1IjFW4USdj3MGdyfPabfCPUmAAaGBaguXqmcnY=,https://github.com/bazelbuild/bazel-watcher/archive/v0.28.0.tar.gz
bazelisk,bazelisk,1.28.1,fetchFromGitHub,https://github.com/bazelbuild/bazelisk,bazelbuild,bazelisk,v1.28.1,tag,sha256-iKU8B8yOT8cPvZhuor8ZVRsHQDoXq1ja1mr60XqHoEs=,https://github.com/bazelbuild/bazelisk/archive/v1.28.1.tar.gz
bcachefs-tools,bcachefs-tools,1.36.1,fetchFromGitHub,https://github.com/koverstreet/bcachefs-tools,koverstreet,bcachefs-tools,refs/tags/v1.36.1,tag,sha256-15Z1lHNeXTToDpdVc/YB5ojhoiB5qdgWs47O1aKoyFM=,https://github.com/koverstreet/bcachefs-tools/archive/refs/tags/v1.36.1.tar.gz
beancount,beancount,3.2.0,fetchFromGitHub,https://github.com/beancount/beancount,beancount,beancount,refs/tags/3.2.0,tag,sha256-XWTgaBvB4/SONL44afvprZwJUVrkoda5XLGNxad0kec=,https://github.com/beancount/beancount/archive/refs/tags/3.2.0.tar.gz
bee,bee,2.7.0,fetchFromGitHub,https://github.com/ethersphere/bee,ethersphere,bee,v2.7.0,tag,sha256-SteqSo2mfb3Mr5Zn1fZauhQbQ8iE3VgoDfLVj/IDhvs=,https://github.com/ethersphere/bee/archive/v2.7.0.tar.gz
berry,berry,0.1.13,fetchFromGitHub,https://github.com/JLErvin/berry,JLErvin,berry,0.1.13,tag,sha256-BMK5kZVoYTUA7AFZc/IVv4rpbn893b/QYXySuPAz2Z8=,https://github.com/JLErvin/berry/archive/0.1.13.tar.gz
biber-for-tectonic,biber,2.17,fetchFromGitHub,https://github.com/plk/biber,plk,biber,v2.17,tag,sha256-Tt2sN2b2NGxcWyZDj5uXNGC8phJwFRiyH72n3yhFCi0=,https://github.com/plk/biber/archive/v2.17.tar.gz
binaryen,binaryen,125,fetchFromGitHub,https://github.com/WebAssembly/binaryen,WebAssembly,binaryen,version_125,tag,sha256-QG8ZhvjcTbhIfYkVfrjxd97v9KaG/A8jO69rPg99/ME=,https://github.com/WebAssembly/binaryen/archive/version_125.tar.gz
bitrise,bitrise,2.39.1,fetchFromGitHub,https://github.com/bitrise-io/bitrise,bitrise-io,bitrise,v2.39.1,tag,sha256-/jD4FZTeT+RgNEJZqNZaSIsL1lSECdE6/fNyg1DJDYE=,https://github.com/bitrise-io/bitrise/archive/v2.39.1.tar.gz
bitwuzla,bitwuzla,0.8.2,fetchFromGitHub,https://github.com/bitwuzla/bitwuzla,bitwuzla,bitwuzla,refs/tags/0.8.2,tag,sha256-v5r+BWXUUbKtkos6qmGMC9MMytS/h759SHY6lsTHU1k=,https://github.com/bitwuzla/bitwuzla/archive/refs/tags/0.8.2.tar.gz
blasfeo,blasfeo,0.1.4.2,fetchFromGitHub,https://github.com/giaf/blasfeo,giaf,blasfeo,0.1.4.2,tag,sha256-p1pxqJ38h6RKXMg1t+2RHlfmRKPuM18pbUarUx/w9lw=,https://github.com/giaf/blasfeo/archive/0.1.4.2.tar.gz
blink-qt,blink-qt,6.0.4,fetchFromGitHub,https://github.com/AGProjects/blink-qt,AGProjects,blink-qt,refs/tags/6.0.4,tag,sha256-QESg9yo5oddYqSKuFLSMI2Oju3FCq97+j0uJDK85Yy8=,https://github.com/AGProjects/blink-qt/archive/refs/tags/6.0.4.tar.gz
blockdiag,blockdiag,3.0.0,fetchFromGitHub,https://github.com/blockdiag/blockdiag,blockdiag,blockdiag,refs/tags/3.0.0,tag,sha256-j8FoNUIJJOaahaol1MRPyY2jcPCEIlaAD4bmM2QKFFI=,https://github.com/blockdiag/blockdiag/archive/refs/tags/3.0.0.tar.gz
bolt_19,bolt,19.1.7,fetchFromGitHub,https://github.com/llvm/llvm-project,llvm,llvm-project,llvmorg-19.1.7,tag,,https://github.com/llvm/llvm-project/archive/llvmorg-19.1.7.tar.gz
bolt_20,bolt,20.1.8,fetchFromGitHub,https://github.com/llvm/llvm-project,llvm,llvm-project,llvmorg-20.1.8,tag,,https://github.com/llvm/llvm-project/archive/llvmorg-20.1.8.tar.gz
bolt_21,bolt,21.1.8,fetchFromGitHub,https://github.com/llvm/llvm-project,llvm,llvm-project,llvmorg-21.1.8,tag,,https://github.com/llvm/llvm-project/archive/llvmorg-21.1.8.tar.gz
bolt_22,bolt,22.1.0-rc3,fetchFromGitHub,https://github.com/llvm/llvm-project,llvm,llvm-project,llvmorg-22.1.0-rc3,tag,,https://github.com/llvm/llvm-project/archive/llvmorg-22.1.0-rc3.tar.gz
boofuzz,boofuzz,0.4.2,fetchFromGitHub,https://github.com/jtpereyda/boofuzz,jtpereyda,boofuzz,refs/tags/v0.4.2,tag,sha256-ffZVFmfDAJ+Qn3hbeHY/CvYgpDLxB+jaYOiYyZqZ7mo=,https://github.com/jtpereyda/boofuzz/archive/refs/tags/v0.4.2.tar.gz
boogie,Boogie,3.5.6,fetchFromGitHub,https://github.com/boogie-org/boogie,boogie-org,boogie,refs/tags/v3.5.6,tag,sha256-rJJXUeUbvJLrqVPY5uHnhoZN4aMJFGkwJ+zOsID7wYs=,https://github.com/boogie-org/boogie/archive/refs/tags/v3.5.6.tar.gz
bootiso,bootiso,4.2.0,fetchFromGitHub,https://github.com/jsamr/bootiso,jsamr,bootiso,v4.2.0,tag,1l09d543b73r0wbpsj5m6kski8nq48lbraq1myxhidkgl3mm3d5i,https://github.com/jsamr/bootiso/archive/v4.2.0.tar.gz
borgbackup,borgbackup,1.4.3,fetchFromGitHub,https://github.com/borgbackup/borg,borgbackup,borg,refs/tags/1.4.3,tag,sha256-v42Mv2wz34w2VYu2mPT/K7VtGSYsUDr+NUM99AzpSB0=,https://github.com/borgbackup/borg/archive/refs/tags/1.4.3.tar.gz
bosh-cli,bosh-cli,7.9.18,fetchFromGitHub,https://github.com/cloudfoundry/bosh-cli,cloudfoundry,bosh-cli,v7.9.18,tag,sha256-8bB1wOs4Ef6nR0d5Z6cmby6AiYSO90uBF6Hw6Q1UiWY=,https://github.com/cloudfoundry/bosh-cli/archive/v7.9.18.tar.gz
bottom,bottom,0.12.3,fetchFromGitHub,https://github.com/ClementTsang/bottom,ClementTsang,bottom,refs/tags/0.12.3,tag,sha256-arbVp0UjapM8SQ99XQCP7c+iGInyuxxx6LMEONRVl6o=,https://github.com/ClementTsang/bottom/archive/refs/tags/0.12.3.tar.gz
boxes,boxes,2.3.1,fetchFromGitHub,https://github.com/ascii-boxes/boxes,ascii-boxes,boxes,v2.3.1,tag,sha256-dvhb5KWBQt7g4n0ZTQMcJQljIfavV3g8i+P3PWB6Gwk=,https://github.com/ascii-boxes/boxes/archive/v2.3.1.tar.gz
breezy,breezy,3.3.21,fetchFromGitHub,https://github.com/breezy-team/breezy,breezy-team,breezy,refs/tags/brz-3.3.21,tag,sha256-S8YHFEWiSnkBFO75jMuEcvVZSnoV9SGCH/Ueodq2zow=,https://github.com/breezy-team/breezy/archive/refs/tags/brz-3.3.21.tar.gz
brioche,brioche,0.1.6,fetchFromGitHub,https://github.com/brioche-dev/brioche,brioche-dev,brioche,refs/tags/v0.1.6,tag,sha256-tMVBpFCTxesrkj7Z3huVD86baw1tYAtPdPAzYJzTCnA=,https://github.com/brioche-dev/brioche/archive/refs/tags/v0.1.6.tar.gz
brlcad,brlcad,7.38.2,fetchFromGitHub,https://github.com/BRL-CAD/brlcad,BRL-CAD,brlcad,refs/tags/rel-7-38-2,tag,sha256-23UTeH4gY2x/QGYZ64glAkf6LmsXBAppIOHgoUdxgpo=,https://github.com/BRL-CAD/brlcad/archive/refs/tags/rel-7-38-2.tar.gz
brutespray,brutespray,2.4.1,fetchFromGitHub,https://github.com/x90skysn3k/brutespray,x90skysn3k,brutespray,refs/tags/v2.4.1,tag,sha256-szW4Cvby93aWbdH4I/RbGVvPBuM11sJGLuZA4nP2Cb4=,https://github.com/x90skysn3k/brutespray/archive/refs/tags/v2.4.1.tar.gz
bspwm,bspwm,0.9.12,fetchFromGitHub,https://github.com/baskerville/bspwm,baskerville,bspwm,refs/tags/0.9.12,tag,sha256-sEheWAZgKVDCEipQTtDLNfDSA2oho9zU9gK2d6W6WSU=,https://github.com/baskerville/bspwm/archive/refs/tags/0.9.12.tar.gz
btcd,btcd,0.25.0,fetchFromGitHub,https://github.com/btcsuite/btcd,btcsuite,btcd,v0.25.0,tag,sha256-redoqqbiVdwgNLxDzBccqRBZGwhRTIY5nE9Gx6+4POc=,https://github.com/btcsuite/btcd/archive/v0.25.0.tar.gz
btcpayserver,btcpayserver,2.3.4,fetchFromGitHub,https://github.com/btcpayserver/btcpayserver,btcpayserver,btcpayserver,refs/tags/v2.3.4,tag,sha256-u4VNDKLOb6bEkdhRTmnGxyM+2a6mcdWwV1T4+HFK/14=,https://github.com/btcpayserver/btcpayserver/archive/refs/tags/v2.3.4.tar.gz
btcpayserver-altcoins,btcpayserver,2.3.4,fetchFromGitHub,https://github.com/btcpayserver/btcpayserver,btcpayserver,btcpayserver,refs/tags/v2.3.4,tag,sha256-u4VNDKLOb6bEkdhRTmnGxyM+2a6mcdWwV1T4+HFK/14=,https://github.com/btcpayserver/btcpayserver/archive/refs/tags/v2.3.4.tar.gz
btfs,btfs,3.1,fetchFromGitHub,https://github.com/johang/btfs,johang,btfs,v3.1,tag,sha256-JuofC4TpbZ56qiUrHeoK607YHVbwqwLGMIdUpsTm9Ic=,https://github.com/johang/btfs/archive/v3.1.tar.gz
bucklespring,bucklespring,1.5.1,fetchFromGitHub,https://github.com/zevv/bucklespring,zevv,bucklespring,refs/tags/v1.5.1,tag,0prhqibivxzmz90k79zpwx3c97h8wa61rk5ihi9a5651mnc46mna,https://github.com/zevv/bucklespring/archive/refs/tags/v1.5.1.tar.gz
bucklespring-libinput,bucklespring,1.5.1,fetchFromGitHub,https://github.com/zevv/bucklespring,zevv,bucklespring,refs/tags/v1.5.1,tag,0prhqibivxzmz90k79zpwx3c97h8wa61rk5ihi9a5651mnc46mna,https://github.com/zevv/bucklespring/archive/refs/tags/v1.5.1.tar.gz
bucklespring-x11,bucklespring,1.5.1,fetchFromGitHub,https://github.com/zevv/bucklespring,zevv,bucklespring,refs/tags/v1.5.1,tag,0prhqibivxzmz90k79zpwx3c97h8wa61rk5ihi9a5651mnc46mna,https://github.com/zevv/bucklespring/archive/refs/tags/v1.5.1.tar.gz
buildah-unwrapped,buildah,1.43.0,fetchFromGitHub,https://github.com/containers/buildah,containers,buildah,refs/tags/v1.43.0,tag,sha256-SihJXPnUrOe4TxbbnQOhXoZlbQZfLy0YGMV32CtojV8=,https://github.com/containers/buildah/archive/refs/tags/v1.43.0.tar.gz
buildkit,buildkit,0.27.1,fetchFromGitHub,https://github.com/moby/buildkit,moby,buildkit,v0.27.1,tag,sha256-vMSg5bYFkdWrdjexx/3kwyyingS5gqMcw5/JQ4RxDeU=,https://github.com/moby/buildkit/archive/v0.27.1.tar.gz
buildkite-cli,buildkite-cli,3.13.0,fetchFromGitHub,https://github.com/buildkite/cli,buildkite,cli,v3.13.0,tag,sha256-SX80Hw9iaYvdrprI/Y1lYXTaKeGTkeVIBk2UujB//cs=,https://github.com/buildkite/cli/archive/v3.13.0.tar.gz
buildpack,pack,0.37.0,fetchFromGitHub,https://github.com/buildpacks/pack,buildpacks,pack,refs/tags/v0.37.0,tag,sha256-QCN0UvWa5u9XX5LvY3yD8Xz2s1XzZUg/WXnAfWwZnY0=,https://github.com/buildpacks/pack/archive/refs/tags/v0.37.0.tar.gz
bulk_extractor,bulk_extractor,2.1.1,fetchFromGitHub,https://github.com/simsong/bulk_extractor,simsong,bulk_extractor,refs/tags/v2.1.1,tag,sha256-Jj/amXESFBu/ZaiIRlDKmtWTBVQ2TEvOM2jBYP3y1L8=,
bulky,bulky,4.2,fetchFromGitHub,https://github.com/linuxmint/bulky,linuxmint,bulky,refs/tags/4.2,tag,sha256-rUQ4GN8Pj7dXLbQBt99RmFk4rs+mFL/1taFJiTTVC2A=,https://github.com/linuxmint/bulky/archive/refs/tags/4.2.tar.gz
bump-my-version,bump-my-version,1.2.7,fetchFromGitHub,https://github.com/callowayproject/bump-my-version,callowayproject,bump-my-version,refs/tags/1.2.7,tag,sha256-fqbh1Ul1TzB2/HkTTlGFoUO6/hLNLNykcXjNb6I+Kpc=,https://github.com/callowayproject/bump-my-version/archive/refs/tags/1.2.7.tar.gz
butterfly,butterfly,2.4.4,fetchFromGitHub,https://github.com/LinwoodDev/Butterfly,LinwoodDev,Butterfly,refs/tags/v2.4.4,tag,sha256-fndhtUSawdnR5l0E5pcetBpt841aysncJb9IHoK3UKw=,https://github.com/LinwoodDev/Butterfly/archive/refs/tags/v2.4.4.tar.gz
bws,bws,1.0.0,fetchFromGitHub,https://github.com/bitwarden/sdk,bitwarden,sdk,bws-v1.0.0,tag,sha256-acS4yKppvIBiwBMoa5Ero4G9mUf8OLG/TbrZOolAwuc=,https://github.com/bitwarden/sdk/archive/bws-v1.0.0.tar.gz
c3c,c3c,0.7.10,fetchFromGitHub,https://github.com/c3lang/c3c,c3lang,c3c,refs/tags/v0.7.10,tag,sha256-f4/tWe9pXogRNHLeMgwyK4yeQRWqeL+xPj6cwLWo2oo=,https://github.com/c3lang/c3c/archive/refs/tags/v0.7.10.tar.gz
cadical,cadical,3.0.0,fetchFromGitHub,https://github.com/arminbiere/cadical,arminbiere,cadical,rel-3.0.0,tag,sha256-pymbSC6bwQQ0YCtJd3xWZiC22UEkFiKSLObSOnoQj9I=,https://github.com/arminbiere/cadical/archive/rel-3.0.0.tar.gz
cadical_2,cadical,2.2.1,fetchFromGitHub,https://github.com/arminbiere/cadical,arminbiere,cadical,rel-2.2.1,tag,sha256-dYRaw9DI63Nqz0IJkfQYU4y00KSfq1Xv0xZuL1G15CY=,https://github.com/arminbiere/cadical/archive/rel-2.2.1.tar.gz
caf,actor-framework,1.1.0,fetchFromGitHub,https://github.com/actor-framework/actor-framework,actor-framework,actor-framework,refs/tags/1.1.0,tag,sha256-opQaRMjEgPS78wPSFRIWb5kkxcQMuAb7aAa/93LKqpo=,https://github.com/actor-framework/actor-framework/archive/refs/tags/1.1.0.tar.gz
cagebreak,cagebreak,3.1.0,fetchFromGitHub,https://github.com/project-repo/cagebreak,project-repo,cagebreak,refs/tags/3.1.0,tag,sha256-ADRtfzmn8DmDNbiJO3WbhQZiriJoUAG2TxPmx+RwPXE=,https://github.com/project-repo/cagebreak/archive/refs/tags/3.1.0.tar.gz
calico-apiserver,calico-apiserver,3.31.3,fetchFromGitHub,https://github.com/projectcalico/calico,projectcalico,calico,v3.31.3,tag,sha256-w+dStKYbytNekl3HxBAek8kS+FC5Aeu7OEU4SIFLURY=,https://github.com/projectcalico/calico/archive/v3.31.3.tar.gz
calico-app-policy,calico-app-policy,3.31.3,fetchFromGitHub,https://github.com/projectcalico/calico,projectcalico,calico,v3.31.3,tag,sha256-w+dStKYbytNekl3HxBAek8kS+FC5Aeu7OEU4SIFLURY=,https://github.com/projectcalico/calico/archive/v3.31.3.tar.gz
calico-cni-plugin,calico-cni-plugin,3.31.3,fetchFromGitHub,https://github.com/projectcalico/calico,projectcalico,calico,v3.31.3,tag,sha256-w+dStKYbytNekl3HxBAek8kS+FC5Aeu7OEU4SIFLURY=,https://github.com/projectcalico/calico/archive/v3.31.3.tar.gz
calico-kube-controllers,calico-kube-controllers,3.31.3,fetchFromGitHub,https://github.com/projectcalico/calico,projectcalico,calico,v3.31.3,tag,sha256-w+dStKYbytNekl3HxBAek8kS+FC5Aeu7OEU4SIFLURY=,https://github.com/projectcalico/calico/archive/v3.31.3.tar.gz
calico-pod2daemon,calico-pod2daemon,3.31.3,fetchFromGitHub,https://github.com/projectcalico/calico,projectcalico,calico,v3.31.3,tag,sha256-w+dStKYbytNekl3HxBAek8kS+FC5Aeu7OEU4SIFLURY=,https://github.com/projectcalico/calico/archive/v3.31.3.tar.gz
calico-typha,calico-typha,3.31.3,fetchFromGitHub,https://github.com/projectcalico/calico,projectcalico,calico,v3.31.3,tag,sha256-w+dStKYbytNekl3HxBAek8kS+FC5Aeu7OEU4SIFLURY=,https://github.com/projectcalico/calico/archive/v3.31.3.tar.gz
calicoctl,calicoctl,3.31.3,fetchFromGitHub,https://github.com/projectcalico/calico,projectcalico,calico,v3.31.3,tag,sha256-w+dStKYbytNekl3HxBAek8kS+FC5Aeu7OEU4SIFLURY=,https://github.com/projectcalico/calico/archive/v3.31.3.tar.gz
callaudiod,callaudiod,0.1.10,fetchFromGitLab,https://gitlab.com/mobian1/callaudiod,mobian1,callaudiod,refs/tags/0.1.10,tag,sha256-gc66XrrFyhF1TvrDECBfGQc+MiDtqZPxdCn0S/43XQU=,https://gitlab.com/mobian1/callaudiod/-/archive/refs/tags/0.1.10/callaudiod-refs/tags/0.1.10.tar.gz
candle,candle,1.1.8,fetchFromGitHub,https://github.com/Denvi/Candle,Denvi,Candle,v1.1.8,tag,sha256-A53rHlabcuw/nWS7jsCyVrP3CUkmUI/UMRqpogyFOCM=,https://github.com/Denvi/Candle/archive/v1.1.8.tar.gz
cansina,cansina,0.9,fetchFromGitHub,https://github.com/deibit/cansina,deibit,cansina,refs/tags/0.9,tag,sha256-vDlYJSRBVFtEdE/1bN8PniFYkpggIKMcEakphHmaTos=,https://github.com/deibit/cansina/archive/refs/tags/0.9.tar.gz
caprice32,caprice32,4.6.0,fetchFromGitHub,https://github.com/ColinPitrat/caprice32,ColinPitrat,caprice32,v4.6.0,tag,0hng5krwgc1h9bz1xlkp2hwnvas965nd7sb3z9mb2m6x9ghxlacz,https://github.com/ColinPitrat/caprice32/archive/v4.6.0.tar.gz
caprine,caprine,2.61.0,fetchFromGitHub,https://github.com/sindresorhus/caprine,sindresorhus,caprine,v2.61.0,tag,sha256-hBGsqOqKMHNy2SNw1kHCQq1lPDd2S36L5pdKgD2O8FA=,https://github.com/sindresorhus/caprine/archive/v2.61.0.tar.gz
cargo-crev,cargo-crev,0.26.5,fetchFromGitHub,https://github.com/crev-dev/cargo-crev,crev-dev,cargo-crev,v0.26.5,tag,sha256-P6i2RvosI36rrg52kUcdrb5y4Fg0ms/mH5hcOWNgSik=,https://github.com/crev-dev/cargo-crev/archive/v0.26.5.tar.gz
cargo-deny,cargo-deny,0.19.0,fetchFromGitHub,https://github.com/EmbarkStudios/cargo-deny,EmbarkStudios,cargo-deny,refs/tags/0.19.0,tag,sha256-kDjRP+UXYzsXTrcsPbomtATzDVTSZqXoRXf6qqCGOZw=,https://github.com/EmbarkStudios/cargo-deny/archive/refs/tags/0.19.0.tar.gz
cargo-feature,cargo-feature,0.7.0,fetchFromGitHub,https://github.com/Riey/cargo-feature,Riey,cargo-feature,v0.7.0,tag,sha256-UPpqkz/PwoMaJan9itfldjyTmZmiMb6PzCyu9Vtjj1s=,https://github.com/Riey/cargo-feature/archive/v0.7.0.tar.gz
cargo-modules,cargo-modules,0.25.0,fetchFromGitHub,https://github.com/regexident/cargo-modules,regexident,cargo-modules,refs/tags/v0.25.0,tag,sha256-FghGqRV9KaRPZ7l3t/AB7f1XufOsNdiGFUk8GUwAxtY=,https://github.com/regexident/cargo-modules/archive/refs/tags/v0.25.0.tar.gz
cargo-ndk,cargo-ndk,4.1.2,fetchFromGitHub,https://github.com/bbqsrc/cargo-ndk,bbqsrc,cargo-ndk,v4.1.2,tag,sha256-1LtjBbfrHKgfqcwz40l7d4+d9C4vY/BKI2P2Oshk+a0=,https://github.com/bbqsrc/cargo-ndk/archive/v4.1.2.tar.gz
cargo-tarpaulin,cargo-tarpaulin,0.35.2,fetchFromGitHub,https://github.com/xd009642/tarpaulin,xd009642,tarpaulin,refs/tags/0.35.2,tag,sha256-DI1xkRLW/RAAw41SfsoJqk8D7cGTrTV1jj63Rwe+E4A=,https://github.com/xd009642/tarpaulin/archive/refs/tags/0.35.2.tar.gz
cargo-tauri,tauri,2.9.6,fetchFromGitHub,https://github.com/tauri-apps/tauri,tauri-apps,tauri,refs/tags/tauri-cli-v2.9.6,tag,sha256-VtZxFkxOLMNwl3A/2qoNJ/HXr5FXFKQYw+ri5Yp8eOE=,https://github.com/tauri-apps/tauri/archive/refs/tags/tauri-cli-v2.9.6.tar.gz
cargo-tauri_1,tauri,1.6.6,fetchFromGitHub,https://github.com/tauri-apps/tauri,tauri-apps,tauri,refs/tags/tauri-cli-v1.6.6,tag,sha256-UE/mJ0WdbVT4E1YuUCtu80UB+1WR+KRWs+4Emy3Nclc=,https://github.com/tauri-apps/tauri/archive/refs/tags/tauri-cli-v1.6.6.tar.gz
cargo-valgrind,cargo-valgrind,2.4.0,fetchFromGitHub,https://github.com/jfrimmel/cargo-valgrind,jfrimmel,cargo-valgrind,refs/tags/2.4.0,tag,sha256-sVW3zNe0a9iQQ0vRWJofqG4gwUJ/w0U4ugVyMNtWX98=,https://github.com/jfrimmel/cargo-valgrind/archive/refs/tags/2.4.0.tar.gz
casadi,casadi,3.7.2,fetchFromGitHub,https://github.com/casadi/casadi,casadi,casadi,refs/tags/3.7.2,tag,sha256-I6CYtKVvE67NSYH/JGJFP5wHhm1xACctz7uTwOFFihA=,https://github.com/casadi/casadi/archive/refs/tags/3.7.2.tar.gz
catboost,catboost,1.2.7,fetchFromGitHub,https://github.com/catboost/catboost,catboost,catboost,refs/tags/v1.2.7,tag,sha256-I3geFdVQ1Pm61eRXi+ueaxel3QRb8EJV9f4zV2Q7kk4=,https://github.com/catboost/catboost/archive/refs/tags/v1.2.7.tar.gz
catch2,catch2,2.13.10,fetchFromGitHub,https://github.com/catchorg/Catch2,catchorg,Catch2,v2.13.10,tag,sha256-XnT2ziES94Y4uzWmaxSw7nWegJFQjAqFUG8PkwK5nLU=,https://github.com/catchorg/Catch2/archive/v2.13.10.tar.gz
catch2_3,catch2,3.12.0,fetchFromGitHub,https://github.com/catchorg/Catch2,catchorg,Catch2,refs/tags/v3.12.0,tag,sha256-M1n2jWiA0hNCNqO3zSXRANiaMVCebn7/VU/4FfcjoA8=,https://github.com/catchorg/Catch2/archive/refs/tags/v3.12.0.tar.gz
cbmc,cbmc,6.8.0,fetchFromGitHub,https://github.com/diffblue/cbmc,diffblue,cbmc,refs/tags/cbmc-6.8.0,tag,sha256-PT6AYiwkplCeyMREZnGZA0BKl4ZESRC02/9ibKg7mYU=,https://github.com/diffblue/cbmc/archive/refs/tags/cbmc-6.8.0.tar.gz
ccache,ccache,4.12.3,fetchFromGitHub,https://github.com/ccache/ccache,ccache,ccache,refs/tags/v4.12.3,tag,sha256-oX7qG3jjrLm4gKZd8w7Bc7uE5U5sIa35//PDRJ/XHcM=,https://github.com/ccache/ccache/archive/refs/tags/v4.12.3.tar.gz
ccid,ccid,1.7.0,fetchFromGitHub,https://github.com/LudovicRousseau/CCID,LudovicRousseau,CCID,refs/tags/1.7.0,tag,sha256-6eaznSIQZl1bpIe1F9EtwotF9BjOruJ9g/c2QrTgfUg=,https://github.com/LudovicRousseau/CCID/archive/refs/tags/1.7.0.tar.gz
ccls,ccls,0.20250815.1,fetchFromGitHub,https://github.com/MaskRay/ccls,MaskRay,ccls,refs/tags/0.20250815.1,tag,sha256-3Wi8hsjFtFa0/HCZtli2omOskIlxV7FndbJv9MOWhMo=,https://github.com/MaskRay/ccls/archive/refs/tags/0.20250815.1.tar.gz
cdecl,cdecl,18.5,fetchFromGitHub,https://github.com/paul-j-lucas/cdecl,paul-j-lucas,cdecl,refs/tags/cdecl-18.5,tag,sha256-cC098+W8cbcumBv+3ZFwGYXmens4u0aQSx5Lvw6maYM=,https://github.com/paul-j-lucas/cdecl/archive/refs/tags/cdecl-18.5.tar.gz
cdrdao,cdrdao,1.2.6,fetchFromGitHub,https://github.com/cdrdao/cdrdao,cdrdao,cdrdao,refs/tags/rel_1_2_6,tag,sha256-XEaJsv3c/xPO6jclJBbTopOnYamIOlumD2B+hJZraEE=,https://github.com/cdrdao/cdrdao/archive/refs/tags/rel_1_2_6.tar.gz
celestia,celestia,1.6.4,fetchFromGitHub,https://github.com/CelestiaProject/Celestia,CelestiaProject,Celestia,1.6.4,tag,sha256-MkElGo1ZR0ImW/526QlDE1ePd+VOQxwkX7l+0WyZ6Vs=,https://github.com/CelestiaProject/Celestia/archive/1.6.4.tar.gz
cemu-ti,CEmu,2.0,fetchFromGitHub,https://github.com/CE-Programming/CEmu,CE-Programming,CEmu,v2.0,tag,sha256-fohsIJrvPDMmYHoPbmYQlKLMnj/B3XEBaerZYuqxvd8=,
certgraph,certgraph,0.1.2,fetchFromGitHub,https://github.com/lanrat/certgraph,lanrat,certgraph,refs/tags/v0.1.2,tag,sha256-WlNrKmny4fODnSEkP8HUF+VzMX1/LKYMdSnm7DON8Po=,https://github.com/lanrat/certgraph/archive/refs/tags/v0.1.2.tar.gz
cf-terraforming,cf-terraforming,0.24.0,fetchFromGitHub,https://github.com/cloudflare/cf-terraforming,cloudflare,cf-terraforming,v0.24.0,tag,sha256-jj8bU6n5dpuF9Gg+xh/JXYWODR1C+Q3Lq9oaKJRnm7E=,https://github.com/cloudflare/cf-terraforming/archive/v0.24.0.tar.gz
cfclient,cfclient,2025.2,fetchFromGitHub,https://github.com/bitcraze/crazyflie-clients-python,bitcraze,crazyflie-clients-python,refs/tags/2025.2,tag,sha256-LCGTMLIfGH59KFwQACyuEQTh/zkGgzXd3e6MkFTgKhA=,https://github.com/bitcraze/crazyflie-clients-python/archive/refs/tags/2025.2.tar.gz
cfitsio,cfitsio,4.6.3,fetchFromGitHub,https://github.com/HEASARC/cfitsio,HEASARC,cfitsio,refs/tags/cfitsio-4.6.3,tag,sha256-nKxX3YNRJZpmcP8/0O2pMsYjcH6vzAWMpqaHYO+HoUo=,https://github.com/HEASARC/cfitsio/archive/refs/tags/cfitsio-4.6.3.tar.gz
cfssl,cfssl,1.6.5,fetchFromGitHub,https://github.com/cloudflare/cfssl,cloudflare,cfssl,v1.6.5,tag,sha256-Xczpv6tLJiy2dXoGJ0QUmXwOn0p6S+lm2oz61oytQec=,https://github.com/cloudflare/cfssl/archive/v1.6.5.tar.gz
cglm,cglm,0.9.6,fetchFromGitHub,https://github.com/recp/cglm,recp,cglm,v0.9.6,tag,sha256-caDw9Sqf4hS2JNbNxG/xaFIvO6oIlvT+hZQhdX37BKw=,https://github.com/recp/cglm/archive/v0.9.6.tar.gz
cgreen,cgreen,1.6.4,fetchFromGitHub,https://github.com/cgreen-devs/cgreen,cgreen-devs,cgreen,1.6.4,tag,sha256-W4MdB3acZcxavjRupJa4eXAv9g4QgYXFAQWOLoHrQZ8=,https://github.com/cgreen-devs/cgreen/archive/1.6.4.tar.gz
changelog-d,changelog-d,1.0.2,fetchFromForgejo,https://codeberg.org/fgaz/changelog-d,fgaz,changelog-d,v1.0.2,tag,sha256-nPvuAkcFfK/NKXNBv8D2ePnB88WnjvmAIbzQHVvEXtk=,https://codeberg.org/fgaz/changelog-d/archive/v1.0.2.tar.gz
charliecloud,charliecloud,0.38,fetchFromGitHub,https://github.com/hpc/charliecloud,hpc,charliecloud,refs/tags/v0.38,tag,sha256-Mr2Qa1PRTarJ0I8nkH/Xsq8QN3OxOfL8tpl1lL1WV0c=,https://github.com/hpc/charliecloud/archive/refs/tags/v0.38.tar.gz
charls,charls,2.4.2,fetchFromGitHub,https://github.com/team-charls/charls,team-charls,charls,refs/tags/2.4.2,tag,sha256-c1wrk6JLcAH7TFPwjARlggaKXrAsLWyUQF/3WHlqoqg=,https://github.com/team-charls/charls/archive/refs/tags/2.4.2.tar.gz
chatterino2,chatterino2,2.5.4,fetchFromGitHub,https://github.com/Chatterino/chatterino2,Chatterino,chatterino2,refs/tags/v2.5.4,tag,sha256-eozT3Lfra4i+q3pCxH0Z1v/3Y/FB5yJc/88tA90hTzI=,
checkmate,checkmate,0.9.3,fetchFromGitHub,https://github.com/adedayo/checkmate,adedayo,checkmate,v0.9.3,tag,sha256-XzzN4oIG6E4NsMGl4HzFlgAGhkRieRn+jyA0bT8fcrg=,https://github.com/adedayo/checkmate/archive/v0.9.3.tar.gz
checkov,checkov,3.2.506,fetchFromGitHub,https://github.com/bridgecrewio/checkov,bridgecrewio,checkov,refs/tags/3.2.506,tag,sha256-E2WkVgFx7qAzmpaUOamYcBc5uAlvlnkc/NyhT569vgc=,https://github.com/bridgecrewio/checkov/archive/refs/tags/3.2.506.tar.gz
checkstyle,checkstyle,13.2.0,fetchFromGitHub,https://github.com/checkstyle/checkstyle,checkstyle,checkstyle,refs/tags/checkstyle-13.2.0,tag,sha256-f9jJK9zp7sm8VEn30qQA73+ynARJWY3BxbSMEppEDlk=,https://github.com/checkstyle/checkstyle/archive/refs/tags/checkstyle-13.2.0.tar.gz
cherry-studio,cherry-studio,1.7.9,fetchFromGitHub,https://github.com/CherryHQ/cherry-studio,CherryHQ,cherry-studio,refs/tags/v1.7.9,tag,sha256-q/heW5o2IWFjsDed/SaMv5Xfm5kAP14RD1hALkipu+Q=,https://github.com/CherryHQ/cherry-studio/archive/refs/tags/v1.7.9.tar.gz
chglog,chglog,0.7.4,fetchFromGitHub,https://github.com/goreleaser/chglog,goreleaser,chglog,refs/tags/v0.7.4,tag,sha256-gDTZFUaaAnv/eJ9ZoygUNvfJE8PJc5vcGhd+Qown0SY=,https://github.com/goreleaser/chglog/archive/refs/tags/v0.7.4.tar.gz
chiaki-ng,chiaki-ng,1.9.9,fetchFromGitHub,https://github.com/streetpea/chiaki-ng,streetpea,chiaki-ng,refs/tags/v1.9.9,tag,sha256-7pDQnlElnBkW+Nr6R+NaylZbsGH8dB31nd7jxYD66yQ=,
chipsec,chipsec,1.13.20,fetchFromGitHub,https://github.com/chipsec/chipsec,chipsec,chipsec,refs/tags/1.13.20,tag,sha256-TSw/1NdPGefWXRMleXTeLWDgRw/m+luIQ0lF8UlgfLs=,https://github.com/chipsec/chipsec/archive/refs/tags/1.13.20.tar.gz
chuck,chuck,1.5.5.6,fetchFromGitHub,https://github.com/ccrma/chuck,ccrma,chuck,refs/tags/chuck-1.5.5.6,tag,sha256-KBmMpycNCjRZJPdRR3HG5nqHQhhVOENciRpiQ7buyok=,https://github.com/ccrma/chuck/archive/refs/tags/chuck-1.5.5.6.tar.gz
cinnamon,cinnamon,6.6.7,fetchFromGitHub,https://github.com/linuxmint/cinnamon,linuxmint,cinnamon,refs/tags/6.6.7,tag,sha256-UP/8FIgTCdQrE+kvG0nLo+oqYo8x/lm3RPKOXnTFJaE=,https://github.com/linuxmint/cinnamon/archive/refs/tags/6.6.7.tar.gz
cinnamon-common,cinnamon,6.6.7,fetchFromGitHub,https://github.com/linuxmint/cinnamon,linuxmint,cinnamon,refs/tags/6.6.7,tag,sha256-UP/8FIgTCdQrE+kvG0nLo+oqYo8x/lm3RPKOXnTFJaE=,https://github.com/linuxmint/cinnamon/archive/refs/tags/6.6.7.tar.gz
cinnamon-control-center,cinnamon-control-center,6.6.0,fetchFromGitHub,https://github.com/linuxmint/cinnamon-control-center,linuxmint,cinnamon-control-center,refs/tags/6.6.0,tag,sha256-TjTwtTFbiC4A4qe9TIyZJtGrSymujhEgM8SpZQ92RZA=,https://github.com/linuxmint/cinnamon-control-center/archive/refs/tags/6.6.0.tar.gz
cinnamon-desktop,cinnamon-desktop,6.6.2,fetchFromGitHub,https://github.com/linuxmint/cinnamon-desktop,linuxmint,cinnamon-desktop,refs/tags/6.6.2,tag,sha256-AcUJ9anKuvUAJKaQVHbkYShmrlSHG35gV/NIkPgJojk=,https://github.com/linuxmint/cinnamon-desktop/archive/refs/tags/6.6.2.tar.gz
cinnamon-menus,cinnamon-menus,6.6.0,fetchFromGitHub,https://github.com/linuxmint/cinnamon-menus,linuxmint,cinnamon-menus,refs/tags/6.6.0,tag,sha256-vjgWPFNmRkJWynimvBuxCxLK5C7tQxqJ5Y4dkZXSDSA=,https://github.com/linuxmint/cinnamon-menus/archive/refs/tags/6.6.0.tar.gz
cinnamon-screensaver,cinnamon-screensaver,6.6.1,fetchFromGitHub,https://github.com/linuxmint/cinnamon-screensaver,linuxmint,cinnamon-screensaver,refs/tags/6.6.1,tag,sha256-NK33cIrcTicLs59eJ550FghjuWS93yD642ObAS55Dtk=,https://github.com/linuxmint/cinnamon-screensaver/archive/refs/tags/6.6.1.tar.gz
cinnamon-session,cinnamon-session,6.6.3,fetchFromGitHub,https://github.com/linuxmint/cinnamon-session,linuxmint,cinnamon-session,refs/tags/6.6.3,tag,sha256-fmeLywpM4QhgyiX68E+4vosUK2WKGVJ1Cx8pYdOnb+k=,https://github.com/linuxmint/cinnamon-session/archive/refs/tags/6.6.3.tar.gz
cinnamon-settings-daemon,cinnamon-settings-daemon,6.6.3,fetchFromGitHub,https://github.com/linuxmint/cinnamon-settings-daemon,linuxmint,cinnamon-settings-daemon,refs/tags/6.6.3,tag,sha256-sa3DYH4/yRycHyrAG8IfCCpHhFNKwq8yOgLoKHprGfk=,https://github.com/linuxmint/cinnamon-settings-daemon/archive/refs/tags/6.6.3.tar.gz
cinnamon-translations,cinnamon-translations,6.6.2,fetchFromGitHub,https://github.com/linuxmint/cinnamon-translations,linuxmint,cinnamon-translations,refs/tags/6.6.2,tag,sha256-DHwW9YrQFNtTvY4/QMBVLQ2idyuknacZvoMIMiHFsU4=,https://github.com/linuxmint/cinnamon-translations/archive/refs/tags/6.6.2.tar.gz
circleci-cli,circleci-cli,0.1.34592,fetchFromGitHub,https://github.com/CircleCI-Public/circleci-cli,CircleCI-Public,circleci-cli,v0.1.34592,tag,sha256-yvR38Tyju26D0EdH7s1yioGr32l8d3VfHgC7lY2OmF4=,https://github.com/CircleCI-Public/circleci-cli/archive/v0.1.34592.tar.gz
circom,circom,2.2.3,fetchFromGitHub,https://github.com/iden3/circom,iden3,circom,v2.2.3,tag,sha256-om9rLaQAimbBQx3kl+OlRpewqYcEEu0MiudaFfSDI2A=,https://github.com/iden3/circom/archive/v2.2.3.tar.gz
civo,civo,1.4.7,fetchFromGitHub,https://github.com/civo/cli,civo,cli,v1.4.7,tag,sha256-eR/L0AkeMgtbtaV+jIhbyGN1tUYrpnIWDeKD0p9BP1Y=,https://github.com/civo/cli/archive/v1.4.7.tar.gz
cjs,cjs,128.1,fetchFromGitHub,https://github.com/linuxmint/cjs,linuxmint,cjs,refs/tags/128.1,tag,sha256-YJwzFKEOnwBTJUPagXk1PCYmQqVqr7Zu7aVaJCPgirU=,https://github.com/linuxmint/cjs/archive/refs/tags/128.1.tar.gz
clang-analyzer,clang-analyzer,21.1.8,fetchFromGitHub,https://github.com/llvm/llvm-project,llvm,llvm-project,llvmorg-21.1.8,tag,,https://github.com/llvm/llvm-project/archive/llvmorg-21.1.8.tar.gz
clang-manpages,clang-manpages,21.1.8,fetchFromGitHub,https://github.com/llvm/llvm-project,llvm,llvm-project,llvmorg-21.1.8,tag,,https://github.com/llvm/llvm-project/archive/llvmorg-21.1.8.tar.gz
clash-meta,clash-meta,1.19.20,fetchFromGitHub,https://github.com/MetaCubeX/mihomo,MetaCubeX,mihomo,v1.19.20,tag,sha256-w1W8zClaiHA0EdAm4sf8Va11pxjXFFwmnSUyb7UWd74=,https://github.com/MetaCubeX/mihomo/archive/v1.19.20.tar.gz
clash-verge-rev,clash-verge-rev,2.4.6,fetchFromGitHub,https://github.com/clash-verge-rev/clash-verge-rev,clash-verge-rev,clash-verge-rev,refs/tags/v2.4.6,tag,sha256-s/dUy9vYxdUlAahVPkoOHjoF+WCl3xhJOubZtS1PB5o=,https://github.com/clash-verge-rev/clash-verge-rev/archive/refs/tags/v2.4.6.tar.gz
classicube,ClassiCube,1.3.7,fetchFromGitHub,https://github.com/UnknownShadow200/ClassiCube,UnknownShadow200,ClassiCube,1.3.7,tag,sha256-ZITyfxkQB4Jpm2ZsQyM+ouPLqCVmGB7UZRXDSU/BX0k=,https://github.com/UnknownShadow200/ClassiCube/archive/1.3.7.tar.gz
clickhouse,clickhouse,26.1.3.52-stable,fetchFromGitHub,https://github.com/ClickHouse/ClickHouse,ClickHouse,ClickHouse,refs/tags/v26.1.3.52-stable,tag,sha256-7Ww7vQNjvR65Ycw2jnetyy6s8KkHOylzFey+K2xBLjM=,
clickhouse-backup,clickhouse-backup,2.6.42,fetchFromGitHub,https://github.com/Altinity/clickhouse-backup,Altinity,clickhouse-backup,refs/tags/v2.6.42,tag,sha256-v2SezQwMgDkS+dAhj122P//CaVIwbqdjlLBvkW3Xkh0=,https://github.com/Altinity/clickhouse-backup/archive/refs/tags/v2.6.42.tar.gz
clickhouse-lts,clickhouse,25.8.15.35-lts,fetchFromGitHub,https://github.com/ClickHouse/ClickHouse,ClickHouse,ClickHouse,refs/tags/v25.8.15.35-lts,tag,sha256-zCMqZaw+QO/MAdJhgyrZYvdFPO8o11EXbuGHS5++dZw=,
clingo,clingo,5.8.0,fetchFromGitHub,https://github.com/potassco/clingo,potassco,clingo,refs/tags/v5.8.0,tag,sha256-VhfWGAcrq4aN5Tgz84v7vLOWexsA89vRaang58SXVyI=,https://github.com/potassco/clingo/archive/refs/tags/v5.8.0.tar.gz
cliphist,cliphist,0.7.0,fetchFromGitHub,https://github.com/sentriz/cliphist,sentriz,cliphist,refs/tags/v0.7.0,tag,sha256-y4FSl/Bj80XqCR0ZwjGEkqYUIF6zJHrYyy01XPFlzjU=,https://github.com/sentriz/cliphist/archive/refs/tags/v0.7.0.tar.gz
clipmenu,clipmenu,6.2.0,fetchFromGitHub,https://github.com/cdown/clipmenu,cdown,clipmenu,6.2.0,tag,sha256-nvctEwyho6kl4+NXi76jT2kG7nchmI2a7mgxlgjXA5A=,https://github.com/cdown/clipmenu/archive/6.2.0.tar.gz
cloud-custodian,cloud-custodian,0.9.38.0,fetchFromGitHub,https://github.com/cloud-custodian/cloud-custodian,cloud-custodian,cloud-custodian,refs/tags/0.9.38.0,tag,sha256-jGWPwHiETS4+hk9euLLxs0PBb7mxz2PHCbYYlFfLQUw=,https://github.com/cloud-custodian/cloud-custodian/archive/refs/tags/0.9.38.0.tar.gz
cloud-init,cloud-init,25.2,fetchFromGitHub,https://github.com/canonical/cloud-init,canonical,cloud-init,refs/tags/25.2,tag,sha256-Ww76dhfoGrIbxPiXHxDjpgPsinmfrs42NnGmzhBeGC0=,https://github.com/canonical/cloud-init/archive/refs/tags/25.2.tar.gz
cloudfoundry-cli,cloudfoundry-cli,8.17.1,fetchFromGitHub,https://github.com/cloudfoundry/cli,cloudfoundry,cli,v8.17.1,tag,sha256-VtTXdgaAKzlhPhyNuM1KJ834O2FnPLzB0Zn9VKT9N5Q=,https://github.com/cloudfoundry/cli/archive/v8.17.1.tar.gz
cloudlog,cloudlog,2.8.8,fetchFromGitHub,https://github.com/magicbug/Cloudlog,magicbug,Cloudlog,2.8.8,tag,sha256-Mr5418UTU44glFSvo1abKcjHQJRMQCgHcWsh/Kabr9Y=,https://github.com/magicbug/Cloudlog/archive/2.8.8.tar.gz
cloudmonkey,cloudmonkey,6.5.0,fetchFromGitHub,https://github.com/apache/cloudstack-cloudmonkey,apache,cloudstack-cloudmonkey,6.5.0,tag,sha256-CdqKaKUVqeAujrWh7u0npZ6ON/nmL/8uIBIljAPPUv0=,https://github.com/apache/cloudstack-cloudmonkey/archive/6.5.0.tar.gz
cloudsmith-cli,cloudsmith-cli,1.9.4,fetchFromGitHub,https://github.com/cloudsmith-io/cloudsmith-cli,cloudsmith-io,cloudsmith-cli,refs/tags/v1.9.4,tag,sha256-VfP7Bu8+F1bHiwceI9s+vHq76wEkG6+hJZe5jZgVm90=,https://github.com/cloudsmith-io/cloudsmith-cli/archive/refs/tags/v1.9.4.tar.gz
clusterlint,clusterlint,0.14.0,fetchFromGitHub,https://github.com/digitalocean/clusterlint,digitalocean,clusterlint,refs/tags/v0.14.0,tag,sha256-iOd0mjVJDtALxdsmG6+ruJ8CxoNe17D9grkjRW+N34A=,https://github.com/digitalocean/clusterlint/archive/refs/tags/v0.14.0.tar.gz
cmst,cmst,2023.03.14,fetchFromGitHub,https://github.com/andrew-bibb/cmst,andrew-bibb,cmst,refs/tags/cmst-2023.03.14,tag,sha256-yTqPxywPbtxTy1PPG+Mq64u8MrB27fEdmt1B0pn0BVk=,https://github.com/andrew-bibb/cmst/archive/refs/tags/cmst-2023.03.14.tar.gz
cni-plugins,cni-plugins,1.9.0,fetchFromGitHub,https://github.com/containernetworking/plugins,containernetworking,plugins,v1.9.0,tag,sha256-0ZonR8pV20bBbC2AkNCJhoseDVxNwwMa7coD/ON6clA=,https://github.com/containernetworking/plugins/archive/v1.9.0.tar.gz
coccinelle,coccinelle,1.3.0,fetchFromGitHub,https://github.com/coccinelle/coccinelle,coccinelle,coccinelle,1.3.0,tag,sha256-be95cuFP6bAdpCT0Z9zBAx9cc3gYuuXAmHYaI/bmyTE=,https://github.com/coccinelle/coccinelle/archive/1.3.0.tar.gz
cockatrice,cockatrice,2026-02-22-Release-2.10.3,fetchFromGitHub,https://github.com/Cockatrice/Cockatrice,Cockatrice,Cockatrice,2026-02-22-Release-2.10.3,tag,sha256-GQVdn6vUW0B9vSk7ZvSDqMNhLNe86C+/gE1n6wfQIMw=,https://github.com/Cockatrice/Cockatrice/archive/2026-02-22-Release-2.10.3.tar.gz
cockpit,cockpit,356,fetchFromGitHub,https://github.com/cockpit-project/cockpit,cockpit-project,cockpit,refs/tags/356,tag,sha256-Mmxp/rh+4YQovAUdnNkKnjZXz1kcdnhG2TuBhNSXY+Y=,
codebook,codebook,0.3.31,fetchFromGitHub,https://github.com/blopker/codebook,blopker,codebook,refs/tags/v0.3.31,tag,sha256-pe+u4scmoVgKJupqXejwq1mDpaq5QrTozVcbGfUkXJk=,https://github.com/blopker/codebook/archive/refs/tags/v0.3.31.tar.gz
codec2,codec2,1.2.0,fetchFromGitHub,https://github.com/drowe67/codec2,drowe67,codec2,1.2.0,tag,sha256-69Mp4o3MgV98Fqfai4txv5jQw2WpoPuoWcwHsNAFPQM=,https://github.com/drowe67/codec2/archive/1.2.0.tar.gz
codex,codex,0.92.0,fetchFromGitHub,https://github.com/openai/codex,openai,codex,refs/tags/rust-v0.92.0,tag,sha256-m/g+5wdehyaHDw6i5vik4HXiisY/iWFtPX0gKjCFPNY=,https://github.com/openai/codex/archive/refs/tags/rust-v0.92.0.tar.gz
codipack,codipack,3.1.0,fetchFromGitHub,https://github.com/SciCompKL/CoDiPack,SciCompKL,CoDiPack,refs/tags/v3.1.0,tag,sha256-dHJvCR5IJ7Q/T94XcpbvXuXL41OrCNepqAmDVJ/7m6U=,https://github.com/SciCompKL/CoDiPack/archive/refs/tags/v3.1.0.tar.gz
collabora-online,collabora-online,24.04.17-3,fetchFromGitHub,https://github.com/CollaboraOnline/online,CollaboraOnline,online,refs/tags/cp-24.04.17-3,tag,sha256-KJ5E5jvV0MrWdpU4pU+9Y4ngRJ/kk3lcBntbWdQZFqY=,https://github.com/CollaboraOnline/online/archive/refs/tags/cp-24.04.17-3.tar.gz
collectd,collectd,5.12.0,fetchFromGitHub,https://github.com/collectd/collectd,collectd,collectd,refs/tags/collectd-5.12.0,tag,sha256-UTlCY1GPRpbdQFLFUDjNr1PgEdGv4WNtjr8TYbxHK5A=,https://github.com/collectd/collectd/archive/refs/tags/collectd-5.12.0.tar.gz
collectd-data,collectd-data,5.12.0,fetchFromGitHub,https://github.com/collectd/collectd,collectd,collectd,refs/tags/collectd-5.12.0,tag,sha256-UTlCY1GPRpbdQFLFUDjNr1PgEdGv4WNtjr8TYbxHK5A=,https://github.com/collectd/collectd/archive/refs/tags/collectd-5.12.0.tar.gz
commitizen,commitizen,4.13.8,fetchFromGitHub,https://github.com/commitizen-tools/commitizen,commitizen-tools,commitizen,refs/tags/v4.13.8,tag,sha256-xRje/iCXeUJSmt1qdQ8cOTC8vqJSW8XFIIkplgzMpCo=,https://github.com/commitizen-tools/commitizen/archive/refs/tags/v4.13.8.tar.gz
complete-alias,complete-alias,1.18.0,fetchFromGitHub,https://github.com/cykerway/complete-alias,cykerway,complete-alias,refs/tags/1.18.0,tag,18lmdb3inphxyjv08ing5wckqnjq0m5zfl0f15mqzlvf2ypar63x,https://github.com/cykerway/complete-alias/archive/refs/tags/1.18.0.tar.gz
conan,conan,2.22.2,fetchFromGitHub,https://github.com/conan-io/conan,conan-io,conan,refs/tags/2.22.2,tag,sha256-4OKrAfhHgtAS606P88JFYCjgYYlSAH8RReqFs6N2V5s=,https://github.com/conan-io/conan/archive/refs/tags/2.22.2.tar.gz
conduit,conduit,0.9.5,fetchFromGitHub,https://github.com/LLNL/conduit,LLNL,conduit,refs/tags/v0.9.5,tag,sha256-mX7/5C4wd70Kx1rQyo2BcZMwDRqvxo4fBdz3pq7PuvM=,
confd-calico,confd-calico,3.31.3,fetchFromGitHub,https://github.com/projectcalico/calico,projectcalico,calico,v3.31.3,tag,sha256-w+dStKYbytNekl3HxBAek8kS+FC5Aeu7OEU4SIFLURY=,https://github.com/projectcalico/calico/archive/v3.31.3.tar.gz
console-bridge,console-bridge,1.0.2,fetchFromGitHub,https://github.com/ros/console_bridge,ros,console_bridge,refs/tags/1.0.2,tag,sha256-M3GocT0hodw3Sc2NHcFDiPVZ1XN7BqIUuYLW8OaXMqM=,https://github.com/ros/console_bridge/archive/refs/tags/1.0.2.tar.gz
consul,consul,1.22.1,fetchFromGitHub,https://github.com/hashicorp/consul,hashicorp,consul,refs/tags/v1.22.1,tag,sha256-WlaJtiFlfLpdMATWHPbMneCqKzNcIRJrlf5TlbZgH8U=,https://github.com/hashicorp/consul/archive/refs/tags/v1.22.1.tar.gz
containerd,containerd,2.2.1,fetchFromGitHub,https://github.com/containerd/containerd,containerd,containerd,refs/tags/v2.2.1,tag,sha256-fDOfN0XESrBTDW7Nxj9niqU93BQ5/JaGLwAR3u6Xaik=,https://github.com/containerd/containerd/archive/refs/tags/v2.2.1.tar.gz
convbin,convbin,5.1,fetchFromGitHub,https://github.com/mateoconlechuga/convbin,mateoconlechuga,convbin,refs/tags/v5.1,tag,sha256-k0hwBdjOweFoAE6jzhlRFZsMOVDDpi4R4LHA7SwO3os=,
convertall,convertall,1.0.2,fetchFromGitHub,https://github.com/doug-101/ConvertAll,doug-101,ConvertAll,refs/tags/v1.0.2,tag,sha256-esc2xhL0Jx5SaqM0GnnVzdtnSN9bX8zln66We/2RqoA=,https://github.com/doug-101/ConvertAll/archive/refs/tags/v1.0.2.tar.gz
convimg,convimg,9.4,fetchFromGitHub,https://github.com/mateoconlechuga/convimg,mateoconlechuga,convimg,refs/tags/v9.4,tag,sha256-5insJ391Usef8GF3Yh74PEqE534zitQg9udFRPcz69g=,
cool-retro-term,cool-retro-term,1.2.0,fetchFromGitHub,https://github.com/Swordfish90/cool-retro-term,Swordfish90,cool-retro-term,refs/tags/1.2.0,tag,sha256-PewHLVmo+RTBHIQ/y2FBkgXsIvujYd7u56JdFC10B4c=,https://github.com/Swordfish90/cool-retro-term/archive/refs/tags/1.2.0.tar.gz
copyq,CopyQ,13.0.0,fetchFromGitHub,https://github.com/hluk/CopyQ,hluk,CopyQ,v13.0.0,tag,sha256-wxjUL5mGXAMNVGP+dAh1NrE9tw71cJW9zmLsaCVphTo=,https://github.com/hluk/CopyQ/archive/v13.0.0.tar.gz
coredns,coredns,1.14.1,fetchFromGitHub,https://github.com/coredns/coredns,coredns,coredns,refs/tags/v1.14.1,tag,sha256-WcRX2BCWIQ8e0FYCIAzCdexz+Nl+/kKicQkhEw2AVMs=,https://github.com/coredns/coredns/archive/refs/tags/v1.14.1.tar.gz
coroot,coroot,1.17.9,fetchFromGitHub,https://github.com/coroot/coroot,coroot,coroot,v1.17.9,tag,sha256-hr1t3WaYEOYnj3Cam2NGgiGD49Vr9HBkz4JmOlJxzQQ=,https://github.com/coroot/coroot/archive/v1.17.9.tar.gz
corrosion,corrosion,0.6.1,fetchFromGitHub,https://github.com/corrosion-rs/corrosion,corrosion-rs,corrosion,v0.6.1,tag,sha256-ppuDNObfKhneD9AlnPAvyCRHKW3BidXKglD1j/LE9CM=,https://github.com/corrosion-rs/corrosion/archive/v0.6.1.tar.gz
corrscope,corrscope,0.11.0,fetchFromGitHub,https://github.com/corrscope/corrscope,corrscope,corrscope,refs/tags/0.11.0,tag,sha256-76qa4jOSncK1eDly/uXJzpWWdsEz7Hg3DyFb7rmrQBc=,https://github.com/corrscope/corrscope/archive/refs/tags/0.11.0.tar.gz
cozy,cozy,1.3.0,fetchFromGitHub,https://github.com/geigi/cozy,geigi,cozy,refs/tags/1.3.0,tag,sha256-oMgdz2dny0u1XV13aHu5s8/pcAz8z/SAOf4hbCDsdjw,https://github.com/geigi/cozy/archive/refs/tags/1.3.0.tar.gz
cp2k,cp2k,2025.2,fetchFromGitHub,https://github.com/cp2k/cp2k,cp2k,cp2k,v2025.2,tag,sha256-vfl5rCoFeGtYuZ7LcsVsESjKxFbN5IYDvBSzOqsd64w=,
cpp-utilities,cpp-utilities,5.32.1,fetchFromGitHub,https://github.com/Martchus/cpp-utilities,Martchus,cpp-utilities,v5.32.1,tag,sha256-Yo4NxISuLgHhQdzJqHdpZvLWuI9c9fNr7okZmZogATM=,https://github.com/Martchus/cpp-utilities/archive/v5.32.1.tar.gz
cppad,cppad,20260000.0,fetchFromGitHub,https://github.com/coin-or/CppAD,coin-or,CppAD,refs/tags/20260000.0,tag,sha256-P8FUcW0AjMTqG7TVtdM6/v+ctyNQXJsImC26bpxz/i8=,https://github.com/coin-or/CppAD/archive/refs/tags/20260000.0.tar.gz
cppcheck,cppcheck,2.18.3,fetchFromGitHub,https://github.com/danmar/cppcheck,danmar,cppcheck,refs/tags/2.18.3,tag,sha256-c32dNM1tNN+Nqv5GmKHnAhWx8r9RTcv3FQ/+ROGurkw=,https://github.com/danmar/cppcheck/archive/refs/tags/2.18.3.tar.gz
cpu-x,cpu-x,5.4.0,fetchFromGitHub,https://github.com/TheTumultuousUnicornOfDarkness/CPU-X,TheTumultuousUnicornOfDarkness,CPU-X,refs/tags/v5.4.0,tag,sha256-db7NxoVZgnYb1MZKfiFINx00JqDnf/TvwumBp6qDooQ=,https://github.com/TheTumultuousUnicornOfDarkness/CPU-X/archive/refs/tags/v5.4.0.tar.gz
cpustat,cpustat,0.03.00,fetchFromGitHub,https://github.com/ColinIanKing/cpustat,ColinIanKing,cpustat,refs/tags/V0.03.00,tag,sha256-wvCaMmWKEzanwgDBL2+8qAIIIKfGNi0O2J+SUXOx508=,https://github.com/ColinIanKing/cpustat/archive/refs/tags/V0.03.00.tar.gz
cracklib,cracklib,2.10.3,fetchFromGitHub,https://github.com/cracklib/cracklib,cracklib,cracklib,refs/tags/v2.10.3,tag,sha256-ORpJje4TGw1STtvRiNEwUwSDbLXdS+WgXGlc1Wtf/gw=,https://github.com/cracklib/cracklib/archive/refs/tags/v2.10.3.tar.gz
craftos-pc,craftos-pc,2.8.3,fetchFromGitHub,https://github.com/MCJack123/craftos2,MCJack123,craftos2,v2.8.3,tag,sha256-DbxAsXxpsa42dF6DaLmgIa+Hs/PPqJ4dE97PoKxG2Ig=,https://github.com/MCJack123/craftos2/archive/v2.8.3.tar.gz
cri-o-unwrapped,cri-o,1.35.0,fetchFromGitHub,https://github.com/cri-o/cri-o,cri-o,cri-o,refs/tags/v1.35.0,tag,sha256-aP3qhD2d1x+VPDifkg9lXgVD38UcongyN6vHkn8oYos=,https://github.com/cri-o/cri-o/archive/refs/tags/v1.35.0.tar.gz
croaring,croaring,4.3.1,fetchFromGitHub,https://github.com/RoaringBitmap/CRoaring,RoaringBitmap,CRoaring,refs/tags/v4.3.1,tag,sha256-c4o8AMCtDGLChXxJKJyxkWhuYu7axqLb2ce8IOGk920=,https://github.com/RoaringBitmap/CRoaring/archive/refs/tags/v4.3.1.tar.gz
crush,crush,0.43.2,fetchFromGitHub,https://github.com/charmbracelet/crush,charmbracelet,crush,refs/tags/v0.43.2,tag,sha256-VyV57ASsn2t1zaW7L6o7sVc+H+tHf4AP1HaKgrdXrtk=,https://github.com/charmbracelet/crush/archive/refs/tags/v0.43.2.tar.gz
cryptomator,cryptomator,1.18.1,fetchFromGitHub,https://github.com/cryptomator/cryptomator,cryptomator,cryptomator,refs/tags/1.18.1,tag,sha256-C2pvToxIK8gPzmqcRKYCu4B2FBrOGcH2Uzpjdt3nZZs=,https://github.com/cryptomator/cryptomator/archive/refs/tags/1.18.1.tar.gz
cryptominisat,cryptominisat,5.11.21,fetchFromGitHub,https://github.com/msoos/cryptominisat,msoos,cryptominisat,5.11.21,tag,sha256-8oH9moMjQEWnQXKmKcqmXuXcYkEyvr4hwC1bC4l26mo=,https://github.com/msoos/cryptominisat/archive/5.11.21.tar.gz
crystal,crystal,1.19.1,fetchFromGitHub,https://github.com/crystal-lang/crystal,crystal-lang,crystal,1.19.1,tag,sha256-vMS2GJb6c6RvflDSS2EWHsERJ0rvzZMVm50gaTXRs4Y=,https://github.com/crystal-lang/crystal/archive/1.19.1.tar.gz
crystal_1_14,crystal,1.14.1,fetchFromGitHub,https://github.com/crystal-lang/crystal,crystal-lang,crystal,1.14.1,tag,sha256-cQWK92BfksOW8GmoXn4BmPGJ7CLyLAeKccOffQMh5UU=,https://github.com/crystal-lang/crystal/archive/1.14.1.tar.gz
crystal_1_15,crystal,1.15.1,fetchFromGitHub,https://github.com/crystal-lang/crystal,crystal-lang,crystal,1.15.1,tag,sha256-L/Q8yZdDq/wn4kJ+zpLfi4pxznAtgjxTCbLnEiCC2K0=,https://github.com/crystal-lang/crystal/archive/1.15.1.tar.gz
crystal_1_16,crystal,1.16.3,fetchFromGitHub,https://github.com/crystal-lang/crystal,crystal-lang,crystal,1.16.3,tag,sha256-U9H1tHUMyDNicZnXzEccDki5bGXdV0B2Wu2PyCksPVI=,https://github.com/crystal-lang/crystal/archive/1.16.3.tar.gz
crystal_1_17,crystal,1.17.1,fetchFromGitHub,https://github.com/crystal-lang/crystal,crystal-lang,crystal,1.17.1,tag,sha256-+wHhozPhpIsfQy1Lw+V48zvuWCfXzT4IC9KA1AU/DLw=,https://github.com/crystal-lang/crystal/archive/1.17.1.tar.gz
crystal_1_18,crystal,1.18.2,fetchFromGitHub,https://github.com/crystal-lang/crystal,crystal-lang,crystal,1.18.2,tag,sha256-bwKs9bwD1WfS95DSxVY5AjT5Q61jOsfAH897tmiurng=,https://github.com/crystal-lang/crystal/archive/1.18.2.tar.gz
crystal_1_19,crystal,1.19.1,fetchFromGitHub,https://github.com/crystal-lang/crystal,crystal-lang,crystal,1.19.1,tag,sha256-vMS2GJb6c6RvflDSS2EWHsERJ0rvzZMVm50gaTXRs4Y=,https://github.com/crystal-lang/crystal/archive/1.19.1.tar.gz
csound-qt,csound-qt,7.0.0-beta1,fetchFromGitHub,https://github.com/CsoundQt/CsoundQt,CsoundQt,CsoundQt,refs/tags/v7.0.0-beta1,tag,sha256-R/rGbLVJBjMimne3yDoPJKwrXyRqhfepV3g0Uaj/dbY=,https://github.com/CsoundQt/CsoundQt/archive/refs/tags/v7.0.0-beta1.tar.gz
cspell,cspell,9.7.0,fetchFromGitHub,https://github.com/streetsidesoftware/cspell,streetsidesoftware,cspell,refs/tags/v9.7.0,tag,sha256-WT2MlBtFazi7vC7+2Dx1Y0Z5B3j0tFT6jUajyqhxlDw=,https://github.com/streetsidesoftware/cspell/archive/refs/tags/v9.7.0.tar.gz
cura,cura,4.13.1,fetchFromGitHub,https://github.com/Ultimaker/Cura,Ultimaker,Cura,4.13.1,tag,sha256-R88SdAxx3tkQCDInrFTKad1tPSDTSYaVAPUVmdk94Xk=,https://github.com/Ultimaker/Cura/archive/4.13.1.tar.gz
curaengine,curaengine,4.13.1,fetchFromGitHub,https://github.com/Ultimaker/CuraEngine,Ultimaker,CuraEngine,4.13.1,tag,sha256-dx0Q6cuA66lG4nwR7quW5Tvs9sdxjdV4gtpxXirI4nY=,https://github.com/Ultimaker/CuraEngine/archive/4.13.1.tar.gz
curaengine_stable,curaengine,15.04.6,fetchFromGitHub,https://github.com/Ultimaker/CuraEngine,Ultimaker,CuraEngine,15.04.6,tag,sha256-8V21TRSqCN+hkTlz51d5A5oK5JOwEtx+ROt8cfJBL/0=,https://github.com/Ultimaker/CuraEngine/archive/15.04.6.tar.gz
cvc5,cvc5,1.3.2,fetchFromGitHub,https://github.com/cvc5/cvc5,cvc5,cvc5,refs/tags/cvc5-1.3.2,tag,sha256-Um1x+XgQ5yWSoqtx1ZWbVAnNET2C4GVasIbn0eNfico=,https://github.com/cvc5/cvc5/archive/refs/tags/cvc5-1.3.2.tar.gz
cwebbin,cwebbin,22p,fetchFromGitHub,https://github.com/ascherer/cwebbin,ascherer,cwebbin,2016-05-20-22p,tag,0zf93016hm9i74i2v384rwzcw16y3hg5vc2mibzkx1rzvqa50yfr,https://github.com/ascherer/cwebbin/archive/2016-05-20-22p.tar.gz
cwltool,cwltool,3.1.20251031082601,fetchFromGitHub,https://github.com/common-workflow-language/cwltool,common-workflow-language,cwltool,refs/tags/3.1.20251031082601,tag,sha256-avRNOdL4Ig2cYQWh8SqX/KWfgXyVg0TVfVFrlqzUCLA=,https://github.com/common-workflow-language/cwltool/archive/refs/tags/3.1.20251031082601.tar.gz
cyanrip,cyanrip,0.9.3.1,fetchFromGitHub,https://github.com/cyanreg/cyanrip,cyanreg,cyanrip,v0.9.3.1,tag,sha256-GAPHsYQYJQOBV4ok7omqhiDPKX+VC4Bw3Msb3pd8Zo8=,https://github.com/cyanreg/cyanrip/archive/v0.9.3.1.tar.gz
dafny,Dafny,4.11.0,fetchFromGitHub,https://github.com/dafny-lang/dafny,dafny-lang,dafny,refs/tags/v4.11.0,tag,sha256-oM8dKDZ5FCmKq24taQ6Sr2eTeNAMSq8MY0U1AFvS6D4=,https://github.com/dafny-lang/dafny/archive/refs/tags/v4.11.0.tar.gz
dapper,dapper,0.6.0,fetchFromGitHub,https://github.com/rancher/dapper,rancher,dapper,v0.6.0,tag,sha256-V+lHnOmIWjI1qmoJ7+pp+cGmJAtSeY+r2I9zykswQzM=,https://github.com/rancher/dapper/archive/v0.6.0.tar.gz
dartsim,dartsim,6.15.0,fetchFromGitHub,https://github.com/dartsim/dart,dartsim,dart,refs/tags/v6.15.0,tag,sha256-ik6FwrN5Ta1LinrXpZZc7AmzdFPoLjG07/zo1IZdmgI=,https://github.com/dartsim/dart/archive/refs/tags/v6.15.0.tar.gz
dasm,dasm,2.20.14.1,fetchFromGitHub,https://github.com/dasm-assembler/dasm,dasm-assembler,dasm,2.20.14.1,tag,1bna0bj503xyn5inwzzsrsgi9qg8p20by4dfk7azj91ynw56pl41,https://github.com/dasm-assembler/dasm/archive/2.20.14.1.tar.gz
databricks-cli,databricks-cli,0.290.1,fetchFromGitHub,https://github.com/databricks/cli,databricks,cli,v0.290.1,tag,sha256-KSwgEju6RRFV0B0dbnutZ/xgnBeSnPW6pyIQwBYg8Ew=,https://github.com/databricks/cli/archive/v0.290.1.tar.gz
datadog-agent,datadog-agent,7.75.0,fetchFromGitHub,https://github.com/DataDog/datadog-agent,DataDog,datadog-agent,refs/tags/7.75.0,tag,sha256-oj4LFQiaEeSHcSx0Bar4vU7w/8gi0fgBGSAUjaD4SFc=,https://github.com/DataDog/datadog-agent/archive/refs/tags/7.75.0.tar.gz
datadog-process-agent,datadog-process-agent,7.75.0,fetchFromGitHub,https://github.com/DataDog/datadog-agent,DataDog,datadog-agent,refs/tags/7.75.0,tag,sha256-oj4LFQiaEeSHcSx0Bar4vU7w/8gi0fgBGSAUjaD4SFc=,https://github.com/DataDog/datadog-agent/archive/refs/tags/7.75.0.tar.gz
dcm2niix,dcm2niix,1.0.20250506,fetchFromGitHub,https://github.com/rordenlab/dcm2niix,rordenlab,dcm2niix,refs/tags/v1.0.20250506,tag,sha256-KtUWrm3Nq3khDxpaQ4W57y+h/gPeEMwfzBv4XYkAhoA=,https://github.com/rordenlab/dcm2niix/archive/refs/tags/v1.0.20250506.tar.gz
dcmtk,dcmtk,3.6.9,fetchFromGitHub,https://github.com/DCMTK/dcmtk,DCMTK,dcmtk,refs/tags/DCMTK-3.6.9,tag,sha256-mdI/YqM38WhnCbsylIlmqLLWC5/QR+a8Wn9CNcN7KXU=,https://github.com/DCMTK/dcmtk/archive/refs/tags/DCMTK-3.6.9.tar.gz
dcrd,dcrd,1.8.1,fetchFromGitHub,https://github.com/decred/dcrd,decred,dcrd,refs/tags/release-v1.8.1,tag,sha256-nSocqwXgJhvfbdElddbb1gGxoygmtVtK6DbiSuMxYew=,https://github.com/decred/dcrd/archive/refs/tags/release-v1.8.1.tar.gz
dcrwallet,dcrwallet,2.1.3,fetchFromGitHub,https://github.com/decred/dcrwallet,decred,dcrwallet,release-v2.1.3,tag,sha256-oB+E2NVz4zlLUWBhdmyGq2jfsMLuF2OpPkBn7/daxDw=,https://github.com/decred/dcrwallet/archive/release-v2.1.3.tar.gz
ddh,ddh,0.13.0,fetchFromGitHub,https://github.com/darakian/ddh,darakian,ddh,0.13.0,tag,XFfTpX4c821pcTAJZFUjdqM940fRoBwkJC6KTknXtCw=,https://github.com/darakian/ddh/archive/0.13.0.tar.gz
ddnet,ddnet,19.7,fetchFromGitHub,https://github.com/ddnet/ddnet,ddnet,ddnet,refs/tags/19.7,tag,sha256-HjTkl4KOvQpAlLcUpfn5Ujr4IDfosUY2ueh0ZxE8KAs=,https://github.com/ddnet/ddnet/archive/refs/tags/19.7.tar.gz
ddnet-server,ddnet,19.7,fetchFromGitHub,https://github.com/ddnet/ddnet,ddnet,ddnet,refs/tags/19.7,tag,sha256-HjTkl4KOvQpAlLcUpfn5Ujr4IDfosUY2ueh0ZxE8KAs=,https://github.com/ddnet/ddnet/archive/refs/tags/19.7.tar.gz
ddns-go,ddns-go,6.16.0,fetchFromGitHub,https://github.com/jeessy2/ddns-go,jeessy2,ddns-go,v6.16.0,tag,sha256-BpNdaEk1Cw91i8JTm3Zk6rzS9kcYP006gyLHh34i0O8=,https://github.com/jeessy2/ddns-go/archive/v6.16.0.tar.gz
deeptools,deeptools,3.5.6,fetchFromGitHub,https://github.com/deeptools/deepTools,deeptools,deepTools,refs/tags/3.5.6,tag,sha256-dxXlOvOjF4KSc5YO+1A5hlp95sfeyPSbmp93tihm7Vo=,https://github.com/deeptools/deepTools/archive/refs/tags/3.5.6.tar.gz
deltachat-desktop,deltachat-desktop,2.43.0,fetchFromGitHub,https://github.com/deltachat/deltachat-desktop,deltachat,deltachat-desktop,refs/tags/v2.43.0,tag,sha256-OIRfh0/E0fg0LepWRREmpcLbUKRSdJA+RWO3vkOu6so=,https://github.com/deltachat/deltachat-desktop/archive/refs/tags/v2.43.0.tar.gz
depotdownloader,depotdownloader,3.4.0,fetchFromGitHub,https://github.com/SteamRE/DepotDownloader,SteamRE,DepotDownloader,DepotDownloader_3.4.0,tag,sha256-zduNWIQi+ItNSh9RfRfY0giIw/tMQIMRh9woUzQ5pJw=,https://github.com/SteamRE/DepotDownloader/archive/DepotDownloader_3.4.0.tar.gz
deskflow,deskflow,1.25.0,fetchFromGitHub,https://github.com/deskflow/deskflow,deskflow,deskflow,refs/tags/v1.25.0,tag,sha256-IclKXYCvYHMK4e1z1efmOHUaJqnmZgofK5r6Ml+i5OI=,https://github.com/deskflow/deskflow/archive/refs/tags/v1.25.0.tar.gz
devenv,devenv,1.11.2,fetchFromGitHub,https://github.com/cachix/devenv,cachix,devenv,refs/tags/v1.11.2,tag,sha256-8Ivbm9ltg0hUGQYMuRDOI8hbHUzqB9xKZ9ubKAzzwE8=,https://github.com/cachix/devenv/archive/refs/tags/v1.11.2.tar.gz
devilutionx,devilutionx,1.5.5,fetchFromGitHub,https://github.com/diasurgical/devilutionX,diasurgical,devilutionX,refs/tags/1.5.5,tag,sha256-XfHpKERYZ+VCeWx95568FEEZ4UZg3Z4abA8mG4kHjy0=,https://github.com/diasurgical/devilutionX/archive/refs/tags/1.5.5.tar.gz
dexed,dexed,1.0.1,fetchFromGitHub,https://github.com/asb2m10/dexed,asb2m10,dexed,refs/tags/v1.0.1,tag,sha256-9EbaME3kw2ptCWpaV9CnM0j5HOof264s5iFoOTcjwNg=,
dezoomify-rs,dezoomify-rs,2.15.0,fetchFromGitHub,https://github.com/lovasoa/dezoomify-rs,lovasoa,dezoomify-rs,refs/tags/v2.15.0,tag,sha256-gx/h9i+VPU0AtpQEkN/zCLmeyaW5wSUCfdY52hPwm3Q=,https://github.com/lovasoa/dezoomify-rs/archive/refs/tags/v2.15.0.tar.gz
dfrs,dfrs,0.0.7,fetchFromGitHub,https://github.com/anthraxx/dfrs,anthraxx,dfrs,0.0.7,tag,01h00328kbw83q11yrsvcly69p0hql3kw49b4jx6gwkrdm8c2amk,https://github.com/anthraxx/dfrs/archive/0.0.7.tar.gz
dftd4,dftd4,3.7.0,fetchFromGitHub,https://github.com/dftd4/dftd4,dftd4,dftd4,v3.7.0,tag,sha256-dixPCLH5dWkE2/7ghGEXJmX2/g1DN30dB4jX2d7fmio=,https://github.com/dftd4/dftd4/archive/v3.7.0.tar.gz
dgraph,dgraph,25.2.0,fetchFromGitHub,https://github.com/dgraph-io/dgraph,dgraph-io,dgraph,v25.2.0,tag,sha256-uXH+qg+YmX/C1smgHO4tEWfFM77fAFaov573prV5bH8=,https://github.com/dgraph-io/dgraph/archive/v25.2.0.tar.gz
diffsitter,diffsitter,0.8.4,fetchFromGitHub,https://github.com/afnanenayet/diffsitter,afnanenayet,diffsitter,v0.8.4,tag,sha256-ta7JcSPEgpJwieYvtZnNMFvsYvz4FuxthhmKMYe2XUE=,https://github.com/afnanenayet/diffsitter/archive/v0.8.4.tar.gz
diffuse,diffuse,0.10.0,fetchFromGitHub,https://github.com/MightyCreak/diffuse,MightyCreak,diffuse,v0.10.0,tag,Svt+llBwJKGXRJZ96dzzdzpL/5jrzXXM/FPZwA7Es8s=,https://github.com/MightyCreak/diffuse/archive/v0.10.0.tar.gz
dino,dino,0.5.1,fetchFromGitHub,https://github.com/dino/dino,dino,dino,refs/tags/v0.5.1,tag,sha256-TgXPJP+Xm8LrO2d8yMu6aCCypuBRKNtYuZAb0dYfhng=,https://github.com/dino/dino/archive/refs/tags/v0.5.1.tar.gz
discourse,discourse,2025.12.1,fetchFromGitHub,https://github.com/discourse/discourse,discourse,discourse,v2025.12.1,tag,sha256-1s6ixKLlNd9osdG+qGIpo6kjEv3c/yDfJ6+APj6QQvM=,https://github.com/discourse/discourse/archive/v2025.12.1.tar.gz
discourseAllPlugins,discourse,2025.12.1,fetchFromGitHub,https://github.com/discourse/discourse,discourse,discourse,v2025.12.1,tag,sha256-1s6ixKLlNd9osdG+qGIpo6kjEv3c/yDfJ6+APj6QQvM=,https://github.com/discourse/discourse/archive/v2025.12.1.tar.gz
disko,disko,1.13.0,fetchFromGitHub,https://github.com/nix-community/disko,nix-community,disko,v1.13.0,tag,sha256-CNzzBsRhq7gg4BMBuTDObiWDH/rFYHEuDRVOwCcwXw4=,https://github.com/nix-community/disko/archive/v1.13.0.tar.gz
dissent,dissent,0.0.37,fetchFromGitHub,https://github.com/diamondburned/dissent,diamondburned,dissent,refs/tags/v0.0.37,tag,sha256-xrNWMLZMZiJv08hsnc/aDe8e/aytngHKD/EhFVcF5PU=,https://github.com/diamondburned/dissent/archive/refs/tags/v0.0.37.tar.gz
dnscontrol,dnscontrol,4.35.0,fetchFromGitHub,https://github.com/StackExchange/dnscontrol,StackExchange,dnscontrol,refs/tags/v4.35.0,tag,sha256-txaPNitqRTYIuG4hU6GPcOFKmq6BBzgQDgYxsFRfK3M=,https://github.com/StackExchange/dnscontrol/archive/refs/tags/v4.35.0.tar.gz
dnscrypt-proxy,dnscrypt-proxy,2.1.15,fetchFromGitHub,https://github.com/DNSCrypt/dnscrypt-proxy,DNSCrypt,dnscrypt-proxy,2.1.15,tag,sha256-o6XZR3w1LfyCGOcF6Gzp39neMp5QjbTxQdL8A81AakM=,https://github.com/DNSCrypt/dnscrypt-proxy/archive/2.1.15.tar.gz
dnsproxy,dnsproxy,0.79.0,fetchFromGitHub,https://github.com/AdguardTeam/dnsproxy,AdguardTeam,dnsproxy,refs/tags/v0.79.0,tag,sha256-R/TBsge+Jd11EvDEx3B9FD/bHdi2BQZTpXLNlvEyERk=,https://github.com/AdguardTeam/dnsproxy/archive/refs/tags/v0.79.0.tar.gz
doas,doas,6.8.2,fetchFromGitHub,https://github.com/Duncaen/OpenDoas,Duncaen,OpenDoas,v6.8.2,tag,9uOQ2Ta5HzEpbCz2vbqZEEksPuIjL8lvmfmynfqxMeM=,https://github.com/Duncaen/OpenDoas/archive/v6.8.2.tar.gz
docker-color-output,docker-color-output,3.0.1,fetchFromGitHub,https://github.com/devemio/docker-color-output,devemio,docker-color-output,refs/tags/v3.0.1,tag,sha256-Rpym9YckgJ583zgPpC/mQW1IGgQUppemFhAecgy3M8A=,https://github.com/devemio/docker-color-output/archive/refs/tags/v3.0.1.tar.gz
dolibarr,dolibarr,22.0.4,fetchFromGitHub,https://github.com/Dolibarr/dolibarr,Dolibarr,dolibarr,refs/tags/22.0.4,tag,sha256-jk1sjVZJvFeJtQjxgNRx+WLSDsevMvxUIFCO4JMPEHM=,https://github.com/Dolibarr/dolibarr/archive/refs/tags/22.0.4.tar.gz
dolt,dolt,1.81.2,fetchFromGitHub,https://github.com/dolthub/dolt,dolthub,dolt,refs/tags/v1.81.2,tag,sha256-dL6WJvApRGC8ADFowms81YbJpLbbTyNQfI/RIotgTdc=,https://github.com/dolthub/dolt/archive/refs/tags/v1.81.2.tar.gz
dosbox-staging,dosbox-staging,0.82.2,fetchFromGitHub,https://github.com/dosbox-staging/dosbox-staging,dosbox-staging,dosbox-staging,refs/tags/v0.82.2,tag,sha256-u9W6TfHF+BNeoExcx98kCVJu1BNwWnvjBEg84evMnBw=,https://github.com/dosbox-staging/dosbox-staging/archive/refs/tags/v0.82.2.tar.gz
dq,dq,20251001,fetchFromGitHub,https://github.com/janmojzis/dq,janmojzis,dq,refs/tags/20251001,tag,sha256-+3NGtHx9DI7s3V8aIJkW25apYAoFuLuiQ4TGsr981c8=,https://github.com/janmojzis/dq/archive/refs/tags/20251001.tar.gz
dragonflydb,dragonflydb,1.34.2,fetchFromGitHub,https://github.com/dragonflydb/dragonfly,dragonflydb,dragonfly,refs/tags/v1.34.2,tag,sha256-n70IB32tZDe665hVLrKC0BSSJutmYhtPJvfNa48xaqA=,
drawio,drawio,29.0.3,fetchFromGitHub,https://github.com/jgraph/drawio-desktop,jgraph,drawio-desktop,v29.0.3,tag,sha256-YVkGt096Vy1s/ZjvuWUWVE2eiaI7Wg/YdWSueTsKzEg=,
dreamchess,dreamchess,0.3.0,fetchFromGitHub,https://github.com/dreamchess/dreamchess,dreamchess,dreamchess,0.3.0,tag,sha256-qus/RjwdAl9SuDXfLVKTPImqrvPF3xSDVlbXYLM3JNE=,https://github.com/dreamchess/dreamchess/archive/0.3.0.tar.gz
driftnet,driftnet,1.6.0,fetchFromGitHub,https://github.com/deiv/driftnet,deiv,driftnet,refs/tags/v1.6.0,tag,sha256-f7EPC/n3CyxVOXC6j43Nnwkgu/aDVst8lQpzfgegDsI=,https://github.com/deiv/driftnet/archive/refs/tags/v1.6.0.tar.gz
drone-scp,drone-scp,1.8.0,fetchFromGitHub,https://github.com/appleboy/drone-scp,appleboy,drone-scp,v1.8.0,tag,sha256-qIIPvh+y1xPTXRGqUyCG2BnHQsgFlkbfi46vfM/Zgjg=,https://github.com/appleboy/drone-scp/archive/v1.8.0.tar.gz
dry,dry,0.11.2,fetchFromGitHub,https://github.com/moncho/dry,moncho,dry,v0.11.2,tag,sha256-JGtPX6BrB3q2EQyF6x2A5Wsn5DudOSVt3IxBAjjwlC8=,https://github.com/moncho/dry/archive/v0.11.2.tar.gz
dssat,dssat,4.8.2.12,fetchFromGitHub,https://github.com/DSSAT/dssat-csm-os,DSSAT,dssat-csm-os,refs/tags/v4.8.2.12,tag,sha256-8OaTM7IXFZjlelx5O4O+bVNQj4dIhGzIk2iCfpqI8uA=,https://github.com/DSSAT/dssat-csm-os/archive/refs/tags/v4.8.2.12.tar.gz
dstep,dstep,1.0.4,fetchFromGitHub,https://github.com/jacob-carlborg/dstep,jacob-carlborg,dstep,v1.0.4,tag,sha256-ZFz2+GtBk3StqXo/9x47xrDFdz5XujHR62hj0p3AjcY=,https://github.com/jacob-carlborg/dstep/archive/v1.0.4.tar.gz
dsview,dsview,1.3.2,fetchFromGitHub,https://github.com/DreamSourceLab/DSView,DreamSourceLab,DSView,v1.3.2,tag,sha256-d/TfCuJzAM0WObOiBhgfsTirlvdROrlCm+oL1cqUrIs=,https://github.com/DreamSourceLab/DSView/archive/v1.3.2.tar.gz
duckdb,duckdb,1.4.4,fetchFromGitHub,https://github.com/duckdb/duckdb,duckdb,duckdb,refs/tags/v1.4.4,tag,sha256-h9Mldv29u47DnFOCN28HBHWz8daFGE/Nj1JcnNhhQ5Q=,https://github.com/duckdb/duckdb/archive/refs/tags/v1.4.4.tar.gz
duperemove,duperemove,0.15.2,fetchFromGitHub,https://github.com/markfasheh/duperemove,markfasheh,duperemove,v0.15.2,tag,sha256-Y3HIqq61bLfZi4XR2RtSyuCPmcWrTxeWvqpTh+3hUjc=,https://github.com/markfasheh/duperemove/archive/v0.15.2.tar.gz
dutree,dutree,0.2.18,fetchFromGitHub,https://github.com/nachoparker/dutree,nachoparker,dutree,v0.2.18,tag,17lm8jd07bi499mywg2iq669im34j4x4yhc8a3adxn12f8j0dfg7,https://github.com/nachoparker/dutree/archive/v0.2.18.tar.gz
dvc,dvc,3.66.1,fetchFromGitHub,https://github.com/iterative/dvc,iterative,dvc,refs/tags/3.66.1,tag,sha256-IvO5JEM3P0ggmufrBFv7fUBwoKzNIgWMUnOo31rYJRk=,https://github.com/iterative/dvc/archive/refs/tags/3.66.1.tar.gz
dvc-with-remotes,dvc,3.66.1,fetchFromGitHub,https://github.com/iterative/dvc,iterative,dvc,refs/tags/3.66.1,tag,sha256-IvO5JEM3P0ggmufrBFv7fUBwoKzNIgWMUnOo31rYJRk=,https://github.com/iterative/dvc/archive/refs/tags/3.66.1.tar.gz
dvdisaster,dvdisaster,0.79.10-pl5,fetchFromGitHub,https://github.com/speed47/dvdisaster,speed47,dvdisaster,refs/tags/v0.79.10-pl5,tag,sha256-lWvZDB08lZb87l4oEbrdtc6Me4mWHiW3DFNXYoYR3a0=,https://github.com/speed47/dvdisaster/archive/refs/tags/v0.79.10-pl5.tar.gz
easel,easel,0.49,fetchFromGitHub,https://github.com/EddyRivasLab/easel,EddyRivasLab,easel,refs/tags/easel-0.49,tag,sha256-NSKy7ptNYR0K/VFJNv+5TGWdC1ZM4Y5i/3L+3Coj/sg=,https://github.com/EddyRivasLab/easel/archive/refs/tags/easel-0.49.tar.gz
easypdkprog,easypdkprog,1.3,fetchFromGitHub,https://github.com/free-pdk/easy-pdk-programmer-software,free-pdk,easy-pdk-programmer-software,1.3,tag,0hc3gdmn6l01z63hzzwdhbdyy288gh5v219bsfm8fb1498vpnd6f,https://github.com/free-pdk/easy-pdk-programmer-software/archive/1.3.tar.gz
eb-garamond,eb-garamond,0.016,fetchFromGitHub,https://github.com/georgd/EB-Garamond,georgd,EB-Garamond,refs/tags/v0.016,tag,sha256-ajieKhTeH6yv2qiE2xqnHFoMS65//4ZKiccAlC2PXGQ=,https://github.com/georgd/EB-Garamond/archive/refs/tags/v0.016.tar.gz
ebusd,ebusd,26.1,fetchFromGitHub,https://github.com/john30/ebusd,john30,ebusd,26.1,tag,sha256-CmArhkJfxf8lL6FoHRQKjk/8ObfEy3Xef9DUtOVKRas=,https://github.com/john30/ebusd/archive/26.1.tar.gz
ecspresso,ecspresso,2.7.1,fetchFromGitHub,https://github.com/kayac/ecspresso,kayac,ecspresso,refs/tags/v2.7.1,tag,sha256-YKFaz31Dy4w8QLsNMyjVbbK/984D37snlFbNYeYr8SE=,https://github.com/kayac/ecspresso/archive/refs/tags/v2.7.1.tar.gz
edgetx,edgetx,2.11.3,fetchFromGitHub,https://github.com/EdgeTX/edgetx,EdgeTX,edgetx,refs/tags/v2.11.3,tag,sha256-vlJsfebTWhdh6HDpUEA1QJJSVGMlcL49XFwIx4A9zHs=,
eff,eff,5.1,fetchFromGitHub,https://github.com/matijapretnar/eff,matijapretnar,eff,v5.1,tag,sha256-0U61y41CA0YaoNk9Hsj7j6eb2V6Ku3MAjW9lMEimiC0=,https://github.com/matijapretnar/eff/archive/v5.1.tar.gz
efibooteditor,efibooteditor,1.5.5,fetchFromGitHub,https://github.com/Neverous/efibooteditor,Neverous,efibooteditor,refs/tags/v1.5.5,tag,sha256-OtNZA2K6Kr4IHnTw0i+evHJmBx9oAGKuU90XtUfXKy0=,https://github.com/Neverous/efibooteditor/archive/refs/tags/v1.5.5.tar.gz
egctl,egctl,1.6.4,fetchFromGitHub,https://github.com/envoyproxy/gateway,envoyproxy,gateway,refs/tags/v1.6.4,tag,sha256-zHw/8NyZ6nsPGd2gDtbTLjvlm7CdsX8TvDF1WSbqM4M=,https://github.com/envoyproxy/gateway/archive/refs/tags/v1.6.4.tar.gz
ejabberd,ejabberd,26.02,fetchFromGitHub,https://github.com/processone/ejabberd,processone,ejabberd,refs/tags/26.02,tag,sha256-izP7Rz65Lr4LDOCzZPdDWb3TyXDSTd/8gOPSfovVGM8=,https://github.com/processone/ejabberd/archive/refs/tags/26.02.tar.gz
eksctl,eksctl,0.223.0,fetchFromGitHub,https://github.com/weaveworks/eksctl,weaveworks,eksctl,0.223.0,tag,sha256-AGtKkfEeLwL0mSdObL8fS2wOHgFr/lKahImvj5Ox7qo=,https://github.com/weaveworks/eksctl/archive/0.223.0.tar.gz
electrum-grs,electrum-grs,4.5.4,fetchFromGitHub,https://github.com/Groestlcoin/electrum-grs,Groestlcoin,electrum-grs,refs/tags/v4.5.4,tag,1k078jg3bw4n3kcxy917m30x1skxm679w8hcw8mlxb94ikrjc66h,https://github.com/Groestlcoin/electrum-grs/archive/refs/tags/v4.5.4.tar.gz
element-web,element-web,1.12.10,fetchFromGitHub,https://github.com/element-hq/element-web,element-hq,element-web,v1.12.10,tag,sha256-qc17AK2HvTJi0r03VTH0D2QitdYcGNRObji9cm6XsFU=,https://github.com/element-hq/element-web/archive/v1.12.10.tar.gz
element-web-unwrapped,element-web,1.12.10,fetchFromGitHub,https://github.com/element-hq/element-web,element-hq,element-web,v1.12.10,tag,sha256-qc17AK2HvTJi0r03VTH0D2QitdYcGNRObji9cm6XsFU=,https://github.com/element-hq/element-web/archive/v1.12.10.tar.gz
elementary-xfce-icon-theme,elementary-xfce-icon-theme,0.22,fetchFromGitHub,https://github.com/shimmerproject/elementary-xfce,shimmerproject,elementary-xfce,v0.22,tag,sha256-snNh6883YUmzU1OG8jLf41/0NrEzfwFikyVtX1JeNdw=,https://github.com/shimmerproject/elementary-xfce/archive/v0.22.tar.gz
elements,elements,23.3.2,fetchFromGitHub,https://github.com/ElementsProject/elements,ElementsProject,elements,elements-23.3.2,tag,sha256-NLLM+stYOXcnAjEfXRerjvgMXM8jFSOyZhu/A0ZTnRw=,https://github.com/ElementsProject/elements/archive/elements-23.3.2.tar.gz
elementsd,elementsd,23.3.2,fetchFromGitHub,https://github.com/ElementsProject/elements,ElementsProject,elements,elements-23.3.2,tag,sha256-NLLM+stYOXcnAjEfXRerjvgMXM8jFSOyZhu/A0ZTnRw=,https://github.com/ElementsProject/elements/archive/elements-23.3.2.tar.gz
elixir,elixir,1.18.4,fetchFromGitHub,https://github.com/elixir-lang/elixir,elixir-lang,elixir,v1.18.4,tag,sha256-PwogI+HfRXy5M7Xn/KyDjm5vUquTBoGxliSV0A2AwSA=,https://github.com/elixir-lang/elixir/archive/v1.18.4.tar.gz
elixir_1_15,elixir,1.15.7,fetchFromGitHub,https://github.com/elixir-lang/elixir,elixir-lang,elixir,v1.15.7,tag,sha256-6GfZycylh+sHIuiQk/GQr1pRQRY1uBycSQdsVJ0J13k=,https://github.com/elixir-lang/elixir/archive/v1.15.7.tar.gz
elixir_1_16,elixir,1.16.3,fetchFromGitHub,https://github.com/elixir-lang/elixir,elixir-lang,elixir,v1.16.3,tag,sha256-WUBqoz3aQvBlSG3pTxGBpWySY7I0NUcDajQBgq5xYTU=,https://github.com/elixir-lang/elixir/archive/v1.16.3.tar.gz
elixir_1_17,elixir,1.17.3,fetchFromGitHub,https://github.com/elixir-lang/elixir,elixir-lang,elixir,v1.17.3,tag,sha256-7Qo6y0KAQ9lwD4oH+7wQ4W5i6INHIBDN9IQAAsYzNJw=,https://github.com/elixir-lang/elixir/archive/v1.17.3.tar.gz
elixir_1_18,elixir,1.18.4,fetchFromGitHub,https://github.com/elixir-lang/elixir,elixir-lang,elixir,v1.18.4,tag,sha256-PwogI+HfRXy5M7Xn/KyDjm5vUquTBoGxliSV0A2AwSA=,https://github.com/elixir-lang/elixir/archive/v1.18.4.tar.gz
elixir_1_19,elixir,1.19.5,fetchFromGitHub,https://github.com/elixir-lang/elixir,elixir-lang,elixir,v1.19.5,tag,sha256-ph7zu0F5q+/QZcsVIwpdU1icN84Rn3nIVpnRelpRIMQ=,https://github.com/elixir-lang/elixir/archive/v1.19.5.tar.gz
elvish,elvish,0.21.0,fetchFromGitHub,https://github.com/elves/elvish,elves,elvish,v0.21.0,tag,sha256-+qkr0ziHWs3MVhBoqAxrwwbsQVvmGHRKrlqiujqBKvs=,https://github.com/elves/elvish/archive/v0.21.0.tar.gz
emacsPackages.llvm-mode,llvm-mode,21.1.8,fetchFromGitHub,https://github.com/llvm/llvm-project,llvm,llvm-project,llvmorg-21.1.8,tag,,https://github.com/llvm/llvm-project/archive/llvmorg-21.1.8.tar.gz
ember-cli,ember-cli,5.3.0,fetchFromGitHub,https://github.com/ember-cli/ember-cli,ember-cli,ember-cli,refs/tags/v5.3.0,tag,sha256-xkMsPE+iweIV14m4kE4ytEp4uHMJW6gr+n9oJblr4VQ=,https://github.com/ember-cli/ember-cli/archive/refs/tags/v5.3.0.tar.gz
embree,embree,4.4.0,fetchFromGitHub,https://github.com/embree/embree,embree,embree,refs/tags/v4.4.0,tag,sha256-bHVokEfnTW2cJqx3Zz2x1hIH07WamPAVFY9tiv6nHd0=,https://github.com/embree/embree/archive/refs/tags/v4.4.0.tar.gz
emitter,emitter,3.1,fetchFromGitHub,https://github.com/emitter-io/emitter,emitter-io,emitter,refs/tags/v3.1,tag,sha256-eWBgRG0mLdiJj1TMSAxYPs+8CqLNaFUOW6/ghDn/zKE=,https://github.com/emitter-io/emitter/archive/refs/tags/v3.1.tar.gz
emscripten,emscripten,4.0.23,fetchFromGitHub,https://github.com/emscripten-core/emscripten,emscripten-core,emscripten,4.0.23,tag,sha256-i65AWbKuh2KsnugGKmmpUON20He2kgPR6EzwKKA09nQ=,https://github.com/emscripten-core/emscripten/archive/4.0.23.tar.gz
endless-sky,endless-sky,0.11.0,fetchFromGitHub,https://github.com/endless-sky/endless-sky,endless-sky,endless-sky,refs/tags/v0.11.0,tag,sha256-zeLM3n6pm5FxT+GO3dtJwDFKHs8boUuQBShU/PDCeFA=,https://github.com/endless-sky/endless-sky/archive/refs/tags/v0.11.0.tar.gz
endlines,endlines,1.9.2,fetchFromGitHub,https://github.com/mdolidon/endlines,mdolidon,endlines,1.9.2,tag,sha256-M0IyY/WXR8qv9/qx5G0pG3EKqMoZAP3fJTZ6sSSMMyQ=,https://github.com/mdolidon/endlines/archive/1.9.2.tar.gz
ente-auth,ente-auth,4.4.12,fetchFromGitHub,https://github.com/ente-io/ente,ente-io,ente,refs/tags/auth-v4.4.12,tag,sha256-1GJWGTzErV+wSkeAg3z0u7tBPFrq6hPc0fWniKT8w9M=,https://github.com/ente-io/ente/archive/refs/tags/auth-v4.4.12.tar.gz
ente-cli,ente-cli,0.2.3,fetchFromGitHub,https://github.com/ente-io/ente,ente-io,ente,refs/tags/cli-v0.2.3,tag,sha256-qKMFoNtD5gH0Y+asD0LR5d3mxGpr2qVWXIUzJTSezeI=,https://github.com/ente-io/ente/archive/refs/tags/cli-v0.2.3.tar.gz
ente-web,ente-web-photos,1.3.13,fetchFromGitHub,https://github.com/ente-io/ente,ente-io,ente,refs/tags/photos-v1.3.13,tag,sha256-Bfu4O+kBtXxxVyx2iC/577TPD049ifjg1ItmKN4bx4U=,
entt,entt,3.14.0,fetchFromGitHub,https://github.com/skypjack/entt,skypjack,entt,v3.14.0,tag,sha256-IPAM7fr/tvSOMKWUbXbloNAnlp5t7J0ynSsTMZ2jKYs=,https://github.com/skypjack/entt/archive/v3.14.0.tar.gz
epilys-bb,epilys-bb,0.4.4,fetchFromGitHub,https://github.com/epilys/bb,epilys,bb,v0.4.4,tag,sha256-szeEBiolg2rVD2XZoNrncUYnA8KPhWwhQPYsjuxp904=,https://github.com/epilys/bb/archive/v0.4.4.tar.gz
erlang,erlang,28.3.3,fetchFromGitHub,https://github.com/erlang/otp,erlang,otp,refs/tags/OTP-28.3.3,tag,sha256-UGV1q5TiGK3/t6cXXGWf9pZO2kWxQVpFluTJTibczPk=,https://github.com/erlang/otp/archive/refs/tags/OTP-28.3.3.tar.gz
erlang_26,erlang,26.2.5.17,fetchFromGitHub,https://github.com/erlang/otp,erlang,otp,refs/tags/OTP-26.2.5.17,tag,sha256-UUAC7SCWQlDC869IlJooeCPvIpro4DKnmTk3JxbyJOA=,https://github.com/erlang/otp/archive/refs/tags/OTP-26.2.5.17.tar.gz
erlang_27,erlang,27.3.4.8,fetchFromGitHub,https://github.com/erlang/otp,erlang,otp,refs/tags/OTP-27.3.4.8,tag,sha256-s40YSNhkoacSnLyZxF4tpivw1b9bnq/XHuNz8IvdjQI=,https://github.com/erlang/otp/archive/refs/tags/OTP-27.3.4.8.tar.gz
erlang_28,erlang,28.3.3,fetchFromGitHub,https://github.com/erlang/otp,erlang,otp,refs/tags/OTP-28.3.3,tag,sha256-UGV1q5TiGK3/t6cXXGWf9pZO2kWxQVpFluTJTibczPk=,https://github.com/erlang/otp/archive/refs/tags/OTP-28.3.3.tar.gz
erlang_29,erlang,29.0-rc1,fetchFromGitHub,https://github.com/erlang/otp,erlang,otp,refs/tags/OTP-29.0-rc1,tag,sha256-3AR2NbOT6pUHRCRgVK5IGl1jqPydim50dH0fy46SMX0=,https://github.com/erlang/otp/archive/refs/tags/OTP-29.0-rc1.tar.gz
eslint_d,eslint_d,14.3.0,fetchFromGitHub,https://github.com/mantoni/eslint_d.js,mantoni,eslint_d.js,v14.3.0,tag,sha256-Mu3dSgRIC2L9IImKixJfaUsltlajY0cYdXOSikNQuPo=,https://github.com/mantoni/eslint_d.js/archive/v14.3.0.tar.gz
espanso,espanso,2.3.0,fetchFromGitHub,https://github.com/espanso/espanso,espanso,espanso,refs/tags/v2.3.0,tag,sha256-WvFV+WZxwaGCfMVEbfHrQZS0LtgJElmOtSXK9jEeaDk=,https://github.com/espanso/espanso/archive/refs/tags/v2.3.0.tar.gz
espanso-wayland,espanso,2.3.0,fetchFromGitHub,https://github.com/espanso/espanso,espanso,espanso,refs/tags/v2.3.0,tag,sha256-WvFV+WZxwaGCfMVEbfHrQZS0LtgJElmOtSXK9jEeaDk=,https://github.com/espanso/espanso/archive/refs/tags/v2.3.0.tar.gz
eternity,eternity-engine,4.05.04,fetchFromGitHub,https://github.com/team-eternity/eternity,team-eternity,eternity,refs/tags/4.05.04,tag,sha256-uUQYTI6qDMMtL0Zc82wr3hOPayvAj5kH8CuexAKFE6I=,
etherpad-lite,etherpad-lite,2.6.1,fetchFromGitHub,https://github.com/ether/etherpad-lite,ether,etherpad-lite,refs/tags/v2.6.1,tag,sha256-KzkrJv9eBzzt9PSJGhzC0lxCOfQImSTHcTVlea8HV70=,https://github.com/ether/etherpad-lite/archive/refs/tags/v2.6.1.tar.gz
eventstat,eventstat,0.06.00,fetchFromGitHub,https://github.com/ColinIanKing/eventstat,ColinIanKing,eventstat,V0.06.00,tag,sha256-lCtXILpZn1/laRnsfE5DlQQQKKvfHxOJu87SkpWKeTE=,https://github.com/ColinIanKing/eventstat/archive/V0.06.00.tar.gz
eventstore,EventStore,24.10.6,fetchFromGitHub,https://github.com/EventStore/EventStore,EventStore,EventStore,refs/tags/v24.10.6,tag,sha256-8/sagvMyJ1/onGMuJ28QLWI5M8dBDWyGOcZKUv3PJsQ=,https://github.com/EventStore/EventStore/archive/refs/tags/v24.10.6.tar.gz
evtx,evtx,0.10.0,fetchFromGitHub,https://github.com/omerbenamram/evtx,omerbenamram,evtx,refs/tags/v0.10.0,tag,sha256-v57lo1ggElGJD618ojuADspmhlZAMgmzD5DxEdtp2Ak=,https://github.com/omerbenamram/evtx/archive/refs/tags/v0.10.0.tar.gz
exabgp,exabgp,5.0.1,fetchFromGitHub,https://github.com/Exa-Networks/exabgp,Exa-Networks,exabgp,refs/tags/5.0.1,tag,sha256-UFo92jS/QmwTUEAhxQnbtY9K905jiBrJujfqGIUCUOg=,https://github.com/Exa-Networks/exabgp/archive/refs/tags/5.0.1.tar.gz
exiftool,Image-ExifTool,13.52,fetchFromGitHub,https://github.com/exiftool/exiftool,exiftool,exiftool,refs/tags/13.52,tag,sha256-vsIktUk93fA8lqmphl2xk0Hqgh7VJ08LCP98NnD2o/Q=,https://github.com/exiftool/exiftool/archive/refs/tags/13.52.tar.gz
exo,exo,1.0.68,fetchFromGitHub,https://github.com/exo-explore/exo,exo-explore,exo,refs/tags/v1.0.68,tag,sha256-ryaz68vXS/SjPxGsWxtUSlzZrLBxV1tbBmJVraZu3RI=,https://github.com/exo-explore/exo/archive/refs/tags/v1.0.68.tar.gz
exoscale-cli,exoscale-cli,1.93.0,fetchFromGitHub,https://github.com/exoscale/cli,exoscale,cli,v1.93.0,tag,sha256-8GEho1mlxqggVFwUtvpMGyJKk/E+eFN2FnCQJwK51L0=,https://github.com/exoscale/cli/archive/v1.93.0.tar.gz
exprtk,exprtk,0.0.3,fetchFromGitHub,https://github.com/ArashPartow/exprtk,ArashPartow,exprtk,0.0.3,tag,sha256-A4UzNYZZGgTJOw9G4Jg1wJZhxguFRohNEcwmwUOAX18=,https://github.com/ArashPartow/exprtk/archive/0.0.3.tar.gz
eyed3,eyed3,0.9.9,fetchFromGitHub,https://github.com/nicfit/eyeD3,nicfit,eyeD3,refs/tags/v0.9.9,tag,sha256-Brtxi0B52kvSU12va5X+KNtNV9cyK2TUefyZYZI87JQ=,https://github.com/nicfit/eyeD3/archive/refs/tags/v0.9.9.tar.gz
f2,f2,2.2.2,fetchFromGitHub,https://github.com/ayoisaiah/f2,ayoisaiah,f2,refs/tags/v2.2.2,tag,sha256-Kjq3QTK8FE/UDjy1OAHkzHKuK2EBNHtfDQnFAlyWbYw=,https://github.com/ayoisaiah/f2/archive/refs/tags/v2.2.2.tar.gz
f3d,f3d,3.4.1,fetchFromGitHub,https://github.com/f3d-app/f3d,f3d-app,f3d,refs/tags/v3.4.1,tag,sha256-2Kcy9CF0K9jBfVc944i289jbMQdQWXW+gOiaHHchF6U=,https://github.com/f3d-app/f3d/archive/refs/tags/v3.4.1.tar.gz
f3d_egl,f3d,3.4.1,fetchFromGitHub,https://github.com/f3d-app/f3d,f3d-app,f3d,refs/tags/v3.4.1,tag,sha256-2Kcy9CF0K9jBfVc944i289jbMQdQWXW+gOiaHHchF6U=,https://github.com/f3d-app/f3d/archive/refs/tags/v3.4.1.tar.gz
faas-cli,faas-cli,0.18.1,fetchFromGitHub,https://github.com/openfaas/faas-cli,openfaas,faas-cli,0.18.1,tag,sha256-4YypgdxWbODiFmbSsIx7Prc+YTP1OFvRi3upfBvYTrQ=,https://github.com/openfaas/faas-cli/archive/0.18.1.tar.gz
fabric-ai,fabric-ai,1.4.425,fetchFromGitHub,https://github.com/danielmiessler/fabric,danielmiessler,fabric,refs/tags/v1.4.425,tag,sha256-QYfRO0vjONZ1DqsW+Rnh0KycDTzSs5uetEFEaFY1i4M=,https://github.com/danielmiessler/fabric/archive/refs/tags/v1.4.425.tar.gz
factoriolab,factoriolab,3.18.0,fetchFromGitHub,https://github.com/factoriolab/factoriolab,factoriolab,factoriolab,refs/tags/v3.18.0,tag,sha256-Id0o+Wxt0oNtik3lMHuvdm99HkuPY1XhE5yPCdkR8L4=,https://github.com/factoriolab/factoriolab/archive/refs/tags/v3.18.0.tar.gz
faiss,faiss,1.13.2,fetchFromGitHub,https://github.com/facebookresearch/faiss,facebookresearch,faiss,refs/tags/v1.13.2,tag,sha256-EiqkOkMI65T2kNNMQvjl51GIN4XGzTKpkpQ3ImFa3rs=,https://github.com/facebookresearch/faiss/archive/refs/tags/v1.13.2.tar.gz
faissWithCuda,faiss,1.13.2,fetchFromGitHub,https://github.com/facebookresearch/faiss,facebookresearch,faiss,refs/tags/v1.13.2,tag,sha256-EiqkOkMI65T2kNNMQvjl51GIN4XGzTKpkpQ3ImFa3rs=,https://github.com/facebookresearch/faiss/archive/refs/tags/v1.13.2.tar.gz
faraday-agent-dispatcher,faraday-agent-dispatcher,3.4.2,fetchFromGitHub,https://github.com/infobyte/faraday_agent_dispatcher,infobyte,faraday_agent_dispatcher,refs/tags/3.4.2,tag,sha256-Qr3ZGU4y7f6yHD78ecdv7a6IBFDpT+/4Yez0n/MenN0=,https://github.com/infobyte/faraday_agent_dispatcher/archive/refs/tags/3.4.2.tar.gz
fast-float,fast-float,8.2.3,fetchFromGitHub,https://github.com/fastfloat/fast_float,fastfloat,fast_float,v8.2.3,tag,sha256-cQxIzfVNMG0UPEUw/4GYcRzmfAcBJLcswO+gqQ8t6lw=,https://github.com/fastfloat/fast_float/archive/v8.2.3.tar.gz
fastfetch,fastfetch,2.59.0,fetchFromGitHub,https://github.com/fastfetch-cli/fastfetch,fastfetch-cli,fastfetch,refs/tags/2.59.0,tag,sha256-XnVSVf9dFWJLmMDsXNclWCnMTwigVORXYhcpxTgEWuY=,https://github.com/fastfetch-cli/fastfetch/archive/refs/tags/2.59.0.tar.gz
fastfetchMinimal,fastfetch,2.59.0,fetchFromGitHub,https://github.com/fastfetch-cli/fastfetch,fastfetch-cli,fastfetch,refs/tags/2.59.0,tag,sha256-XnVSVf9dFWJLmMDsXNclWCnMTwigVORXYhcpxTgEWuY=,https://github.com/fastfetch-cli/fastfetch/archive/refs/tags/2.59.0.tar.gz
fbmenugen,fbmenugen,0.87,fetchFromGitHub,https://github.com/trizen/fbmenugen,trizen,fbmenugen,0.87,tag,A0yhoK/cPp3JlNZacgLaDhaU838PpFna7luQKNDvyOg=,https://github.com/trizen/fbmenugen/archive/0.87.tar.gz
fcitx5,fcitx5,5.1.16,fetchFromGitHub,https://github.com/fcitx/fcitx5,fcitx,fcitx5,5.1.16,tag,sha256-aedYDpxYeUXadJnV+u1cQrNGoiW8WZKAgP4eNcvkScI=,https://github.com/fcitx/fcitx5/archive/5.1.16.tar.gz
fd,fd,10.3.0,fetchFromGitHub,https://github.com/sharkdp/fd,sharkdp,fd,v10.3.0,tag,sha256-rUoR8LHtzwGQBwJGEsWpMYKG6HcGKcktcyF7TxTDJs8=,https://github.com/sharkdp/fd/archive/v10.3.0.tar.gz
featherpad,featherpad,1.6.3,fetchFromGitHub,https://github.com/tsujan/FeatherPad,tsujan,FeatherPad,refs/tags/V1.6.3,tag,sha256-h/Opw4PmIEZdIx+gXoXriA0h1YxyImiZJFFPr1KUo/A=,https://github.com/tsujan/FeatherPad/archive/refs/tags/V1.6.3.tar.gz
febio,FEBio,4.8,fetchFromGitHub,https://github.com/febiosoftware/FEBio,febiosoftware,FEBio,v4.8,tag,sha256-x2QYnMMiGd2x2jvBMLBK7zdJv3yzYHkJ6a+0xes6OOk=,https://github.com/febiosoftware/FEBio/archive/v4.8.tar.gz
febio-studio,febio-studio,2.8.1,fetchFromGitHub,https://github.com/febiosoftware/FEBioStudio,febiosoftware,FEBioStudio,v2.8.1,tag,sha256-ynKo7WK529146Tk//PO5tMsqvfKM4nq3fgPXMGjWwIk=,https://github.com/febiosoftware/FEBioStudio/archive/v2.8.1.tar.gz
ffizer,ffizer,2.13.7,fetchFromGitHub,https://github.com/ffizer/ffizer,ffizer,ffizer,2.13.7,tag,sha256-r4jaqjHYDZxftU7J6hGMXW/Oq+8biy9bFoHIOt33ta8=,https://github.com/ffizer/ffizer/archive/2.13.7.tar.gz
fflas-ffpack,fflas-ffpack,2.5.0,fetchFromGitHub,https://github.com/linbox-team/fflas-ffpack,linbox-team,fflas-ffpack,v2.5.0,tag,sha256-Eztc2jUyKRVUiZkYEh+IFHkDuPIy+Gx3ZW/MsuOVaMc=,https://github.com/linbox-team/fflas-ffpack/archive/v2.5.0.tar.gz
fheroes2,fheroes2,1.1.13,fetchFromGitHub,https://github.com/ihhub/fheroes2,ihhub,fheroes2,1.1.13,tag,sha256-ct58Rkc6ORXldINQZVzMuObMl0BMk6QG88oU4tT0WcE=,https://github.com/ihhub/fheroes2/archive/1.1.13.tar.gz
fiano,fiano,1.2.0,fetchFromGitHub,https://github.com/linuxboot/fiano,linuxboot,fiano,v1.2.0,tag,sha256-QX0XMec99YbYWyfRThhwDaNjKstkUEz6wsisBynprmg=,https://github.com/linuxboot/fiano/archive/v1.2.0.tar.gz
filebeat,filebeat,7.17.27,fetchFromGitHub,https://github.com/elastic/beats,elastic,beats,v7.17.27,tag,sha256-TzcKB1hIHe1LNZ59GcvR527yvYqPKNXPIhpWH2vyMTY=,https://github.com/elastic/beats/archive/v7.17.27.tar.gz
filebeat7,filebeat,7.17.27,fetchFromGitHub,https://github.com/elastic/beats,elastic,beats,v7.17.27,tag,sha256-TzcKB1hIHe1LNZ59GcvR527yvYqPKNXPIhpWH2vyMTY=,https://github.com/elastic/beats/archive/v7.17.27.tar.gz
filebeat8,filebeat,8.19.10,fetchFromGitHub,https://github.com/elastic/beats,elastic,beats,refs/tags/v8.19.10,tag,sha256-Ky1oWqQXIjno14ZBfxR1FoXEkSn1kScdQQTyGDRvMTo=,https://github.com/elastic/beats/archive/refs/tags/v8.19.10.tar.gz
finalfusion-utils,finalfusion-utils,0.14.1,fetchFromGitHub,https://github.com/finalfusion/finalfusion-utils,finalfusion,finalfusion-utils,0.14.1,tag,sha256-suzivynlgk4VvDOC2dQR40n5IJHoJ736+ObdrM9dIqE=,https://github.com/finalfusion/finalfusion-utils/archive/0.14.1.tar.gz
firebird,firebird,4.0.6,fetchFromGitHub,https://github.com/FirebirdSQL/firebird,FirebirdSQL,firebird,v4.0.6,tag,sha256-65wfG6huDzvG/tEVllA58OfZqoL4U/ilw5YIDqQywTs=,https://github.com/FirebirdSQL/firebird/archive/v4.0.6.tar.gz
firebird_3,firebird,3.0.13,fetchFromGitHub,https://github.com/FirebirdSQL/firebird,FirebirdSQL,firebird,v3.0.13,tag,sha256-ti3cFfByM2wxOLkAebwtFe25B5W7jOwi3f7MPYo/yUA=,https://github.com/FirebirdSQL/firebird/archive/v3.0.13.tar.gz
firebird_4,firebird,4.0.6,fetchFromGitHub,https://github.com/FirebirdSQL/firebird,FirebirdSQL,firebird,v4.0.6,tag,sha256-65wfG6huDzvG/tEVllA58OfZqoL4U/ilw5YIDqQywTs=,https://github.com/FirebirdSQL/firebird/archive/v4.0.6.tar.gz
firecracker,firecracker,1.14.1,fetchFromGitHub,https://github.com/firecracker-microvm/firecracker,firecracker-microvm,firecracker,v1.14.1,tag,sha256-XMQNIIUo8LP/Ypgf5cGNE379tk4yFJ5ExIJc4+ukv7w=,https://github.com/firecracker-microvm/firecracker/archive/v1.14.1.tar.gz
firejail,firejail,0.9.76,fetchFromGitHub,https://github.com/netblue30/firejail,netblue30,firejail,0.9.76,tag,sha256-0zb5olSuXOHeRj4dqeevubedjqOuDnUEBQaD/vOj2CM=,https://github.com/netblue30/firejail/archive/0.9.76.tar.gz
firezone-gateway,firezone-gateway,1.4.18,fetchFromGitHub,https://github.com/firezone/firezone,firezone,firezone,refs/tags/gateway-1.4.18,tag,sha256-vxOFca6yO9AvgIJwizhaNlOjOvV00+ckQfXIJ17ASq4=,https://github.com/firezone/firezone/archive/refs/tags/gateway-1.4.18.tar.gz
firezone-gui-client,firezone-gui-client,1.5.1,fetchFromGitHub,https://github.com/firezone/firezone,firezone,firezone,refs/tags/gui-client-1.5.1,tag,sha256-KozSy44Opx6cukA0QTXeMpI3fP49iyabFzPLIJckOZ4=,https://github.com/firezone/firezone/archive/refs/tags/gui-client-1.5.1.tar.gz
firezone-headless-client,firezone-headless-client,1.5.5,fetchFromGitHub,https://github.com/firezone/firezone,firezone,firezone,refs/tags/headless-client-1.5.5,tag,sha256-Lo5iUXlpAecglr0uohOdsefeaDQZor2YoF0O99CxvEo=,https://github.com/firezone/firezone/archive/refs/tags/headless-client-1.5.5.tar.gz
fission,fission,1.22.0,fetchFromGitHub,https://github.com/fission/fission,fission,fission,v1.22.0,tag,sha256-5+TyOBHHDhHtAJUtrcWUCRbewGODsut/w3chrmL+dis=,https://github.com/fission/fission/archive/v1.22.0.tar.gz
fittrackee,fittrackee,0.11.2,fetchFromGitHub,https://github.com/SamR1/FitTrackee,SamR1,FitTrackee,refs/tags/v0.11.2,tag,sha256-A9gebHxNCpYUUIm7IjyySojIIyuTxfYCUeUufpUM1iA=,https://github.com/SamR1/FitTrackee/archive/refs/tags/v0.11.2.tar.gz
fladder,fladder,0.10.1,fetchFromGitHub,https://github.com/DonutWare/Fladder,DonutWare,Fladder,refs/tags/v0.10.1,tag,sha256-lmtEgBxCmEYcckhSAXhMPDzNQBluTyW0yjkt6Rr9byA=,https://github.com/DonutWare/Fladder/archive/refs/tags/v0.10.1.tar.gz
flameshot,flameshot,13.3.0,fetchFromGitHub,https://github.com/flameshot-org/flameshot,flameshot-org,flameshot,refs/tags/v13.3.0,tag,sha256-RyoLniRmJRinLUwgmaA4RprYAVHnoPxCP9LyhHfUPe0=,https://github.com/flameshot-org/flameshot/archive/refs/tags/v13.3.0.tar.gz
flang,flang,20.1.8,fetchFromGitHub,https://github.com/llvm/llvm-project,llvm,llvm-project,llvmorg-20.1.8,tag,,https://github.com/llvm/llvm-project/archive/llvmorg-20.1.8.tar.gz
flang_20,flang,20.1.8,fetchFromGitHub,https://github.com/llvm/llvm-project,llvm,llvm-project,llvmorg-20.1.8,tag,,https://github.com/llvm/llvm-project/archive/llvmorg-20.1.8.tar.gz
flang_21,flang,21.1.8,fetchFromGitHub,https://github.com/llvm/llvm-project,llvm,llvm-project,llvmorg-21.1.8,tag,,https://github.com/llvm/llvm-project/archive/llvmorg-21.1.8.tar.gz
flang_22,flang,22.1.0-rc3,fetchFromGitHub,https://github.com/llvm/llvm-project,llvm,llvm-project,llvmorg-22.1.0-rc3,tag,,https://github.com/llvm/llvm-project/archive/llvmorg-22.1.0-rc3.tar.gz
fleet,fleet,4.81.0,fetchFromGitHub,https://github.com/fleetdm/fleet,fleetdm,fleet,refs/tags/fleet-v4.81.0,tag,sha256-LPbMcaQ3YIfh5qwIBB7BwJFgMPurCJudrOzUPm5+VcM=,https://github.com/fleetdm/fleet/archive/refs/tags/fleet-v4.81.0.tar.gz
fleetctl,fleetctl,4.81.0,fetchFromGitHub,https://github.com/fleetdm/fleet,fleetdm,fleet,refs/tags/fleet-v4.81.0,tag,sha256-LPbMcaQ3YIfh5qwIBB7BwJFgMPurCJudrOzUPm5+VcM=,https://github.com/fleetdm/fleet/archive/refs/tags/fleet-v4.81.0.tar.gz
flexcpp,flexc++,2.05.00,fetchFromGitHub,https://github.com/fbb-git/flexcpp,fbb-git,flexcpp,2.05.00,tag,0s25d9jsfsqvm34rwf48cxwz23aq1zja3cqlzfz3z33p29wwazwz,https://github.com/fbb-git/flexcpp/archive/2.05.00.tar.gz
flow,flow,0.299.0,fetchFromGitHub,https://github.com/facebook/flow,facebook,flow,refs/tags/v0.299.0,tag,sha256-ohGqzTI0TW92lsM9fqJv8iRk3SZkKT03Ek+15Lj2RYU=,https://github.com/facebook/flow/archive/refs/tags/v0.299.0.tar.gz
fluent-bit,fluent-bit,4.2.2,fetchFromGitHub,https://github.com/fluent/fluent-bit,fluent,fluent-bit,refs/tags/v4.2.2,tag,sha256-BYaJ76iX969SLxCUMyIRbHnVt5/N+wjMMvsqxFmLqUI=,https://github.com/fluent/fluent-bit/archive/refs/tags/v4.2.2.tar.gz
fluffychat,fluffychat-linux,2.4.1,fetchFromGitHub,https://github.com/krille-chan/fluffychat,krille-chan,fluffychat,refs/tags/v2.4.1,tag,sha256-8Q+A5IZW6RjmnE+ovI7HYPZCi0oOoj9SU7o0VUPXxsM=,https://github.com/krille-chan/fluffychat/archive/refs/tags/v2.4.1.tar.gz
fluffychat-web,fluffychat-web,2.4.1,fetchFromGitHub,https://github.com/krille-chan/fluffychat,krille-chan,fluffychat,refs/tags/v2.4.1,tag,sha256-8Q+A5IZW6RjmnE+ovI7HYPZCi0oOoj9SU7o0VUPXxsM=,https://github.com/krille-chan/fluffychat/archive/refs/tags/v2.4.1.tar.gz
fluida-lv2,fluida-lv2,0.9.5,fetchFromGitHub,https://github.com/brummer10/Fluida.lv2,brummer10,Fluida.lv2,refs/tags/v0.9.5,tag,sha256-5Oud5s81DIc7p/GAJT3i8FHHBh4y9uJqOxfchmX1nE4=,
fly,fly,8.0.2,fetchFromGitHub,https://github.com/concourse/concourse,concourse,concourse,v8.0.2,tag,sha256-8aaXCsTeeufk6J0KwRLau3KL5LvGK/qXkRdUC0D3DSw=,https://github.com/concourse/concourse/archive/v8.0.2.tar.gz
flyctl,flyctl,0.4.15,fetchFromGitHub,https://github.com/superfly/flyctl,superfly,flyctl,v0.4.15,tag,sha256-2xl4dAP+9kTPkhFfXLNw00krB7zC10em1vAULTBKqvQ=,https://github.com/superfly/flyctl/archive/v0.4.15.tar.gz
flying-carpet,flying-carpet,9.0.10,fetchFromGitHub,https://github.com/spieglt/FlyingCarpet,spieglt,FlyingCarpet,refs/tags/v9.0.10,tag,sha256-7yGU4HCuP8/6UC1J6fNA5CpppJGGhS/ywThXRToDTqo=,https://github.com/spieglt/FlyingCarpet/archive/refs/tags/v9.0.10.tar.gz
fnotifystat,fnotifystat,0.03.00,fetchFromGitHub,https://github.com/ColinIanKing/fnotifystat,ColinIanKing,fnotifystat,V0.03.00,tag,sha256-UGww0/m+JMftQyAguc8UpPrtIphjCq9TINabFaAKN0A=,https://github.com/ColinIanKing/fnotifystat/archive/V0.03.00.tar.gz
focus-stack,focus-stack,1.5,fetchFromGitHub,https://github.com/PetteriAimonen/focus-stack,PetteriAimonen,focus-stack,1.5,tag,sha256-hIaK8hjeuu6w/8nh9DHOffqZufQdqB1/VQRezCPQIPk=,https://github.com/PetteriAimonen/focus-stack/archive/1.5.tar.gz
follow,folo,0.6.3,fetchFromGitHub,https://github.com/RSSNext/Folo,RSSNext,Folo,refs/tags/v0.6.3,tag,sha256-huVk5KcsepDwtdWMm9pvn31GE1felbH1pR3mGqlSWRs=,https://github.com/RSSNext/Folo/archive/refs/tags/v0.6.3.tar.gz
folo,folo,0.6.3,fetchFromGitHub,https://github.com/RSSNext/Folo,RSSNext,Folo,refs/tags/v0.6.3,tag,sha256-huVk5KcsepDwtdWMm9pvn31GE1felbH1pR3mGqlSWRs=,https://github.com/RSSNext/Folo/archive/refs/tags/v0.6.3.tar.gz
forge-mtg,forge-mtg,2.0.10,fetchFromGitHub,https://github.com/Card-Forge/forge,Card-Forge,forge,forge-2.0.10,tag,sha256-+HMR5fI5Ho6KyfO/IZab2cZ2N7At4Vz8vKnYXlF9Dvg=,https://github.com/Card-Forge/forge/archive/forge-2.0.10.tar.gz
foundationdb,foundationdb,7.3.68,fetchFromGitHub,https://github.com/apple/foundationdb,apple,foundationdb,refs/tags/7.3.68,tag,sha256-OaV7YyBggeX3vrnI2EYwlWdIGRHOAeP5OZN0Rmd/dnw=,https://github.com/apple/foundationdb/archive/refs/tags/7.3.68.tar.gz
foundry,foundry,1.5.1,fetchFromGitHub,https://github.com/foundry-rs/foundry,foundry-rs,foundry,refs/tags/v1.5.1,tag,sha256-dMYuv5noIn86WuUJkUixnoNGLgByacung/TBU+EYhUw=,https://github.com/foundry-rs/foundry/archive/refs/tags/v1.5.1.tar.gz
fplll,fplll,5.5.0,fetchFromGitHub,https://github.com/fplll/fplll,fplll,fplll,5.5.0,tag,sha256-WvjXaCnUMioSmLlWmLV673mhRjnF+8DU9MqgUmBgaFQ=,https://github.com/fplll/fplll/archive/5.5.0.tar.gz
freac,freac,1.1.7,fetchFromGitHub,https://github.com/enzo1982/freac,enzo1982,freac,v1.1.7,tag,sha256-bHoRxxhSM7ipRkiBG7hEa1Iw8Z3tOHQ/atngC/3X1a4=,https://github.com/enzo1982/freac/archive/v1.1.7.tar.gz
freecad,freecad,1.0.2,fetchFromGitHub,https://github.com/FreeCAD/FreeCAD,FreeCAD,FreeCAD,refs/tags/1.0.2,tag,sha256-J//O/ABMFa3TFYwR0wc8d1UTA5iSFnEP2thOjuCN+uE=,
freecad-qt6,freecad,1.0.2,fetchFromGitHub,https://github.com/FreeCAD/FreeCAD,FreeCAD,FreeCAD,refs/tags/1.0.2,tag,sha256-J//O/ABMFa3TFYwR0wc8d1UTA5iSFnEP2thOjuCN+uE=,
freecad-wayland,freecad,1.0.2,fetchFromGitHub,https://github.com/FreeCAD/FreeCAD,FreeCAD,FreeCAD,refs/tags/1.0.2,tag,sha256-J//O/ABMFa3TFYwR0wc8d1UTA5iSFnEP2thOjuCN+uE=,
freenet,freenet,01506,fetchFromGitHub,https://github.com/hyphanet/fred,hyphanet,fred,refs/tags/build01506,tag,sha256-MmI/e/Sh4WeSSw2//xpmJtF5/oC9+eauXnTMLuojb2A=,https://github.com/hyphanet/fred/archive/refs/tags/build01506.tar.gz
freeorion,freeorion,0.5.1.1,fetchFromGitHub,https://github.com/freeorion/freeorion,freeorion,freeorion,refs/tags/v0.5.1.1,tag,sha256-0z3EPiSlViWQzpUu6+4IZ3ih0pbwdkZWAiVPsVcJr8o=,https://github.com/freeorion/freeorion/archive/refs/tags/v0.5.1.1.tar.gz
freeplane,freeplane,1.12.16,fetchFromGitHub,https://github.com/freeplane/freeplane,freeplane,freeplane,release-1.12.16,tag,sha256-I7vp67UXoiBDxmIOlgCWk6sKOZSWHHI7A2Sdu6cl488=,https://github.com/freeplane/freeplane/archive/release-1.12.16.tar.gz
freeradius,freeradius,3.2.8,fetchFromGitHub,https://github.com/FreeRADIUS/freeradius-server,FreeRADIUS,freeradius-server,refs/tags/release_3_2_8,tag,sha256-NvcXTT0jp3WR/w+JWcNESg6iNYqIV8QAlM8MxpYkpjs=,https://github.com/FreeRADIUS/freeradius-server/archive/refs/tags/release_3_2_8.tar.gz
freewheeling,freewheeling,0.6.6,fetchFromGitHub,https://github.com/free-wheeling/freewheeling,free-wheeling,freewheeling,refs/tags/v0.6.6,tag,sha256-xEZBE/7nUvK2hruqP6QQzlsIDmuniPZg7JEJkCEvzvU=,https://github.com/free-wheeling/freewheeling/archive/refs/tags/v0.6.6.tar.gz
frei0r,frei0r-plugins,2.5.1,fetchFromGitHub,https://github.com/dyne/frei0r,dyne,frei0r,v2.5.1,tag,sha256-3gUWvO5izOrJt+XwcNBNiLfu+iMqo4nuPbx++TYzao0=,https://github.com/dyne/frei0r/archive/v2.5.1.tar.gz
freshrss,FreshRSS,1.28.1,fetchFromGitHub,https://github.com/FreshRSS/FreshRSS,FreshRSS,FreshRSS,1.28.1,tag,sha256-T9I3tZOxAzbQxeNa77VcN+HuMmDlDrZvdncBeplui6c=,https://github.com/FreshRSS/FreshRSS/archive/1.28.1.tar.gz
fricas,fricas,1.3.12,fetchFromGitHub,https://github.com/fricas/fricas,fricas,fricas,1.3.12,tag,sha256-GUGJR65K1bPC0D36l4Yyj3GOsWtUrSKLu6JnlfjHzDc=,https://github.com/fricas/fricas/archive/1.3.12.tar.gz
friture,friture,0.54,fetchFromGitHub,https://github.com/tlecomte/friture,tlecomte,friture,v0.54,tag,sha256-KWj2AhPloomjYwd7besX5QIG8snZe1L2hATEfm/HaIE=,https://github.com/tlecomte/friture/archive/v0.54.tar.gz
frr,frr,10.5.1,fetchFromGitHub,https://github.com/FRRouting/frr,FRRouting,frr,frr-10.5.1,tag,sha256-sTPYIaaF/OfmBMIRS4nRV2Pay03u8R1nUsqMjFH4cFo=,https://github.com/FRRouting/frr/archive/frr-10.5.1.tar.gz
fsautocomplete,fsautocomplete,0.83.0,fetchFromGitHub,https://github.com/fsharp/FsAutoComplete,fsharp,FsAutoComplete,refs/tags/v0.83.0,tag,sha256-1WK6vb/UfqnF5KlwrjmGTPeAnEgwPswcYweeotB6j00=,https://github.com/fsharp/FsAutoComplete/archive/refs/tags/v0.83.0.tar.gz
fscan,fscan,2.0.1,fetchFromGitHub,https://github.com/shadow1ng/fscan,shadow1ng,fscan,2.0.1,tag,sha256-OFlwL7PXKOPKIW2YCirCGCXRCGIWYMmYHMmSU2he/tw=,https://github.com/shadow1ng/fscan/archive/2.0.1.tar.gz
fselect,fselect,0.9.3,fetchFromGitHub,https://github.com/jhspetersson/fselect,jhspetersson,fselect,0.9.3,tag,sha256-NNDWKjO0A6ETIC+6Eg6LqyrwwErbP8362YzzNJYgtlE=,https://github.com/jhspetersson/fselect/archive/0.9.3.tar.gz
fuse-ext2,fuse-ext2,0.0.11,fetchFromGitHub,https://github.com/alperakcan/fuse-ext2,alperakcan,fuse-ext2,v0.0.11,tag,sha256-VQMftlnd6q1PdwhSIQwjffjnkhupY8MUc8E+p1tgvUM=,https://github.com/alperakcan/fuse-ext2/archive/v0.0.11.tar.gz
fvm,fvm,4.0.5,fetchFromGitHub,https://github.com/leoafarias/fvm,leoafarias,fvm,refs/tags/4.0.5,tag,sha256-NLFEGUo4Zy/OYOlbPKirN+JhbGfvzX2Eg0qB10SiGxs=,https://github.com/leoafarias/fvm/archive/refs/tags/4.0.5.tar.gz
fvwm3,fvwm3,1.1.0,fetchFromGitHub,https://github.com/fvwmorg/fvwm3,fvwmorg,fvwm3,1.1.0,tag,sha256-y1buTWO1vHzloh2e4EK1dkD0uQa7lIFUbNMkEe5x6Vo=,https://github.com/fvwmorg/fvwm3/archive/1.1.0.tar.gz
fw,fw,2.21.0,fetchFromGitHub,https://github.com/brocode/fw,brocode,fw,v2.21.0,tag,sha256-tqtiAw4+bnCJMF37SluAE9NM55MAjBGkJTvGLcmYFnA=,https://github.com/brocode/fw/archive/v2.21.0.tar.gz
fwupd,fwupd,2.0.19,fetchFromGitHub,https://github.com/fwupd/fwupd,fwupd,fwupd,refs/tags/2.0.19,tag,sha256-DjO+7CEOef5KMbYEPtDr3GrnXTDUO/jwwZ4P17o4oDg=,https://github.com/fwupd/fwupd/archive/refs/tags/2.0.19.tar.gz
g810-led,g810-led,0.4.3,fetchFromGitHub,https://github.com/MatMoul/g810-led,MatMoul,g810-led,refs/tags/v0.4.3,tag,sha256-GKHtQ7DinqfhclDdPO94KtTLQhhonAoWS4VOvs6CMhY=,https://github.com/MatMoul/g810-led/archive/refs/tags/v0.4.3.tar.gz
gamemode,gamemode,1.8.2,fetchFromGitHub,https://github.com/FeralInteractive/gamemode,FeralInteractive,gamemode,refs/tags/1.8.2,tag,sha256-V0rewbSVOGFqJqXyCz4jXpuDM0EfjdkpGPl+WdDwI5I=,https://github.com/FeralInteractive/gamemode/archive/refs/tags/1.8.2.tar.gz
gatekeeper,gatekeeper,3.21.1,fetchFromGitHub,https://github.com/open-policy-agent/gatekeeper,open-policy-agent,gatekeeper,refs/tags/v3.21.1,tag,sha256-KzddaF334jhrIyJlfU2iTGBi+Oi67PK2dkIBkHk8oLY=,https://github.com/open-policy-agent/gatekeeper/archive/refs/tags/v3.21.1.tar.gz
gatsby-cli,gatsby-cli,5.16.0,fetchFromGitHub,https://github.com/gatsbyjs/gatsby,gatsbyjs,gatsby,refs/tags/gatsby-cli@5.16.0,tag,sha256-OK2GqO7UMYR7EFU4UC1cHtKfsQAMJP7KuUaQCUfyTBE=,https://github.com/gatsbyjs/gatsby/archive/refs/tags/gatsby-cli@5.16.0.tar.gz
gau,gau,2.2.4,fetchFromGitHub,https://github.com/lc/gau,lc,gau,refs/tags/v2.2.4,tag,sha256-B2l5joHeFDjYmdb3F1FFDKjIKENZu92O2sMlkf3Sf6Y=,https://github.com/lc/gau/archive/refs/tags/v2.2.4.tar.gz
gbenchmark,gbenchmark,1.9.4,fetchFromGitHub,https://github.com/google/benchmark,google,benchmark,v1.9.4,tag,sha256-P7wJcKkIBoWtN9FCRticpBzYbEZPq71a0iW/2oDTZRU=,https://github.com/google/benchmark/archive/v1.9.4.tar.gz
gcs,gcs,5.42.0,fetchFromGitHub,https://github.com/richardwilkes/gcs,richardwilkes,gcs,refs/tags/v5.42.0,tag,sha256-eCWMaO1iv917aHcdln2B10oCSbmzpXvQIF/luztHwRc=,https://github.com/richardwilkes/gcs/archive/refs/tags/v5.42.0.tar.gz
gcstar,gcstar,1.8.0,fetchFromGitLab,https://gitlab.com/Kerenoc/GCstar,Kerenoc,GCstar,v1.8.0,tag,sha256-37yjKI4l/nUzDnra1AGxDQxNafMsLi1bSifG6pz33zg=,https://gitlab.com/Kerenoc/GCstar/-/archive/v1.8.0/GCstar-v1.8.0.tar.gz
gdal,gdal,3.12.2,fetchFromGitHub,https://github.com/OSGeo/gdal,OSGeo,gdal,refs/tags/v3.12.2,tag,sha256-W9MSZP+qmG7r2SzjOXbeYebY5vx8z8cpySv/sGyj42Y=,https://github.com/OSGeo/gdal/archive/refs/tags/v3.12.2.tar.gz
gdalMinimal,gdal-minimal,3.12.2,fetchFromGitHub,https://github.com/OSGeo/gdal,OSGeo,gdal,refs/tags/v3.12.2,tag,sha256-W9MSZP+qmG7r2SzjOXbeYebY5vx8z8cpySv/sGyj42Y=,https://github.com/OSGeo/gdal/archive/refs/tags/v3.12.2.tar.gz
gdcm,gdcm,3.2.2,fetchFromGitHub,https://github.com/malaterre/GDCM,malaterre,GDCM,refs/tags/v3.2.2,tag,sha256-iUJrXcVHdCmL5atm6in4KvgPXbYmAYFxM6TGoZeY9EE=,https://github.com/malaterre/GDCM/archive/refs/tags/v3.2.2.tar.gz
geeqie,geeqie,2.5,fetchFromGitHub,https://github.com/BestImageViewer/geeqie,BestImageViewer,geeqie,v2.5,tag,sha256-k2FXj2ZKZzB5XpCcWzEv7Q1ozATfU3221XKcOFdWOGU=,https://github.com/BestImageViewer/geeqie/archive/v2.5.tar.gz
gemini-cli,gemini-cli,0.30.0,fetchFromGitHub,https://github.com/google-gemini/gemini-cli,google-gemini,gemini-cli,refs/tags/v0.30.0,tag,sha256-+w4w1cftPSj0gJ23Slw8Oexljmu0N/PZWH4IDjw75rs=,https://github.com/google-gemini/gemini-cli/archive/refs/tags/v0.30.0.tar.gz
get_iplayer,get_iplayer,3.36,fetchFromGitHub,https://github.com/get-iplayer/get_iplayer,get-iplayer,get_iplayer,v3.36,tag,sha256-O/mVtbudrYw0jKeSckZlgonFDiWxfeiVc8gdcy4iNBw=,https://github.com/get-iplayer/get_iplayer/archive/v3.36.tar.gz
gfal2-util,gfal2-util,1.9.1,fetchFromGitHub,https://github.com/cern-fts/gfal2-util,cern-fts,gfal2-util,v1.9.1,tag,sha256-KKtbxr64FsMUIGXPk3yz66dbQVNCWoGbq3/+q47tS6Q=,https://github.com/cern-fts/gfal2-util/archive/v1.9.1.tar.gz
gfold,gfold,2025.12.0,fetchFromGitHub,https://github.com/nickgerace/gfold,nickgerace,gfold,refs/tags/2025.12.0,tag,sha256-lqDKPIWvwu60S6miSQ3TvHxhI9xuiN8VwmEz670UR78=,https://github.com/nickgerace/gfold/archive/refs/tags/2025.12.0.tar.gz
gh,gh,2.87.3,fetchFromGitHub,https://github.com/cli/cli,cli,cli,refs/tags/v2.87.3,tag,sha256-F4xUwj/krB5vjIfnvmwySlztBrcxJ+k1GvXb2gs7eXY=,https://github.com/cli/cli/archive/refs/tags/v2.87.3.tar.gz
gh-ost,gh-ost,1.1.7,fetchFromGitHub,https://github.com/github/gh-ost,github,gh-ost,refs/tags/v1.1.7,tag,sha256-TTc69dWasqMVwwJNo+M9seMKEWgerZ2ZR7dwDfM1gWI=,https://github.com/github/gh-ost/archive/refs/tags/v1.1.7.tar.gz
ghdl,ghdl-mcode,5.1.1,fetchFromGitHub,https://github.com/ghdl/ghdl,ghdl,ghdl,v5.1.1,tag,sha256-vPeODNTptxIjN6qLoIHaKOFf3P3iAK2GloVreHPaAz8=,https://github.com/ghdl/ghdl/archive/v5.1.1.tar.gz
ghdl-gcc,ghdl-gcc,5.1.1,fetchFromGitHub,https://github.com/ghdl/ghdl,ghdl,ghdl,v5.1.1,tag,sha256-vPeODNTptxIjN6qLoIHaKOFf3P3iAK2GloVreHPaAz8=,https://github.com/ghdl/ghdl/archive/v5.1.1.tar.gz
ghdl-llvm,ghdl-llvm,5.1.1,fetchFromGitHub,https://github.com/ghdl/ghdl,ghdl,ghdl,v5.1.1,tag,sha256-vPeODNTptxIjN6qLoIHaKOFf3P3iAK2GloVreHPaAz8=,https://github.com/ghdl/ghdl/archive/v5.1.1.tar.gz
ghdl-mcode,ghdl-mcode,5.1.1,fetchFromGitHub,https://github.com/ghdl/ghdl,ghdl,ghdl,v5.1.1,tag,sha256-vPeODNTptxIjN6qLoIHaKOFf3P3iAK2GloVreHPaAz8=,https://github.com/ghdl/ghdl/archive/v5.1.1.tar.gz
ghost-cli,ghost-cli,1.28.4,fetchFromGitHub,https://github.com/TryGhost/Ghost-CLI,TryGhost,Ghost-CLI,refs/tags/v1.28.4,tag,sha256-T8NiGrJNUHrJouIjlOfjshlWggW63JCGw4GFcoMkjR0=,https://github.com/TryGhost/Ghost-CLI/archive/refs/tags/v1.28.4.tar.gz
ghostty,ghostty,1.2.3,fetchFromGitHub,https://github.com/ghostty-org/ghostty,ghostty-org,ghostty,refs/tags/v1.2.3,tag,sha256-0tmLOJCrrEnVc/ZCp/e646DTddXjv249QcSwkaukL30=,https://github.com/ghostty-org/ghostty/archive/refs/tags/v1.2.3.tar.gz
ghostunnel,ghostunnel,1.8.4,fetchFromGitHub,https://github.com/ghostunnel/ghostunnel,ghostunnel,ghostunnel,v1.8.4,tag,sha256-NnRm1HEdfK6WI5ntilLSwdR2B5czG5CIcMFzl2TzEds=,https://github.com/ghostunnel/ghostunnel/archive/v1.8.4.tar.gz
ghr,ghr,0.18.0,fetchFromGitHub,https://github.com/tcnksm/ghr,tcnksm,ghr,v0.18.0,tag,sha256-Dh6po4sdNbxk3PICJLqfpwf0WmSkfzQNZ0FrCb6XXes=,https://github.com/tcnksm/ghr/archive/v0.18.0.tar.gz
giada,giada,1.3.1,fetchFromGitHub,https://github.com/monocasual/giada,monocasual,giada,refs/tags/1.3.1,tag,sha256-MIGDaZLSwSIIZ2vXYuhGur0Ya1HX2yhrhafAawqU/+A=,
gifski,gifski,1.34.0,fetchFromGitHub,https://github.com/ImageOptim/gifski,ImageOptim,gifski,1.34.0,tag,sha256-8EAC8YH3AIbvYdTL7HtqTL7WqztzCwvDwIVkhiqvtrQ=,https://github.com/ImageOptim/gifski/archive/1.34.0.tar.gz
gigalixir,gigalixir,1.15.0,fetchFromGitHub,https://github.com/gigalixir/gigalixir-cli,gigalixir,gigalixir-cli,refs/tags/v1.15.0,tag,sha256-OCPxOVWHUvH3Tj9bR+aj2VUNNuY5GWhnDaSKRDqLSvI=,https://github.com/gigalixir/gigalixir-cli/archive/refs/tags/v1.15.0.tar.gz
git-cola,git-cola,4.17.1,fetchFromGitHub,https://github.com/git-cola/git-cola,git-cola,git-cola,refs/tags/v4.17.1,tag,sha256-aBVtyPgkmSYCDlPcmJKFKqUwKMbxVVy8AVsKBdPNkXI=,https://github.com/git-cola/git-cola/archive/refs/tags/v4.17.1.tar.gz
git-interactive-rebase-tool,git-interactive-rebase-tool,2.4.1,fetchFromGitHub,https://github.com/MitMaro/git-interactive-rebase-tool,MitMaro,git-interactive-rebase-tool,2.4.1,tag,sha256-NlnESZua4OP7rhMoER/VgBST9THqISQ0LCG1ZakNTqs=,https://github.com/MitMaro/git-interactive-rebase-tool/archive/2.4.1.tar.gz
git-team,git-team,1.8.1,fetchFromGitHub,https://github.com/hekmekk/git-team,hekmekk,git-team,v1.8.1,tag,sha256-+j5d1tImVHaTx63uzLdh2YNCFa1ErAVv4OMwxOutBQ4=,https://github.com/hekmekk/git-team/archive/v1.8.1.tar.gz
git-together,git-together,0.1.0-alpha.26,fetchFromGitHub,https://github.com/kejadlen/git-together,kejadlen,git-together,refs/tags/v0.1.0-alpha.26,tag,sha256-2HgOaqlX0mmmvRlALHm90NAdIhby/jWUJO63bQFqc+4=,https://github.com/kejadlen/git-together/archive/refs/tags/v0.1.0-alpha.26.tar.gz
git-town,git-town,22.6.0,fetchFromGitHub,https://github.com/git-town/git-town,git-town,git-town,refs/tags/v22.6.0,tag,sha256-8+ZlyuDyEfIYXvOnXI5BHGUrDOMIbA4xCPPubLr/vIA=,https://github.com/git-town/git-town/archive/refs/tags/v22.6.0.tar.gz
git-when-merged,git-when-merged,1.2.1,fetchFromGitHub,https://github.com/mhagger/git-when-merged,mhagger,git-when-merged,v1.2.1,tag,sha256-Yp/GNzD+7EPlk/kzZnT1eiSNsSxpYEiZezRbUU3HfLc=,https://github.com/mhagger/git-when-merged/archive/v1.2.1.tar.gz
gita,gita,0.16.8.2,fetchFromGitHub,https://github.com/nosarthur/gita,nosarthur,gita,refs/tags/v0.16.8.2,tag,sha256-JzfGj17YCYXmpGV2jSsGLsG1oqO5ynj7r3u/mkSBRBg=,https://github.com/nosarthur/gita/archive/refs/tags/v0.16.8.2.tar.gz
gitbutler,gitbutler,0.18.8,fetchFromGitHub,https://github.com/gitbutlerapp/gitbutler,gitbutlerapp,gitbutler,refs/tags/release/0.18.8,tag,sha256-OSM2yjiz3I5+SVpcJSWCDyS4y4w9JJ/8CAP2BK0sL7o=,https://github.com/gitbutlerapp/gitbutler/archive/refs/tags/release/0.18.8.tar.gz
gitea,gitea,1.25.4,fetchFromGitHub,https://github.com/go-gitea/gitea,go-gitea,gitea,refs/tags/v1.25.4,tag,sha256-sVpCdDJWzHtRKiqTeRuvrHf/cmeLbLs4THAqkH8hqMY=,https://github.com/go-gitea/gitea/archive/refs/tags/v1.25.4.tar.gz
github-cli,gh,2.87.3,fetchFromGitHub,https://github.com/cli/cli,cli,cli,refs/tags/v2.87.3,tag,sha256-F4xUwj/krB5vjIfnvmwySlztBrcxJ+k1GvXb2gs7eXY=,https://github.com/cli/cli/archive/refs/tags/v2.87.3.tar.gz
github-linguist,github-linguist,9.1.0,fetchFromGitHub,https://github.com/github-linguist/linguist,github-linguist,linguist,refs/tags/v9.1.0,tag,sha256-nPIUo6yQY6WvKuXvT1oOx6LZq49QLa9YIJmOrRYgAdg=,https://github.com/github-linguist/linguist/archive/refs/tags/v9.1.0.tar.gz
github-mcp-server,github-mcp-server,0.31.0,fetchFromGitHub,https://github.com/github/github-mcp-server,github,github-mcp-server,refs/tags/v0.31.0,tag,sha256-7vcDkN0q/bNr2dHQgM4YzmQjDjMyLLtkbdBjhmUM1/4=,https://github.com/github/github-mcp-server/archive/refs/tags/v0.31.0.tar.gz
gitlint,gitlint,0.19.1,fetchFromGitHub,https://github.com/jorisroovers/gitlint,jorisroovers,gitlint,refs/tags/v0.19.1,tag,sha256-4SGkkC4LjZXTDXwK6jMOIKXR1qX76CasOwSqv8XUrjs=,https://github.com/jorisroovers/gitlint/archive/refs/tags/v0.19.1.tar.gz
gitstatus,gitstatus,1.5.5,fetchFromGitHub,https://github.com/romkatv/gitstatus,romkatv,gitstatus,v1.5.5,tag,sha256-b+9bwJ87VV6rbOPobkwMkDXGH34STjYPlt8wCRR5tEc=,https://github.com/romkatv/gitstatus/archive/v1.5.5.tar.gz
gitui,gitui,0.28.0,fetchFromGitHub,https://github.com/extrawurst/gitui,extrawurst,gitui,v0.28.0,tag,sha256-B3Cdhhu8ECfpc57TKe6u08Q/Kl4JzUlzw4vtJJ1YAUQ=,https://github.com/extrawurst/gitui/archive/v0.28.0.tar.gz
glabels-qt,glabels-qt,unstable-2025-12-03,fetchFromGitHub,https://github.com/jimevins/glabels-qt,jimevins,glabels-qt,refs/tags/3.99-master602,tag,sha256-7MQufoU1GBvmZd8FRn331/PwmwQMuZeuFKQqViRI754=,https://github.com/jimevins/glabels-qt/archive/refs/tags/3.99-master602.tar.gz
gleam,gleam,1.14.0,fetchFromGitHub,https://github.com/gleam-lang/gleam,gleam-lang,gleam,refs/tags/v1.14.0,tag,sha256-KAk5tz7Dlq6cxNv3CTd8lOx7lxuK5do6aSajp0NFBw0=,https://github.com/gleam-lang/gleam/archive/refs/tags/v1.14.0.tar.gz
globalarrays,globalarrays,5.9.2,fetchFromGitHub,https://github.com/GlobalArrays/ga,GlobalArrays,ga,v5.9.2,tag,sha256-leCvbWteOp7z7ORwtljA+KslHUptY2vdupZTmAjsArg=,https://github.com/GlobalArrays/ga/archive/v5.9.2.tar.gz
globalplatform,globalplatform,2.4.2,fetchFromGitHub,https://github.com/kaoh/globalplatform,kaoh,globalplatform,refs/tags/2.4.2,tag,sha256-ikhncinibeQjcpYstduYhWS/bvwRah6+wrWF9kutSOI=,https://github.com/kaoh/globalplatform/archive/refs/tags/2.4.2.tar.gz
glooctl,glooctl,1.20.10,fetchFromGitHub,https://github.com/solo-io/gloo,solo-io,gloo,v1.20.10,tag,sha256-ZoeXxWaILJfsIQ7sowqT9Kt0PT7a3g5CdYk7ulP8ZEs=,https://github.com/solo-io/gloo/archive/v1.20.10.tar.gz
glslang,glslang,16.2.0,fetchFromGitHub,https://github.com/KhronosGroup/glslang,KhronosGroup,glslang,refs/tags/16.2.0,tag,sha256-2uWnZZNGdZorHaiLzMb/rpM6bL9oBClKqiFkUH3krJQ=,https://github.com/KhronosGroup/glslang/archive/refs/tags/16.2.0.tar.gz
glusterfs,glusterfs,11.2,fetchFromGitHub,https://github.com/gluster/glusterfs,gluster,glusterfs,v11.2,tag,sha256-MGTntR9SVmejgpAkZnhJOaIkZeCMNBGaQSorLOStdjo=,https://github.com/gluster/glusterfs/archive/v11.2.tar.gz
gmic,gmic,3.6.3,fetchFromGitHub,https://github.com/GreycLab/gmic,GreycLab,gmic,v.3.6.3,tag,sha256-+q4GnpL/XeroQ2FUxjrrENlEE5Zi1bEnDkIMtOVIZHQ=,https://github.com/GreycLab/gmic/archive/v.3.6.3.tar.gz
gnirehtet,gnirehtet,2.5.1,fetchFromGitHub,https://github.com/Genymobile/gnirehtet,Genymobile,gnirehtet,v2.5.1,tag,sha256-ewLYCZgkjbh6lR9e4iTddCIrB+5dxyviIXhOqlZsLqc=,https://github.com/Genymobile/gnirehtet/archive/v2.5.1.tar.gz
gnostic,gnostic,0.7.0,fetchFromGitHub,https://github.com/google/gnostic,google,gnostic,v0.7.0,tag,sha256-Wpe+rK4XMfMZYhR1xTEr0nsEjRGkSDA7aiLeBbGcRpA=,https://github.com/google/gnostic/archive/v0.7.0.tar.gz
gnss-sdr,gnss-sdr,0.0.20,fetchFromGitHub,https://github.com/gnss-sdr/gnss-sdr,gnss-sdr,gnss-sdr,v0.0.20,tag,sha256-kQv8I4dcWeRuAfYtD5EAAMwvfnOTi+QWDogUZb4M/qQ=,https://github.com/gnss-sdr/gnss-sdr/archive/v0.0.20.tar.gz
gnudatalanguage,gnudatalanguage,1.1.1,fetchFromGitHub,https://github.com/gnudatalanguage/gdl,gnudatalanguage,gdl,refs/tags/v1.1.1,tag,sha256-fLsa/R8+7QZcxjqJLnHZivRF6dD4a6J6KuCqYvazaCU=,
gnuradioMinimal,gnuradio,3.10.12.0,fetchFromGitHub,https://github.com/gnuradio/gnuradio,gnuradio,gnuradio,v3.10.12.0,tag,sha256-489Pc6z6Ha7jkTzZSEArDQJGkWdWRDIn1uhfFyLLiCo=,https://github.com/gnuradio/gnuradio/archive/v3.10.12.0.tar.gz
go-cve-search,go-cve-search,0.1.4,fetchFromGitHub,https://github.com/s-index/go-cve-search,s-index,go-cve-search,refs/tags/v0.1.4,tag,sha256-gx2No5XGflGY6TIU92gz9XrNDzd4NiSuxpbwxChlqWo=,https://github.com/s-index/go-cve-search/archive/refs/tags/v0.1.4.tar.gz
go-ethereum,go-ethereum,1.17.0,fetchFromGitHub,https://github.com/ethereum/go-ethereum,ethereum,go-ethereum,v1.17.0,tag,sha256-xTx2gcpDY4xuZOuUEmtV6m5NNO6YQ01tGzLr5rh9F/g=,https://github.com/ethereum/go-ethereum/archive/v1.17.0.tar.gz
go-jet,go-jet,2.14.1,fetchFromGitHub,https://github.com/go-jet/jet,go-jet,jet,v2.14.1,tag,sha256-BwhatFakmd2ksLQv7OLwvkuDHqnZI4HRnldfyJhR+i8=,https://github.com/go-jet/jet/archive/v2.14.1.tar.gz
go-mockery,go-mockery,3.5.5,fetchFromGitHub,https://github.com/vektra/mockery,vektra,mockery,refs/tags/v3.5.5,tag,sha256-paoI7KkpLbpQyEwS/oW8Ck9KiJRTUxzFzihsnFyhrCw=,https://github.com/vektra/mockery/archive/refs/tags/v3.5.5.tar.gz
go-mockery_2,go-mockery_2,2.53.6,fetchFromGitHub,https://github.com/vektra/mockery,vektra,mockery,refs/tags/v2.53.6,tag,sha256-XJnxs+towKaW64TUvmgVsxtYYak6e5qc4u9EKuyHLSs=,https://github.com/vektra/mockery/archive/refs/tags/v2.53.6.tar.gz
go-mod-upgrade,go-mod-upgrade,0.12.0,fetchFromGitHub,https://github.com/oligot/go-mod-upgrade,oligot,go-mod-upgrade,refs/tags/v0.12.0,tag,sha256-eBes8PDx3E8hAcSXiRmEJTelsm7EWtI3Ffsl5RIAVJ8=,https://github.com/oligot/go-mod-upgrade/archive/refs/tags/v0.12.0.tar.gz
go-swagger,go-swagger,0.33.1,fetchFromGitHub,https://github.com/go-swagger/go-swagger,go-swagger,go-swagger,refs/tags/v0.33.1,tag,sha256-CVfGKkqneNgSJZOptQrywCioSZwJP0XGspVM3S45Q/k=,https://github.com/go-swagger/go-swagger/archive/refs/tags/v0.33.1.tar.gz
go-task,go-task,3.48.0,fetchFromGitHub,https://github.com/go-task/task,go-task,task,refs/tags/v3.48.0,tag,sha256-t6u2SSPDh+zj8M5aJfP3mYgSgBMNDEMNhMWEkr86M0U=,https://github.com/go-task/task/archive/refs/tags/v3.48.0.tar.gz
go-toml,go-toml,2.2.4,fetchFromGitHub,https://github.com/pelletier/go-toml,pelletier,go-toml,v2.2.4,tag,sha256-VKUrpSaGzkewNSyE0sB6PWVIQiraY7UxE5Wve+76UFk=,https://github.com/pelletier/go-toml/archive/v2.2.4.tar.gz
goatcounter,goatcounter,2.7.0,fetchFromGitHub,https://github.com/arp242/goatcounter,arp242,goatcounter,v2.7.0,tag,sha256-BVKz1vPYDOpaBdurR1wjg1Jo+qncqrIbZuDVmlFAO9I=,https://github.com/arp242/goatcounter/archive/v2.7.0.tar.gz
godot,godot,4.6.1-stable,fetchFromGitHub,https://github.com/godotengine/godot,godotengine,godot,refs/tags/4.6.1-stable,tag,sha256-C3AX+Gl6a3nX/k0TP6FYjYCK9AbKmtku+1ilYBu0R74=,https://github.com/godotengine/godot/archive/refs/tags/4.6.1-stable.tar.gz
godot3,godot3,3.6.2,fetchFromGitHub,https://github.com/godotengine/godot,godotengine,godot,3.6.2-stable,tag,sha256-loNjE+NmHniZ827Eb9MHSNo27F2LrURhWURjUq4d8xw=,https://github.com/godotengine/godot/archive/3.6.2-stable.tar.gz
godot3-debug-server,godot3-debug-server,3.6.2,fetchFromGitHub,https://github.com/godotengine/godot,godotengine,godot,3.6.2-stable,tag,sha256-loNjE+NmHniZ827Eb9MHSNo27F2LrURhWURjUq4d8xw=,https://github.com/godotengine/godot/archive/3.6.2-stable.tar.gz
godot3-export-templates,godot3-export-templates,3.6.2,fetchFromGitHub,https://github.com/godotengine/godot,godotengine,godot,3.6.2-stable,tag,sha256-loNjE+NmHniZ827Eb9MHSNo27F2LrURhWURjUq4d8xw=,https://github.com/godotengine/godot/archive/3.6.2-stable.tar.gz
godot3-headless,godot3-headless,3.6.2,fetchFromGitHub,https://github.com/godotengine/godot,godotengine,godot,3.6.2-stable,tag,sha256-loNjE+NmHniZ827Eb9MHSNo27F2LrURhWURjUq4d8xw=,https://github.com/godotengine/godot/archive/3.6.2-stable.tar.gz
godot3-mono,godot3-mono,3.6.2,fetchFromGitHub,https://github.com/godotengine/godot,godotengine,godot,3.6.2-stable,tag,sha256-loNjE+NmHniZ827Eb9MHSNo27F2LrURhWURjUq4d8xw=,https://github.com/godotengine/godot/archive/3.6.2-stable.tar.gz
godot3-mono-debug-server,godot3-mono-debug-server,3.6.2,fetchFromGitHub,https://github.com/godotengine/godot,godotengine,godot,3.6.2-stable,tag,sha256-loNjE+NmHniZ827Eb9MHSNo27F2LrURhWURjUq4d8xw=,https://github.com/godotengine/godot/archive/3.6.2-stable.tar.gz
godot3-mono-export-templates,godot3-mono-export-templates,3.6.2,fetchFromGitHub,https://github.com/godotengine/godot,godotengine,godot,3.6.2-stable,tag,sha256-loNjE+NmHniZ827Eb9MHSNo27F2LrURhWURjUq4d8xw=,https://github.com/godotengine/godot/archive/3.6.2-stable.tar.gz
godot3-mono-headless,godot3-mono-headless,3.6.2,fetchFromGitHub,https://github.com/godotengine/godot,godotengine,godot,3.6.2-stable,tag,sha256-loNjE+NmHniZ827Eb9MHSNo27F2LrURhWURjUq4d8xw=,https://github.com/godotengine/godot/archive/3.6.2-stable.tar.gz
godot3-mono-server,godot3-mono-server,3.6.2,fetchFromGitHub,https://github.com/godotengine/godot,godotengine,godot,3.6.2-stable,tag,sha256-loNjE+NmHniZ827Eb9MHSNo27F2LrURhWURjUq4d8xw=,https://github.com/godotengine/godot/archive/3.6.2-stable.tar.gz
godot3-server,godot3-server,3.6.2,fetchFromGitHub,https://github.com/godotengine/godot,godotengine,godot,3.6.2-stable,tag,sha256-loNjE+NmHniZ827Eb9MHSNo27F2LrURhWURjUq4d8xw=,https://github.com/godotengine/godot/archive/3.6.2-stable.tar.gz
godot_4,godot,4.6.1-stable,fetchFromGitHub,https://github.com/godotengine/godot,godotengine,godot,refs/tags/4.6.1-stable,tag,sha256-C3AX+Gl6a3nX/k0TP6FYjYCK9AbKmtku+1ilYBu0R74=,https://github.com/godotengine/godot/archive/refs/tags/4.6.1-stable.tar.gz
godot_4_3,godot,4.3-stable,fetchFromGitHub,https://github.com/godotengine/godot,godotengine,godot,refs/tags/4.3-stable,tag,sha256-MzElflwXHWLgPtoOIhPLA00xX8eEdQsexZaGIEOzbj0=,https://github.com/godotengine/godot/archive/refs/tags/4.3-stable.tar.gz
godot_4_4,godot,4.4.1-stable,fetchFromGitHub,https://github.com/godotengine/godot,godotengine,godot,refs/tags/4.4.1-stable,tag,sha256-O4TdPYu1K2zWKMBP/7xd0UPLDb7/4dBnkGM7QydD3Yo=,https://github.com/godotengine/godot/archive/refs/tags/4.4.1-stable.tar.gz
godot_4_5,godot,4.5.1-stable,fetchFromGitHub,https://github.com/godotengine/godot,godotengine,godot,refs/tags/4.5.1-stable,tag,sha256-8iMhn40y7aVL6Xjvo34ZtfygJYWwDmCnTxUJcV3AQCI=,https://github.com/godotengine/godot/archive/refs/tags/4.5.1-stable.tar.gz
godot_4_6,godot,4.6.1-stable,fetchFromGitHub,https://github.com/godotengine/godot,godotengine,godot,refs/tags/4.6.1-stable,tag,sha256-C3AX+Gl6a3nX/k0TP6FYjYCK9AbKmtku+1ilYBu0R74=,https://github.com/godotengine/godot/archive/refs/tags/4.6.1-stable.tar.gz
golangci-lint-langserver,golangci-lint-langserver,0.0.12,fetchFromGitHub,https://github.com/nametake/golangci-lint-langserver,nametake,golangci-lint-langserver,refs/tags/v0.0.12,tag,sha256-Sm+y9ccM5zhatzDZ/qDYH4HT2foteCniItdojqnFSxI=,https://github.com/nametake/golangci-lint-langserver/archive/refs/tags/v0.0.12.tar.gz
golden-cheetah,golden-cheetah,3.7-SP1,fetchFromGitHub,https://github.com/GoldenCheetah/GoldenCheetah,GoldenCheetah,GoldenCheetah,refs/tags/v3.7-SP1,tag,sha256-NsXTe4Ht4TFDu7/nK3/hdCk/K2mPm59I9GHkVOTDc74=,https://github.com/GoldenCheetah/GoldenCheetah/archive/refs/tags/v3.7-SP1.tar.gz
goldendict-ng,goldendict-ng,26.3.0,fetchFromGitHub,https://github.com/xiaoyifang/goldendict-ng,xiaoyifang,goldendict-ng,refs/tags/v26.3.0-Release.fce2b872,tag,sha256-DLo3dVoeib/lIp6jKeMyeREN6pHufa3HhyNIxtu3Q94=,https://github.com/xiaoyifang/goldendict-ng/archive/refs/tags/v26.3.0-Release.fce2b872.tar.gz
gollama,gollama,v2.0.4,fetchFromGitHub,https://github.com/sammcj/gollama,sammcj,gollama,refs/tags/vv2.0.4,tag,sha256-unvnFKkEWJnyzuNz8zekB8ZSXP/dUqv24qgyhkP3kkY=,https://github.com/sammcj/gollama/archive/refs/tags/vv2.0.4.tar.gz
gomplate,gomplate,4.3.3,fetchFromGitHub,https://github.com/hairyhenderson/gomplate,hairyhenderson,gomplate,refs/tags/v4.3.3,tag,sha256-LhCOpXptsZLoVXYH2u+YIXPlqNTMQ3tQt+KY8c54oA0=,https://github.com/hairyhenderson/gomplate/archive/refs/tags/v4.3.3.tar.gz
gomtree,gomtree,0.7.0,fetchFromGitHub,https://github.com/vbatts/go-mtree,vbatts,go-mtree,v0.7.0,tag,sha256-MLZybHyYxRxxRy0/pd1n8apcfzrNVu2joP2S2P4KRHU=,https://github.com/vbatts/go-mtree/archive/v0.7.0.tar.gz
gomuks,gomuks,0.3.1,fetchFromGitHub,https://github.com/tulir/gomuks,tulir,gomuks,v0.3.1,tag,sha256-bDJXo8d9K5UO599HDaABpfwc9/dJJy+9d24KMVZHyvI=,https://github.com/tulir/gomuks/archive/v0.3.1.tar.gz
google-guest-agent,guest-agent,20230821.00,fetchFromGitHub,https://github.com/GoogleCloudPlatform/guest-agent,GoogleCloudPlatform,guest-agent,refs/tags/20230821.00,tag,sha256-DP15KDnD09edBxOQDwP0cjVIFxjMzE1hu1Sbu6Faj9Y=,https://github.com/GoogleCloudPlatform/guest-agent/archive/refs/tags/20230821.00.tar.gz
google-guest-oslogin,google-guest-oslogin,20250821.00,fetchFromGitHub,https://github.com/GoogleCloudPlatform/guest-oslogin,GoogleCloudPlatform,guest-oslogin,20250821.00,tag,sha256-dvLr3rOzHs5gRbllxqmnkLlHUFYv9Hm2vz6AkwZoZy4=,https://github.com/GoogleCloudPlatform/guest-oslogin/archive/20250821.00.tar.gz
google-lighthouse,google-lighthouse,13.0.3,fetchFromGitHub,https://github.com/GoogleChrome/lighthouse,GoogleChrome,lighthouse,refs/tags/v13.0.3,tag,sha256-449UZlEDBUhqZ16aYnZhGHBUt6ox1G/FYvJRav63/wk=,https://github.com/GoogleChrome/lighthouse/archive/refs/tags/v13.0.3.tar.gz
gopls,gopls,0.21.1,fetchFromGitHub,https://github.com/golang/tools,golang,tools,refs/tags/gopls/v0.21.1,tag,sha256-D/HBqFy5pNSOhMxx/G102HuL+l+oPljsG8rPNLZjUCs=,https://github.com/golang/tools/archive/refs/tags/gopls/v0.21.1.tar.gz
goreleaser,goreleaser,2.13.3,fetchFromGitHub,https://github.com/goreleaser/goreleaser,goreleaser,goreleaser,v2.13.3,tag,sha256-VlpBz2FguUfN+ssv+PLSB9RDgLKGP2V/0pAxaLNGu7w=,https://github.com/goreleaser/goreleaser/archive/v2.13.3.tar.gz
gost,gost,3.2.6,fetchFromGitHub,https://github.com/go-gost/gost,go-gost,gost,refs/tags/v3.2.6,tag,sha256-zq9UrzXbKVraqq8eGY5XOHOMdpfuOog5V17+wh9vwIc=,https://github.com/go-gost/gost/archive/refs/tags/v3.2.6.tar.gz
gotools,gotools,0.34.0,fetchFromGitHub,https://github.com/golang/tools,golang,tools,refs/tags/v0.34.0,tag,sha256-C+P2JoD4NzSAkAQuA20bVrfLZrMHXekvXn8KPOM5Nj4=,https://github.com/golang/tools/archive/refs/tags/v0.34.0.tar.gz
govc,govc,0.53.0,fetchFromGitHub,https://github.com/vmware/govmomi,vmware,govmomi,refs/tags/v0.53.0,tag,sha256-//OqlBGek/UqxMUgjNDxJ1YkUNoYjeZRx1MIUgJzZys=,https://github.com/vmware/govmomi/archive/refs/tags/v0.53.0.tar.gz
goverlay,goverlay,1.7.4,fetchFromGitHub,https://github.com/benjamimgois/goverlay,benjamimgois,goverlay,refs/tags/1.7.4,tag,sha256-30Z2d7w8VStusJFvaTT3IcA3KH3jCyV7ibDOuOFPutQ=,https://github.com/benjamimgois/goverlay/archive/refs/tags/1.7.4.tar.gz
gpac,gpac,2.4.0,fetchFromGitHub,https://github.com/gpac/gpac,gpac,gpac,v2.4.0,tag,sha256-RADDqc5RxNV2EfRTzJP/yz66p0riyn81zvwU3r9xncM=,https://github.com/gpac/gpac/archive/v2.4.0.tar.gz
gpauth,gpauth,2.5.0,fetchFromGitHub,https://github.com/yuezk/GlobalProtect-openconnect,yuezk,GlobalProtect-openconnect,refs/tags/v2.5.0,tag,sha256-dxRqf5iOlgJegeAqtTwoVqNHXU3eOse5eMYFknhAh2M=,
gpclient,gpclient,2.5.0,fetchFromGitHub,https://github.com/yuezk/GlobalProtect-openconnect,yuezk,GlobalProtect-openconnect,refs/tags/v2.5.0,tag,sha256-dxRqf5iOlgJegeAqtTwoVqNHXU3eOse5eMYFknhAh2M=,
gpodder,gpodder,3.11.5,fetchFromGitHub,https://github.com/gpodder/gpodder,gpodder,gpodder,3.11.5,tag,sha256-Hhk9JeHMg+FrekiNXP6Q8loCtst+FHT4EJTnh64VOhc=,https://github.com/gpodder/gpodder/archive/3.11.5.tar.gz
gpsbabel,gpsbabel,1.8.0,fetchFromGitHub,https://github.com/gpsbabel/gpsbabel,gpsbabel,gpsbabel,gpsbabel_1_8_0,tag,sha256-0w8LsO+HwqZF8SQmwd8bCKma9PCM0hAzXhzWR4DgAHs=,https://github.com/gpsbabel/gpsbabel/archive/gpsbabel_1_8_0.tar.gz
gpsbabel-gui,gpsbabel,1.8.0,fetchFromGitHub,https://github.com/gpsbabel/gpsbabel,gpsbabel,gpsbabel,gpsbabel_1_8_0,tag,sha256-0w8LsO+HwqZF8SQmwd8bCKma9PCM0hAzXhzWR4DgAHs=,https://github.com/gpsbabel/gpsbabel/archive/gpsbabel_1_8_0.tar.gz
gpt4all,gpt4all,3.10.0,fetchFromGitHub,https://github.com/nomic-ai/gpt4all,nomic-ai,gpt4all,refs/tags/v3.10.0,tag,sha256-OAD/uSCL/3OXmYVG+iGJK4zD2s0dDaPf59DF23AbSFU=,
gpt4all-cuda,gpt4all,3.10.0,fetchFromGitHub,https://github.com/nomic-ai/gpt4all,nomic-ai,gpt4all,refs/tags/v3.10.0,tag,sha256-OAD/uSCL/3OXmYVG+iGJK4zD2s0dDaPf59DF23AbSFU=,
grafana,grafana,12.4.0,fetchFromGitHub,https://github.com/grafana/grafana,grafana,grafana,v12.4.0,tag,sha256-HvQqMMU6UeL7wCew0cUG03/cXsnh5sh2/DmgcU8cJ1M=,https://github.com/grafana/grafana/archive/v12.4.0.tar.gz
grafana-kiosk,grafana-kiosk,1.0.10,fetchFromGitHub,https://github.com/grafana/grafana-kiosk,grafana,grafana-kiosk,v1.0.10,tag,sha256-dp+yKpPm11/LfRXjgFZrDAwstnz6vALJBANBqwlEXFo=,https://github.com/grafana/grafana-kiosk/archive/v1.0.10.tar.gz
grafana-loki,grafana-loki,3.6.6,fetchFromGitHub,https://github.com/grafana/loki,grafana,loki,v3.6.6,tag,sha256-Mdopa7Nhdcwn4VBz/R5zI3Zccuht2hIdnAeCsAS6B+0=,https://github.com/grafana/loki/archive/v3.6.6.tar.gz
graphhopper,graphhopper,11.0,fetchFromGitHub,https://github.com/graphhopper/graphhopper,graphhopper,graphhopper,refs/tags/11.0,tag,sha256-tK8zEX2szcU77ydHW+ak/GTjKKC6C5xlG0Uum7a/76I=,https://github.com/graphhopper/graphhopper/archive/refs/tags/11.0.tar.gz
greaseweazle,greaseweazle,1.23,fetchFromGitHub,https://github.com/keirf/greaseweazle,keirf,greaseweazle,v1.23,tag,sha256-ey9srzGnyaZ5TmeSXo7AQwh93Iufim41mgJnJXHSIyc=,https://github.com/keirf/greaseweazle/archive/v1.23.tar.gz
groestlcoin,groestlcoin,29.0,fetchFromGitHub,https://github.com/Groestlcoin/groestlcoin,Groestlcoin,groestlcoin,v29.0,tag,17b83jch717d91srw1yc93p8ndl894ld9gx916wyy6jis07px6xh,https://github.com/Groestlcoin/groestlcoin/archive/v29.0.tar.gz
groestlcoind,groestlcoind,29.0,fetchFromGitHub,https://github.com/Groestlcoin/groestlcoin,Groestlcoin,groestlcoin,v29.0,tag,17b83jch717d91srw1yc93p8ndl894ld9gx916wyy6jis07px6xh,https://github.com/Groestlcoin/groestlcoin/archive/v29.0.tar.gz
gst,gst,5.0.5,fetchFromGitHub,https://github.com/uetchy/gst,uetchy,gst,v5.0.5,tag,sha256-NhbGHTYucfqCloVirkaDlAtQfhWP2cw4I+t/ysvvkR0=,https://github.com/uetchy/gst/archive/v5.0.5.tar.gz
gswatcher,gswatcher,1.7.5,fetchFromGitHub,https://github.com/lxndr/gswatcher,lxndr,gswatcher,refs/tags/v1.7.5,tag,sha256-RnyvKAnEF1tzVS+/GEwaGQNPIXKx7KU790ZElj6hJtw=,https://github.com/lxndr/gswatcher/archive/refs/tags/v1.7.5.tar.gz
gtk-sharp-2_0,gtk-sharp,2.12.45,fetchFromGitHub,https://github.com/mono/gtk-sharp,mono,gtk-sharp,2.12.45,tag,1vy6yfwkfv6bb45bzf4g6dayiqkvqqvlr02rsnhd10793hlpqlgg,https://github.com/mono/gtk-sharp/archive/2.12.45.tar.gz
guake,guake,3.10.1,fetchFromGitHub,https://github.com/Guake/guake,Guake,guake,refs/tags/3.10.1,tag,sha256-TTDVJeM37SbpWucJGYoeYX9t4r1k3ldru9Cd02hBrU4=,https://github.com/Guake/guake/archive/refs/tags/3.10.1.tar.gz
guff,guff,0.1.0,fetchFromGitHub,https://github.com/silentbicycle/guff,silentbicycle,guff,v0.1.0,tag,0n8mc9j3044j4b3vgc94ryd2j9ik6g73fqja54yxfdfrks4ksyds,https://github.com/silentbicycle/guff/archive/v0.1.0.tar.gz
gurk-rs,gurk-rs,0.8.1,fetchFromGitHub,https://github.com/boxdot/gurk-rs,boxdot,gurk-rs,refs/tags/v0.8.1,tag,sha256-HBqKcKPsNJQhLGGQ4X+xGPWwSABiaqubn11yyqiL0xU=,https://github.com/boxdot/gurk-rs/archive/refs/tags/v0.8.1.tar.gz
gxplugins-lv2,GxPlugins.lv2,1.0,fetchFromGitHub,https://github.com/brummer10/GxPlugins.lv2,brummer10,GxPlugins.lv2,refs/tags/v1.0,tag,sha256-NvmFoOAQtAnKrZgzG1Shy1HuJEWgjJloQEx6jw59hag=,
haguichi,haguichi,1.5.3,fetchFromGitHub,https://github.com/ztefn/haguichi,ztefn,haguichi,refs/tags/1.5.3,tag,sha256-cVM8VbW8aFq9fXFiVfGhkIhyqSXG2zyB3HyA5tTEDVY=,https://github.com/ztefn/haguichi/archive/refs/tags/1.5.3.tar.gz
halide,halide,21.0.0,fetchFromGitHub,https://github.com/halide/Halide,halide,Halide,refs/tags/v21.0.0,tag,sha256-A5EnZgXc9+L+bzWHftaL74nHmP8Jf0rnT5KJAAWvKis=,https://github.com/halide/Halide/archive/refs/tags/v21.0.0.tar.gz
hashlink,hashlink,1.15,fetchFromGitHub,https://github.com/HaxeFoundation/hashlink,HaxeFoundation,hashlink,1.15,tag,sha256-nVr+fDdna8EEHvIiXsccWFRTYzXfb4GG1zrfL+O6zLA=,https://github.com/HaxeFoundation/hashlink/archive/1.15.tar.gz
haskellPackages.changelog-d,changelog-d,1.0.2,fetchFromForgejo,https://codeberg.org/fgaz/changelog-d,fgaz,changelog-d,v1.0.2,tag,sha256-nPvuAkcFfK/NKXNBv8D2ePnB88WnjvmAIbzQHVvEXtk=,https://codeberg.org/fgaz/changelog-d/archive/v1.0.2.tar.gz
haskellPackages.postgrest,postgrest,14.5,fetchFromGitHub,https://github.com/PostgREST/postgrest,PostgREST,postgrest,v14.5,tag,sha256-qeFBq+d8AjwXp4YleOa0hLnBppI5+Tm1OEgB1QHWqY8=,https://github.com/PostgREST/postgrest/archive/v14.5.tar.gz
hasura-cli,hasura,2.48.11,fetchFromGitHub,https://github.com/hasura/graphql-engine,hasura,graphql-engine,v2.48.11,tag,sha256-ySZ2dbu3W7JfsE20r9AUG4/JbI5DN9MS7lPe8NXjpQ0=,https://github.com/hasura/graphql-engine/archive/v2.48.11.tar.gz
haunt,haunt,0.3.0,fetchgit,https://git.dthompson.us/haunt.git,,,refs/tags/v0.3.0,tag,sha256-i6MI0eaRiA/JNgkIBJGLAsqMnyJz47aavyD6kOL7sqU=,
hdf5,hdf5-cpp,1.14.6,fetchFromGitHub,https://github.com/HDFGroup/hdf5,HDFGroup,hdf5,hdf5_1.14.6,tag,sha256-mJTax+VWAL3Amkq3Ij8fxazY2nfpMOTxYMUQlTvY/rg=,https://github.com/HDFGroup/hdf5/archive/hdf5_1.14.6.tar.gz
hdf5-cpp,hdf5-cpp,1.14.6,fetchFromGitHub,https://github.com/HDFGroup/hdf5,HDFGroup,hdf5,hdf5_1.14.6,tag,sha256-mJTax+VWAL3Amkq3Ij8fxazY2nfpMOTxYMUQlTvY/rg=,https://github.com/HDFGroup/hdf5/archive/hdf5_1.14.6.tar.gz
hdf5-fortran,hdf5-cpp-fortran,1.14.6,fetchFromGitHub,https://github.com/HDFGroup/hdf5,HDFGroup,hdf5,hdf5_1.14.6,tag,sha256-mJTax+VWAL3Amkq3Ij8fxazY2nfpMOTxYMUQlTvY/rg=,https://github.com/HDFGroup/hdf5/archive/hdf5_1.14.6.tar.gz
hdf5-fortran-mpi,hdf5-fortran-mpi,1.14.6,fetchFromGitHub,https://github.com/HDFGroup/hdf5,HDFGroup,hdf5,hdf5_1.14.6,tag,sha256-mJTax+VWAL3Amkq3Ij8fxazY2nfpMOTxYMUQlTvY/rg=,https://github.com/HDFGroup/hdf5/archive/hdf5_1.14.6.tar.gz
hdf5-mpi,hdf5-mpi,1.14.6,fetchFromGitHub,https://github.com/HDFGroup/hdf5,HDFGroup,hdf5,hdf5_1.14.6,tag,sha256-mJTax+VWAL3Amkq3Ij8fxazY2nfpMOTxYMUQlTvY/rg=,https://github.com/HDFGroup/hdf5/archive/hdf5_1.14.6.tar.gz
hdf5-threadsafe,hdf5-threadsafe,1.14.6,fetchFromGitHub,https://github.com/HDFGroup/hdf5,HDFGroup,hdf5,hdf5_1.14.6,tag,sha256-mJTax+VWAL3Amkq3Ij8fxazY2nfpMOTxYMUQlTvY/rg=,https://github.com/HDFGroup/hdf5/archive/hdf5_1.14.6.tar.gz
headscale,headscale,0.28.0,fetchFromGitHub,https://github.com/juanfont/headscale,juanfont,headscale,refs/tags/v0.28.0,tag,sha256-gR5kOFv4/+87mOhMYjejBMhZlrwYhABZpG0zjIL5vtI=,https://github.com/juanfont/headscale/archive/refs/tags/v0.28.0.tar.gz
headsetcontrol,headsetcontrol,3.1.0,fetchFromGitHub,https://github.com/Sapd/HeadsetControl,Sapd,HeadsetControl,3.1.0,tag,sha256-9LUqYV0MMTtlFYZCEn81kML5F46GDYWYwoKpO0UORcQ=,https://github.com/Sapd/HeadsetControl/archive/3.1.0.tar.gz
heartbeat,heartbeat,7.17.27,fetchFromGitHub,https://github.com/elastic/beats,elastic,beats,v7.17.27,tag,sha256-TzcKB1hIHe1LNZ59GcvR527yvYqPKNXPIhpWH2vyMTY=,https://github.com/elastic/beats/archive/v7.17.27.tar.gz
heartbeat7,heartbeat,7.17.27,fetchFromGitHub,https://github.com/elastic/beats,elastic,beats,v7.17.27,tag,sha256-TzcKB1hIHe1LNZ59GcvR527yvYqPKNXPIhpWH2vyMTY=,https://github.com/elastic/beats/archive/v7.17.27.tar.gz
heatseeker,heatseeker,1.10.0,fetchFromGitHub,https://github.com/rschmitt/heatseeker,rschmitt,heatseeker,refs/tags/v1.10.0,tag,sha256-Hfx2QTfSJ6lh/K3ZdJzXqgxGOVbC2i2ZqZKH8Wtj/6k=,https://github.com/rschmitt/heatseeker/archive/refs/tags/v1.10.0.tar.gz
helio-workstation,helio-workstation,3.17,fetchFromGitHub,https://github.com/helio-fm/helio-workstation,helio-fm,helio-workstation,refs/tags/3.17,tag,sha256-uEo4dxwc1HksYGU5ssYp3rLugszSir2kKo4XxgqvSno=,
helm-docs,helm-docs,1.14.2,fetchFromGitHub,https://github.com/norwoodj/helm-docs,norwoodj,helm-docs,v1.14.2,tag,sha256-a7alzjh+vjJPw/g9yaYkOUvwpgiqCrtKTBkV1EuGYtk=,https://github.com/norwoodj/helm-docs/archive/v1.14.2.tar.gz
hjson,hjson,3.0.2,fetchFromGitHub,https://github.com/hjson/hjson-py,hjson,hjson-py,refs/tags/v3.0.2,tag,sha256-VrCLHfXShF45IEhGVQpryBzjxreQEunyghazDNKRh8k=,https://github.com/hjson/hjson-py/archive/refs/tags/v3.0.2.tar.gz
hl-log-viewer,hl-log-viewer,0.35.3,fetchFromGitHub,https://github.com/pamburus/hl,pamburus,hl,refs/tags/v0.35.3,tag,sha256-eEILIQ24QG2zAafex9dGQxQyXB6W8QVgqST3nL9hsI0=,https://github.com/pamburus/hl/archive/refs/tags/v0.35.3.tar.gz
hockeypuck,hockeypuck,2.1.0,fetchFromGitHub,https://github.com/hockeypuck/hockeypuck,hockeypuck,hockeypuck,2.1.0,tag,0da3ffbqck0dr7d89gy2yillp7g9a4ziyjlvrm8vgkkg2fs8dlb1,https://github.com/hockeypuck/hockeypuck/archive/2.1.0.tar.gz
hockeypuck-web,hockeypuck-web,2.1.0,fetchFromGitHub,https://github.com/hockeypuck/hockeypuck,hockeypuck,hockeypuck,2.1.0,tag,0da3ffbqck0dr7d89gy2yillp7g9a4ziyjlvrm8vgkkg2fs8dlb1,https://github.com/hockeypuck/hockeypuck/archive/2.1.0.tar.gz
honeymarker,honeymarker,0.2.12,fetchFromGitHub,https://github.com/honeycombio/honeymarker,honeycombio,honeymarker,v0.2.12,tag,sha256-28NCAtx3MHlwm44IUlI0DzUaycH9cPN8ZdEhhQtdciU=,https://github.com/honeycombio/honeymarker/archive/v0.2.12.tar.gz
honggfuzz,honggfuzz,2.6,fetchFromGitHub,https://github.com/google/honggfuzz,google,honggfuzz,2.6,tag,sha256-/ra6g0qjjC8Lo8/n2XEbwnZ95yDHcGhYd5+TTvQ6FAc=,https://github.com/google/honggfuzz/archive/2.6.tar.gz
horizon-eda,horizon-eda,2.7.2,fetchFromGitHub,https://github.com/horizon-eda/horizon,horizon-eda,horizon,v2.7.2,tag,sha256-YiTdY5FVbCSzohz0pZu8vLI2lohIbQYGAQIdQJwXAps=,https://github.com/horizon-eda/horizon/archive/v2.7.2.tar.gz
hotspot,hotspot,1.5.1,fetchFromGitHub,https://github.com/KDAB/hotspot,KDAB,hotspot,refs/tags/v1.5.1,tag,sha256-O2wp19scyHIwIY2AzKmPmorGXDH249/OhSg+KtzOYhI=,
hpx,hpx,1.11.0,fetchFromGitHub,https://github.com/STEllAR-GROUP/hpx,STEllAR-GROUP,hpx,v1.11.0,tag,sha256-AhByaw1KnEDuRfKiN+/vQMbkG0BJ6Z3+h+QT8scFzAY=,https://github.com/STEllAR-GROUP/hpx/archive/v1.11.0.tar.gz
hsd,hsd,8.0.0,fetchFromGitHub,https://github.com/handshake-org/hsd,handshake-org,hsd,v8.0.0,tag,sha256-7hF8cJf9Oewfg5WvNpqQSrBZjpnERcdDAaxixOdArpo=,https://github.com/handshake-org/hsd/archive/v8.0.0.tar.gz
hstr,hstr,3.1,fetchFromGitHub,https://github.com/dvorka/hstr,dvorka,hstr,3.1,tag,sha256-OuLy1aiEwUJDGy3+UXYF1Vx1nNXic46WIZEM1xrIPfA=,https://github.com/dvorka/hstr/archive/3.1.tar.gz
html-tidy,html-tidy,5.8.0,fetchFromGitHub,https://github.com/htacg/tidy-html5,htacg,tidy-html5,5.8.0,tag,sha256-vzVWQodwzi3GvC9IcSQniYBsbkJV20iZanF33A0Gpe0=,https://github.com/htacg/tidy-html5/archive/5.8.0.tar.gz
hugo,hugo,0.155.3,fetchFromGitHub,https://github.com/gohugoio/hugo,gohugoio,hugo,refs/tags/v0.155.3,tag,sha256-2TvzM7veSAGDqomWXHuEnYX8bGVxAxTto0Xzc+vypDY=,https://github.com/gohugoio/hugo/archive/refs/tags/v0.155.3.tar.gz
hw-probe,hw-probe,1.6.6,fetchFromGitHub,https://github.com/linuxhw/hw-probe,linuxhw,hw-probe,1.6.6,tag,sha256-8dLfk2k7xG2CXMHfMPrpgq43j3ttj5a0bgNPEahl2rQ=,https://github.com/linuxhw/hw-probe/archive/1.6.6.tar.gz
hwatch,hwatch,0.3.19,fetchFromGitHub,https://github.com/blacknon/hwatch,blacknon,hwatch,refs/tags/0.3.19,tag,sha256-lMsBzMDMgpHxcQFtfZ4K7r2WRUaVR8Ry/kPvwfzPObI=,https://github.com/blacknon/hwatch/archive/refs/tags/0.3.19.tar.gz
hydrogen,hydrogen,1.2.6,fetchFromGitHub,https://github.com/hydrogen-music/hydrogen,hydrogen-music,hydrogen,refs/tags/1.2.6,tag,sha256-JK4AAGMby2S2fh9bmgb2mSHBgKfUQ481GDjAvOdSnjs=,https://github.com/hydrogen-music/hydrogen/archive/refs/tags/1.2.6.tar.gz
hyperion-ng,hyperion.ng,2.1.1,fetchFromGitHub,https://github.com/hyperion-project/hyperion.ng,hyperion-project,hyperion.ng,2.1.1,tag,sha256-lKLXgOrXp8DLmlpQe/33A30l4K9VX8P0q2LUA+lLYws=,
hyperledger-fabric,hyperledger-fabric,2.5.13,fetchFromGitHub,https://github.com/hyperledger/fabric,hyperledger,fabric,refs/tags/v2.5.13,tag,sha256-HLDafeDe7eXuVZ8JqGYIr5Y5YicsR3PaDX/UeSqg8Vw=,https://github.com/hyperledger/fabric/archive/refs/tags/v2.5.13.tar.gz
hyperrogue,hyperrogue,13.1i,fetchFromGitHub,https://github.com/zenorogue/hyperrogue,zenorogue,hyperrogue,refs/tags/v13.1i,tag,sha256-JFSPbcbPuTKq9TNMCwpjDOEaI3SdAfcnSIi/uZkYT7w=,https://github.com/zenorogue/hyperrogue/archive/refs/tags/v13.1i.tar.gz
hypnotix,hypnotix,5.6,fetchFromGitHub,https://github.com/linuxmint/hypnotix,linuxmint,hypnotix,refs/tags/5.6,tag,sha256-7CPrRMoVM1FaU8aJlnZigTkHa97bDPdwcu4JY7sERJQ=,https://github.com/linuxmint/hypnotix/archive/refs/tags/5.6.tar.gz
hyprspace,hyprspace,0.12.0,fetchFromGitHub,https://github.com/hyprspace/hyprspace,hyprspace,hyprspace,refs/tags/v0.12.0,tag,sha256-VOufAPhCbLzVxrj/XKwunJkxUx0EAovV4+adrQLwcoI=,https://github.com/hyprspace/hyprspace/archive/refs/tags/v0.12.0.tar.gz
hypseus-singe,hypseus-singe,2.11.7,fetchFromGitHub,https://github.com/DirtBagXon/hypseus-singe,DirtBagXon,hypseus-singe,refs/tags/v2.11.7,tag,sha256-/Jt4w6LQ/EdZ1kmXlu08clDu+uYRL/UlgEyxa+BXooM=,https://github.com/DirtBagXon/hypseus-singe/archive/refs/tags/v2.11.7.tar.gz
hysteria,hysteria,2.7.1,fetchFromGitHub,https://github.com/apernet/hysteria,apernet,hysteria,app/v2.7.1,tag,sha256-EqDwCb8hd0bRTCqG762DZvSw7PGCD13SXxW/W5f6HVs=,https://github.com/apernet/hysteria/archive/app/v2.7.1.tar.gz
i2pd,i2pd,2.59.0,fetchFromGitHub,https://github.com/PurpleI2P/i2pd,PurpleI2P,i2pd,refs/tags/2.59.0,tag,sha256-PBwjP54gVtMduN//OXxd35KnRJv7sbA1MIUU+1KNUac=,https://github.com/PurpleI2P/i2pd/archive/refs/tags/2.59.0.tar.gz
igsc,igsc,0.9.6,fetchFromGitHub,https://github.com/intel/igsc,intel,igsc,refs/tags/V0.9.6,tag,sha256-ecjcDYirbJC2s48+SOwFuJAJQ6eaabTrmgTjgb+dXrA=,https://github.com/intel/igsc/archive/refs/tags/V0.9.6.tar.gz
ilmbase,ilmbase,2.5.10,fetchFromGitHub,https://github.com/AcademySoftwareFoundation/openexr,AcademySoftwareFoundation,openexr,v2.5.10,tag,sha256-xdC+T79ZQBx/XhuIXtP93Roj0N9lF+E65ReEKQ4kIsg=,https://github.com/AcademySoftwareFoundation/openexr/archive/v2.5.10.tar.gz
imagemagick,imagemagick,7.1.2-13,fetchFromGitHub,https://github.com/ImageMagick/ImageMagick,ImageMagick,ImageMagick,refs/tags/7.1.2-13,tag,sha256-meADRjoV1c48laD35TuWAwuE95L90agROuuKBd++Kn8=,https://github.com/ImageMagick/ImageMagick/archive/refs/tags/7.1.2-13.tar.gz
imagemagickBig,imagemagick,7.1.2-13,fetchFromGitHub,https://github.com/ImageMagick/ImageMagick,ImageMagick,ImageMagick,refs/tags/7.1.2-13,tag,sha256-meADRjoV1c48laD35TuWAwuE95L90agROuuKBd++Kn8=,https://github.com/ImageMagick/ImageMagick/archive/refs/tags/7.1.2-13.tar.gz
imagemagick_light,imagemagick,7.1.2-13,fetchFromGitHub,https://github.com/ImageMagick/ImageMagick,ImageMagick,ImageMagick,refs/tags/7.1.2-13,tag,sha256-meADRjoV1c48laD35TuWAwuE95L90agROuuKBd++Kn8=,https://github.com/ImageMagick/ImageMagick/archive/refs/tags/7.1.2-13.tar.gz
imewlconverter,imewlconverter,3.3.0,fetchFromGitHub,https://github.com/studyzy/imewlconverter,studyzy,imewlconverter,v3.3.0,tag,sha256-4O25M91zOGK8nTxT0s7QlIcYYV0erWBErNlc2+BMpGk=,https://github.com/studyzy/imewlconverter/archive/v3.3.0.tar.gz
imgbrd-grabber,imgbrd-grabber,7.13.0,fetchFromGitHub,https://github.com/Bionus/imgbrd-grabber,Bionus,imgbrd-grabber,refs/tags/v7.13.0,tag,sha256-7EIXmqfTADG95vxKU1cFGnzZD3NJJN28HOF71YZD6nI=,
imgui,imgui,1.91.4,fetchFromGitHub,https://github.com/ocornut/imgui,ocornut,imgui,refs/tags/v1.91.4,tag,sha256-6j4keBOAzbBDsV0+R4zTNlsltxz2dJDGI43UIrHXDNM=,https://github.com/ocornut/imgui/archive/refs/tags/v1.91.4.tar.gz
imhex,imhex,1.38.1,fetchFromGitHub,https://github.com/WerWolv/ImHex,WerWolv,ImHex,refs/tags/v1.38.1,tag,sha256-lkpFiXuEF72nBkPuInv683Ct1Uu+uZ0PGejI9cVEUp0=,
implot,implot,0.16,fetchFromGitHub,https://github.com/epezent/implot,epezent,implot,v0.16,tag,sha256-/wkVsgz3wiUVZBCgRl2iDD6GWb+AoHN+u0aeqHHgem0=,https://github.com/epezent/implot/archive/v0.16.tar.gz
incus,incus,6.22.0,fetchFromGitHub,https://github.com/lxc/incus,lxc,incus,refs/tags/v6.22.0,tag,sha256-KanD657VNxcf7xjFkEoQZJz3hB12KOuAAEInNZoQmcY=,https://github.com/lxc/incus/archive/refs/tags/v6.22.0.tar.gz
inferno,inferno,0.12.4,fetchFromGitHub,https://github.com/jonhoo/inferno,jonhoo,inferno,refs/tags/v0.12.4,tag,sha256-8c3JRPUvuo1uQ22vgzgEPXoNSRnUKciEff13QrN3WHI=,
influxdb,influxdb,1.12.2,fetchFromGitHub,https://github.com/influxdata/influxdb,influxdata,influxdb,v1.12.2,tag,sha256-Q05mKmAXxrk7IVNxUD8HHNKnWCxmNCdsr6NK7d7vOHM=,https://github.com/influxdata/influxdb/archive/v1.12.2.tar.gz
influxdb2-server,influxdb,2.7.12,fetchFromGitHub,https://github.com/influxdata/influxdb,influxdata,influxdb,v2.7.12,tag,sha256-FwvcKxCozMqJulDDCFDgp7MYJwMq/9XZ6g2q2lIgFc0=,https://github.com/influxdata/influxdb/archive/v2.7.12.tar.gz
infracost,infracost,0.10.43,fetchFromGitHub,https://github.com/infracost/infracost,infracost,infracost,v0.10.43,tag,sha256-02HQp11MfUKK0tXcBRmGqatG5C7462VEWtHHCjLv32I=,https://github.com/infracost/infracost/archive/v0.10.43.tar.gz
inql,inql,4.0.6,fetchFromGitHub,https://github.com/doyensec/inql,doyensec,inql,refs/tags/v4.0.6,tag,sha256-DFGJHqdrCmOZn8GdY5SZ1PrOhuIsMLoK+2Fry9WkRiY=,https://github.com/doyensec/inql/archive/refs/tags/v4.0.6.tar.gz
instawow,instawow,7.0.0,fetchFromGitHub,https://github.com/layday/instawow,layday,instawow,refs/tags/v7.0.0,tag,sha256-dT1oiPX+id0g28I9I/WJS9G6hyeHHGx5mWvNKXX1Wus=,https://github.com/layday/instawow/archive/refs/tags/v7.0.0.tar.gz
intel-cmt-cat,intel-cmt-cat,25.04,fetchFromGitHub,https://github.com/intel/intel-cmt-cat,intel,intel-cmt-cat,v25.04,tag,sha256-Sbxfa9F+TSv2A8nilrB0PD312v1qN++k8Pezd7wd0PA=,https://github.com/intel/intel-cmt-cat/archive/v25.04.tar.gz
intel-compute-runtime,intel-compute-runtime,26.01.36711.4,fetchFromGitHub,https://github.com/intel/compute-runtime,intel,compute-runtime,refs/tags/26.01.36711.4,tag,sha256-77fVA2T6niK2a9i6v6sAR98fHnExbHqRdHexKBkqd7M=,https://github.com/intel/compute-runtime/archive/refs/tags/26.01.36711.4.tar.gz
intel-compute-runtime-legacy1,intel-compute-runtime-legacy1,24.35.30872.41,fetchFromGitHub,https://github.com/intel/compute-runtime,intel,compute-runtime,24.35.30872.41,tag,sha256-CnMIOAPnVhKVQxAcOZAuV5M4HJ2qftzEm9YdCuvkFbI=,https://github.com/intel/compute-runtime/archive/24.35.30872.41.tar.gz
intel-ipsec-mb,intel-ipsec-mb,2.0.1,fetchFromGitHub,https://github.com/intel/intel-ipsec-mb,intel,intel-ipsec-mb,refs/tags/v2.0.1,tag,sha256-k/NoPMKbiWZ25tdomsPpv2gfhQuBHxzX6KRT1UY88Ko=,https://github.com/intel/intel-ipsec-mb/archive/refs/tags/v2.0.1.tar.gz
intelli-shell,intelli-shell,3.4.0,fetchFromGitHub,https://github.com/lasantosr/intelli-shell,lasantosr,intelli-shell,v3.4.0,tag,sha256-TrT2gMc23m4xZ/fxxHqEkGpq3VBeLfkPXC9H1sSSOaQ=,https://github.com/lasantosr/intelli-shell/archive/v3.4.0.tar.gz
intermodal,intermodal,0.1.15,fetchFromGitHub,https://github.com/casey/intermodal,casey,intermodal,v0.1.15,tag,sha256-dNDJHLxKsuAwQifNHTjr4qhPx+GGY0KUAeWz1qthqOo=,https://github.com/casey/intermodal/archive/v0.1.15.tar.gz
ipe,ipe,7.2.30,fetchFromGitHub,https://github.com/otfried/ipe,otfried,ipe,refs/tags/v7.2.30,tag,sha256-bvwEgEP/cinigixJr8e964sm6secSK+7Ul7WFfwM0gE=,https://github.com/otfried/ipe/archive/refs/tags/v7.2.30.tar.gz
ipopt,ipopt,3.14.19,fetchFromGitHub,https://github.com/coin-or/Ipopt,coin-or,Ipopt,releases/3.14.19,tag,sha256-85fUBMwQtG+RWQYk9YzdZYK3CYcDKgWroo4blhVWBzE=,https://github.com/coin-or/Ipopt/archive/releases/3.14.19.tar.gz
ipv6calc,ipv6calc,4.4.0,fetchFromGitHub,https://github.com/pbiering/ipv6calc,pbiering,ipv6calc,4.4.0,tag,sha256-+u+7XdW0bS3nE5djdy7I1/NHZdXU9QKukZAvTkWsCK0=,https://github.com/pbiering/ipv6calc/archive/4.4.0.tar.gz
irrd,irrd,4.5.0,fetchFromGitHub,https://github.com/irrdnet/irrd,irrdnet,irrd,refs/tags/v4.5.0,tag,sha256-6z94Ha2QQ0LE4o3hzsNl4y/nPv849cSP8on3UeegE4c=,https://github.com/irrdnet/irrd/archive/refs/tags/v4.5.0.tar.gz
irssi,irssi,1.4.5,fetchFromGitHub,https://github.com/irssi/irssi,irssi,irssi,1.4.5,tag,sha256-D+KMjkweStMqVhoQoiJPFt/G0vdf7x2FjYCvqGS8UqY=,https://github.com/irssi/irssi/archive/1.4.5.tar.gz
irust,irust,1.76.2,fetchFromGitHub,https://github.com/sigmaSd/IRust,sigmaSd,IRust,irust@1.76.2,tag,sha256-bZKFoN6hr/TLTvGAWUXS+S3RnYhdirUeGz30LYbgA7g=,https://github.com/sigmaSd/IRust/archive/irust@1.76.2.tar.gz
ispc,ispc,1.30.0,fetchFromGitHub,https://github.com/ispc/ispc,ispc,ispc,refs/tags/v1.30.0,tag,sha256-CzyK38c8fCG7QiVHE0rSzxmyTXNr4sg1WtChbi75Wmw=,https://github.com/ispc/ispc/archive/refs/tags/v1.30.0.tar.gz
isso,isso,0.13.0,fetchFromGitHub,https://github.com/posativ/isso,posativ,isso,refs/tags/0.13.0,tag,sha256-kZNf7Rlb1DZtQe4dK1B283OkzQQcCX+pbvZzfL65gsA=,https://github.com/posativ/isso/archive/refs/tags/0.13.0.tar.gz
itk,itk,5.4.5,fetchFromGitHub,https://github.com/InsightSoftwareConsortium/ITK,InsightSoftwareConsortium,ITK,refs/tags/v5.4.5,tag,sha256-THGtG3gc4LnUEn8tU735dCyIKoaIxPYPzeXCvKKGRRk=,https://github.com/InsightSoftwareConsortium/ITK/archive/refs/tags/v5.4.5.tar.gz
itk_5,itk,5.4.5,fetchFromGitHub,https://github.com/InsightSoftwareConsortium/ITK,InsightSoftwareConsortium,ITK,refs/tags/v5.4.5,tag,sha256-THGtG3gc4LnUEn8tU735dCyIKoaIxPYPzeXCvKKGRRk=,https://github.com/InsightSoftwareConsortium/ITK/archive/refs/tags/v5.4.5.tar.gz
itk_5_2,itk,5.2.1,fetchFromGitHub,https://github.com/InsightSoftwareConsortium/ITK,InsightSoftwareConsortium,ITK,refs/tags/v5.2.1,tag,sha256-KaVe9FMGm4ZVMpwAT12fA67T0qZS3ZueiI8z85+xSwE=,https://github.com/InsightSoftwareConsortium/ITK/archive/refs/tags/v5.2.1.tar.gz
jabref,jabref,6.0-alpha.4,fetchFromGitHub,https://github.com/JabRef/jabref,JabRef,jabref,refs/tags/v6.0-alpha.4,tag,sha256-ZhyWYZD8QT3dH6MwG2kMjTAjkxaVFIMR4C9aAvi3FJQ=,
jack-link,jack-link,0.2.6,fetchFromGitHub,https://github.com/rncbc/jack_link,rncbc,jack_link,refs/tags/v0.2.6,tag,sha256-mZ74nkiAQHkJAZYHTsNcQnrisaUIyHwEDUbrvOL6CAU=,
jalv,jalv,1.6.8,fetchFromGitHub,https://github.com/drobilla/jalv,drobilla,jalv,refs/tags/v1.6.8,tag,sha256-MAQoc+WcuoG6Psa44VRaZ2TWB2LBpvf6EmqbUZPUf38=,https://github.com/drobilla/jalv/archive/refs/tags/v1.6.8.tar.gz
jalv-qt,jalv,1.6.8,fetchFromGitHub,https://github.com/drobilla/jalv,drobilla,jalv,refs/tags/v1.6.8,tag,sha256-MAQoc+WcuoG6Psa44VRaZ2TWB2LBpvf6EmqbUZPUf38=,https://github.com/drobilla/jalv/archive/refs/tags/v1.6.8.tar.gz
jamulus,jamulus,3.11.0,fetchFromGitHub,https://github.com/jamulussoftware/jamulus,jamulussoftware,jamulus,refs/tags/r3_11_0,tag,sha256-YxXSSVm3n96YzE51cXpWf4z2nQBSguvcEp/kU0a6iBA=,https://github.com/jamulussoftware/jamulus/archive/refs/tags/r3_11_0.tar.gz
janus-gateway,janus-gateway,1.4.0,fetchFromGitHub,https://github.com/meetecho/janus-gateway,meetecho,janus-gateway,v1.4.0,tag,sha256-Kt36rnBwmrf2/xDD4FR/T4Qlq4wx/Lq8fId6EgjBxkA=,https://github.com/meetecho/janus-gateway/archive/v1.4.0.tar.gz
jasp-desktop,jasp-desktop,0.95.4,fetchFromGitHub,https://github.com/jasp-stats/jasp-desktop,jasp-stats,jasp-desktop,refs/tags/v0.95.4,tag,sha256-n7lXedICK+sAuSW6hODy+TngAZpDIObWDhTtOjiTXgc=,
javacc,javacc,7.0.13,fetchFromGitHub,https://github.com/javacc/javacc,javacc,javacc,javacc-7.0.13,tag,sha256-nDJvKIbJc23Tvfn7Zqvt5tDDffNf4KQ0juGQQCZ+i1c=,https://github.com/javacc/javacc/archive/javacc-7.0.13.tar.gz
jd-diff-patch,jd-diff-patch,2.5.0,fetchFromGitHub,https://github.com/josephburnett/jd,josephburnett,jd,v2.5.0,tag,sha256-WH6fweuntzIjoc7HodflPxEPsrJ/9t77d0z22CHjBVA=,https://github.com/josephburnett/jd/archive/v2.5.0.tar.gz
jellyfin,jellyfin,10.11.6,fetchFromGitHub,https://github.com/jellyfin/jellyfin,jellyfin,jellyfin,refs/tags/v10.11.6,tag,sha256-bF/N6FC1/qfBar2KNut8KY3Rz+pqArCt4HV3NAH8eaU=,https://github.com/jellyfin/jellyfin/archive/refs/tags/v10.11.6.tar.gz
jerryscript,jerryscript,3.0.0,fetchFromGitHub,https://github.com/jerryscript-project/jerryscript,jerryscript-project,jerryscript,refs/tags/v3.0.0,tag,sha256-Evu4qLlwg3Sf9w/ojtZMNxGJEtopHgKnwqlpf115zD4=,https://github.com/jerryscript-project/jerryscript/archive/refs/tags/v3.0.0.tar.gz
jitsi,jitsi,2.11.5633,fetchFromGitHub,https://github.com/jitsi/jitsi,jitsi,jitsi,refs/tags/5633,tag,sha256-CN4o0VfHdoUteI2wyJ2hFJ9UsQ2wWUzcvrLMbR/l36M=,https://github.com/jitsi/jitsi/archive/refs/tags/5633.tar.gz
jmeter,jmeter,5.6.3,fetchFromGitHub,https://github.com/apache/jmeter,apache,jmeter,rel/v5.6.3,tag,sha256-mYjQs32SDoUB6SLXvEVOyxU68b8QRv39XxE3fvn4oNM=,https://github.com/apache/jmeter/archive/rel/v5.6.3.tar.gz
jnr-posix,jnr-posix,3.1.18,fetchFromGitHub,https://github.com/jnr/jnr-posix,jnr,jnr-posix,jnr-posix-3.1.18,tag,sha256-zx8I9rsu9Kjef+LatDA1WIuO7Vgo0/JM5nGi3pSWch4=,https://github.com/jnr/jnr-posix/archive/jnr-posix-3.1.18.tar.gz
jobber,jobber,1.4.4,fetchFromGitHub,https://github.com/dshearer/jobber,dshearer,jobber,v1.4.4,tag,sha256-mLYyrscvT/VK9ehwkPUq4RbwHb+6Wjvt7ZXk/fI0HT4=,https://github.com/dshearer/jobber/archive/v1.4.4.tar.gz
jp,jp,0.2.1,fetchFromGitHub,https://github.com/jmespath/jp,jmespath,jp,0.2.1,tag,sha256-a3WvLAdUZk+Y+L+opPDMBvdN5x5B6nAi/lL8JHJG/gY=,https://github.com/jmespath/jp/archive/0.2.1.tar.gz
jtc,jtc,1.76,fetchFromGitHub,https://github.com/ldn-softdev/jtc,ldn-softdev,jtc,1.76,tag,sha256-VATRlOOV4wBInLOm9J0Dp2vhtL5mb0Yxdl/ya0JiqEU=,https://github.com/ldn-softdev/jtc/archive/1.76.tar.gz
juicefs,juicefs,1.3.1,fetchFromGitHub,https://github.com/juicedata/juicefs,juicedata,juicefs,v1.3.1,tag,sha256-FACkhBYlJK3NcgYliqT/18djVB7sAo53oqosdFFkAtI=,https://github.com/juicedata/juicefs/archive/v1.3.1.tar.gz
juju,juju,3.6.12,fetchFromGitHub,https://github.com/juju/juju,juju,juju,v3.6.12,tag,sha256-c47+BmknMWoZr5xFGkR0Y8m7aNBm26441qOAsrHhUk8=,https://github.com/juju/juju/archive/v3.6.12.tar.gz
just,just,1.46.0,fetchFromGitHub,https://github.com/casey/just,casey,just,refs/tags/1.46.0,tag,sha256-NE54LKS2bYBfQL+yLJPaG4iF7EiJfDqBfnsrlPo1+OE=,https://github.com/casey/just/archive/refs/tags/1.46.0.tar.gz
jwm,jwm,2.4.6,fetchFromGitHub,https://github.com/joewing/jwm,joewing,jwm,v2.4.6,tag,sha256-odGqHdm8xnjEcXmpKMy51HEhbjcROLL3hRSdlbmTr2g=,https://github.com/joewing/jwm/archive/v2.4.6.tar.gz
kahip,kahip,3.22,fetchFromGitHub,https://github.com/KaHIP/KaHIP,KaHIP,KaHIP,refs/tags/v3.22,tag,sha256-uZRNATfrQgAn5Wsmpk9tU0ojXHbLJ8DOOuXRJJhkhFM=,https://github.com/KaHIP/KaHIP/archive/refs/tags/v3.22.tar.gz
kallisto,kallisto,0.51.1,fetchFromGitHub,https://github.com/pachterlab/kallisto,pachterlab,kallisto,v0.51.1,tag,sha256-hfdeztEyHvuOnLS71oSv8sPqFe2UCX5KlANqrT/Gfx8=,https://github.com/pachterlab/kallisto/archive/v0.51.1.tar.gz
kanboard,kanboard,1.2.50,fetchFromGitHub,https://github.com/kanboard/kanboard,kanboard,kanboard,refs/tags/v1.2.50,tag,sha256-/nC+V8KfVdEFEBozFFsyinUfXzZbu7h8/ROpjJoDchI=,https://github.com/kanboard/kanboard/archive/refs/tags/v1.2.50.tar.gz
kanidmWithSecretProvisioning,kanidm-with-secret-provisioning,1.7.4,fetchFromGitHub,https://github.com/kanidm/kanidm,kanidm,kanidm,refs/tags/v1.7.4,tag,sha256-nWwwcRmCfKJECYN/5w30W3sDu9BqIGonF4ke8F04x3E=,https://github.com/kanidm/kanidm/archive/refs/tags/v1.7.4.tar.gz
kanidmWithSecretProvisioning_1_7,kanidm-with-secret-provisioning,1.7.4,fetchFromGitHub,https://github.com/kanidm/kanidm,kanidm,kanidm,refs/tags/v1.7.4,tag,sha256-nWwwcRmCfKJECYN/5w30W3sDu9BqIGonF4ke8F04x3E=,https://github.com/kanidm/kanidm/archive/refs/tags/v1.7.4.tar.gz
kanidmWithSecretProvisioning_1_8,kanidm-with-secret-provisioning,1.8.6,fetchFromGitHub,https://github.com/kanidm/kanidm,kanidm,kanidm,refs/tags/v1.8.6,tag,sha256-+NZs8HHHmWGmlNNymIlbV7E28RiaGLmvtZkCWZJQvMk=,https://github.com/kanidm/kanidm/archive/refs/tags/v1.8.6.tar.gz
kanidmWithSecretProvisioning_1_9,kanidm-with-secret-provisioning,1.9.1,fetchFromGitHub,https://github.com/kanidm/kanidm,kanidm,kanidm,refs/tags/v1.9.1,tag,sha256-XO+rkPalM7xA9l3RNeA8X6ht57DBoaIB1Eo8JtFM4i4=,https://github.com/kanidm/kanidm/archive/refs/tags/v1.9.1.tar.gz
kanidm_1_7,kanidm,1.7.4,fetchFromGitHub,https://github.com/kanidm/kanidm,kanidm,kanidm,refs/tags/v1.7.4,tag,sha256-nWwwcRmCfKJECYN/5w30W3sDu9BqIGonF4ke8F04x3E=,https://github.com/kanidm/kanidm/archive/refs/tags/v1.7.4.tar.gz
kanidm_1_8,kanidm,1.8.6,fetchFromGitHub,https://github.com/kanidm/kanidm,kanidm,kanidm,refs/tags/v1.8.6,tag,sha256-+NZs8HHHmWGmlNNymIlbV7E28RiaGLmvtZkCWZJQvMk=,https://github.com/kanidm/kanidm/archive/refs/tags/v1.8.6.tar.gz
kanidm_1_9,kanidm,1.9.1,fetchFromGitHub,https://github.com/kanidm/kanidm,kanidm,kanidm,refs/tags/v1.9.1,tag,sha256-XO+rkPalM7xA9l3RNeA8X6ht57DBoaIB1Eo8JtFM4i4=,https://github.com/kanidm/kanidm/archive/refs/tags/v1.9.1.tar.gz
karma-runner,karma,6.4.4,fetchFromGitHub,https://github.com/karma-runner/karma,karma-runner,karma,refs/tags/v6.4.4,tag,sha256-RfEmzUMzgOY6YG0MBheCgwmwOU3C5G8hybH40gLmsr4=,https://github.com/karma-runner/karma/archive/refs/tags/v6.4.4.tar.gz
kcc,kcc,9.4.3,fetchFromGitHub,https://github.com/ciromattia/kcc,ciromattia,kcc,refs/tags/v9.4.3,tag,sha256-TBQ7v63zti+KgaFCFgoIOMIhYaLnU3JH1YU52+idIQQ=,https://github.com/ciromattia/kcc/archive/refs/tags/v9.4.3.tar.gz
kcgi,kcgi,0.10.8,fetchFromGitHub,https://github.com/kristapsdz/kcgi,kristapsdz,kcgi,VERSION_0_10_8,tag,0ha6r7bcgf6pcn5gbd2sl7835givhda1jql49c232f1iair1yqyp,https://github.com/kristapsdz/kcgi/archive/VERSION_0_10_8.tar.gz
kde-rounded-corners,kde-rounded-corners,0.8.6,fetchFromGitHub,https://github.com/matinlotfali/KDE-Rounded-Corners,matinlotfali,KDE-Rounded-Corners,v0.8.6,tag,sha256-v/kobtUoWBbYP4iMiUqWNnpIYyu5CBmYHnwxfN4eoQ0=,https://github.com/matinlotfali/KDE-Rounded-Corners/archive/v0.8.6.tar.gz
kde.appstream-qt,appstream-qt,1.1.2,fetchFromGitHub,https://github.com/ximion/appstream,ximion,appstream,v1.1.2,tag,sha256-tvdWWdL6PthffAZZnNZ3+17/eJdZFx8xFkqm7IvyPWE=,https://github.com/ximion/appstream/archive/v1.1.2.tar.gz
kde.fcitx5-chinese-addons,fcitx5-chinese-addons,5.1.10,fetchFromGitHub,https://github.com/fcitx/fcitx5-chinese-addons,fcitx,fcitx5-chinese-addons,5.1.10,tag,sha256-kVBDfr8NKsQQQX69N3/fVqJgObRNSX2p0GNSUjbZvcg=,https://github.com/fcitx/fcitx5-chinese-addons/archive/5.1.10.tar.gz
keepassxc,keepassxc,2.7.11,fetchFromGitHub,https://github.com/keepassxreboot/keepassxc,keepassxreboot,keepassxc,refs/tags/2.7.11,tag,sha256-Hec3RBC/f0GV6ZBniy+BjMAkABlg111mShrQv0aYm6g=,https://github.com/keepassxreboot/keepassxc/archive/refs/tags/2.7.11.tar.gz
kemai,kemai,0.11.1,fetchFromGitHub,https://github.com/AlexandrePTJ/kemai,AlexandrePTJ,kemai,refs/tags/0.11.1,tag,sha256-2Cyrd0fKaEHkDaKF8lFwuoLvl6553rp3ET2xLUUrTnk=,https://github.com/AlexandrePTJ/kemai/archive/refs/tags/0.11.1.tar.gz
keto,keto,0.14.0,fetchFromGitHub,https://github.com/ory/keto,ory,keto,v0.14.0,tag,sha256-DQiE7PvRnOzdRITRl7LgUDmCJO5/aUzbFdEIyiofZfU=,https://github.com/ory/keto/archive/v0.14.0.tar.gz
key,key,2.12.3,fetchFromGitHub,https://github.com/KeYProject/key,KeYProject,key,refs/tags/KEY-2.12.3,tag,sha256-1pN0lmr/teVitpMIM9M9lSTkmnVcZwdAQay2pzgJDCk=,https://github.com/KeYProject/key/archive/refs/tags/KEY-2.12.3.tar.gz
keychain,keychain,2.9.8,fetchFromGitHub,https://github.com/funtoo/keychain,funtoo,keychain,2.9.8,tag,sha256-xk3ooFhBkgv93Po5oC4TZRmMhJJXDv7yekoE102FQd8=,https://github.com/funtoo/keychain/archive/2.9.8.tar.gz
keymapper,keymapper,5.3.1,fetchFromGitHub,https://github.com/houmain/keymapper,houmain,keymapper,refs/tags/5.3.1,tag,sha256-YKfKgsrjDrskLEoYCSRMYco7+7E/sgXFAMEwwm7rs7w=,https://github.com/houmain/keymapper/archive/refs/tags/5.3.1.tar.gz
kimai,kimai,2.49.0,fetchFromGitHub,https://github.com/kimai/kimai,kimai,kimai,refs/tags/2.49.0,tag,sha256-hP67vu/8D7dTOPklyc8g3B//LAvs5YZ0g7fZ5lePM48=,https://github.com/kimai/kimai/archive/refs/tags/2.49.0.tar.gz
kitty,kitty,0.45.0,fetchFromGitHub,https://github.com/kovidgoyal/kitty,kovidgoyal,kitty,refs/tags/v0.45.0,tag,sha256-3XQWmLd8F0ndzzLOcV/7144M9enqc/7FULVLeM2Kpts=,https://github.com/kovidgoyal/kitty/archive/refs/tags/v0.45.0.tar.gz
klayout,klayout,0.30.5,fetchFromGitHub,https://github.com/KLayout/klayout,KLayout,klayout,v0.30.5,tag,sha256-WigRictn6CxOPId2YitlEm43vEw+dSRWdoareD9HtMc=,https://github.com/KLayout/klayout/archive/v0.30.5.tar.gz
knightos-scas,scas,0.5.5,fetchFromGitHub,https://github.com/KnightOS/scas,KnightOS,scas,0.5.5,tag,sha256-JGQE+orVDKKJsTt8sIjPX+3yhpZkujISroQ6g19+MzU=,https://github.com/KnightOS/scas/archive/0.5.5.tar.gz
koboldcpp,koboldcpp,1.105.4,fetchFromGitHub,https://github.com/LostRuins/koboldcpp,LostRuins,koboldcpp,refs/tags/v1.105.4,tag,sha256-m3rpvp7Lqs9RUEYwtxHjfNv0ByCWEVrtGvQFtzreMI4=,https://github.com/LostRuins/koboldcpp/archive/refs/tags/v1.105.4.tar.gz
kodi,kodi,21.3,fetchFromGitHub,https://github.com/xbmc/xbmc,xbmc,xbmc,21.3-Omega,tag,sha256-36wBAqGEDCRZ4t1ygTg03Pyk7Gg9quUTUGD3SBp6nCk=,https://github.com/xbmc/xbmc/archive/21.3-Omega.tar.gz
kodi-gbm,kodi,21.3,fetchFromGitHub,https://github.com/xbmc/xbmc,xbmc,xbmc,21.3-Omega,tag,sha256-36wBAqGEDCRZ4t1ygTg03Pyk7Gg9quUTUGD3SBp6nCk=,https://github.com/xbmc/xbmc/archive/21.3-Omega.tar.gz
kodi-wayland,kodi,21.3,fetchFromGitHub,https://github.com/xbmc/xbmc,xbmc,xbmc,21.3-Omega,tag,sha256-36wBAqGEDCRZ4t1ygTg03Pyk7Gg9quUTUGD3SBp6nCk=,https://github.com/xbmc/xbmc/archive/21.3-Omega.tar.gz
koodo-reader,koodo-reader,2.2.4,fetchFromGitHub,https://github.com/troyeguo/koodo-reader,troyeguo,koodo-reader,refs/tags/v2.2.4,tag,sha256-KUcI+0+ICMdwAF30CLM3QdS+X8UnYiHhcYkvEQ6WgS8=,https://github.com/troyeguo/koodo-reader/archive/refs/tags/v2.2.4.tar.gz
kopia,kopia,0.22.3,fetchFromGitHub,https://github.com/kopia/kopia,kopia,kopia,refs/tags/v0.22.3,tag,sha256-5oNam99Mij78snSO6jiGPYzeD68sXEBKM2dGQtTUrww=,https://github.com/kopia/kopia/archive/refs/tags/v0.22.3.tar.gz
kopia-ui,kopia-ui,0.22.3,fetchFromGitHub,https://github.com/kopia/kopia,kopia,kopia,refs/tags/v0.22.3,tag,sha256-5oNam99Mij78snSO6jiGPYzeD68sXEBKM2dGQtTUrww=,https://github.com/kopia/kopia/archive/refs/tags/v0.22.3.tar.gz
kplex,kplex,1.4,fetchFromGitHub,https://github.com/stripydog/kplex,stripydog,kplex,v1.4,tag,sha256-sps9l238hGLJ673kewFH8fOJw0HphEkZbJ+VUIzxC+o=,https://github.com/stripydog/kplex/archive/v1.4.tar.gz
kratos,kratos,25.4.0,fetchFromGitHub,https://github.com/ory/kratos,ory,kratos,v25.4.0,tag,sha256-f/K86B5h7xM7Zsbr5w2rZgsyNlCSemrBkqtMRQq/Xws=,https://github.com/ory/kratos/archive/v25.4.0.tar.gz
ksnip,ksnip,1.10.1,fetchFromGitHub,https://github.com/ksnip/ksnip,ksnip,ksnip,refs/tags/v1.10.1,tag,sha256-n7YwDXd73hyrzb6L8utZFuHh9HnjVtkU6CC4jfWPj/I=,https://github.com/ksnip/ksnip/archive/refs/tags/v1.10.1.tar.gz
ktimetracker,ktimetracker,6.0.0,fetchFromGitHub,https://github.com/KDE/ktimetracker,KDE,ktimetracker,refs/tags/v6.0.0,tag,sha256-SQjqNzmmt0AEQvGW4Vz5GldQcp7Q9rZvGG7mGugRwd8=,https://github.com/KDE/ktimetracker/archive/refs/tags/v6.0.0.tar.gz
ktx-tools,ktx-tools,4.4.2,fetchFromGitHub,https://github.com/KhronosGroup/KTX-Software,KhronosGroup,KTX-Software,v4.4.2,tag,sha256-yBRLKa0h64vDBvaessh2FwP16d8+jvW6udbyZvOMzTQ=,https://github.com/KhronosGroup/KTX-Software/archive/v4.4.2.tar.gz
kubazip,kubazip,0.3.6,fetchFromGitHub,https://github.com/kuba--/zip,kuba--,zip,refs/tags/v0.3.6,tag,sha256-MDRLAfTwjxYTLgg0qsYjyll3TA+jNaUhEPGVOisIsC0=,https://github.com/kuba--/zip/archive/refs/tags/v0.3.6.tar.gz
kube-hunter,kube-hunter,0.6.8,fetchFromGitHub,https://github.com/aquasecurity/kube-hunter,aquasecurity,kube-hunter,refs/tags/v0.6.8,tag,sha256-+M8P/VSF9SKPvq+yNPjokyhggY7hzQ9qLLhkiTNbJls=,https://github.com/aquasecurity/kube-hunter/archive/refs/tags/v0.6.8.tar.gz
kube-linter,kube-linter,0.8.2,fetchFromGitHub,https://github.com/stackrox/kube-linter,stackrox,kube-linter,v0.8.2,tag,sha256-nd8CLAp3MHuQs/firDPCZ4XlxVx73MMNGVNp5tsa1Rw=,https://github.com/stackrox/kube-linter/archive/v0.8.2.tar.gz
kubeaudit,kubeaudit,0.22.2,fetchFromGitHub,https://github.com/Shopify/kubeaudit,Shopify,kubeaudit,refs/tags/v0.22.2,tag,sha256-zQAM/NtDBFJZmwJYGNuYIaxv058X0URzMByPut+18TA=,https://github.com/Shopify/kubeaudit/archive/refs/tags/v0.22.2.tar.gz
kubedb-cli,kubedb-cli,0.63.0,fetchFromGitHub,https://github.com/kubedb/cli,kubedb,cli,refs/tags/v0.63.0,tag,sha256-RhRpKUBlsswPStUoZQ9mFkMst77t4t7OodILaC4tHV0=,https://github.com/kubedb/cli/archive/refs/tags/v0.63.0.tar.gz
kubedog,kubedog,0.13.0,fetchFromGitHub,https://github.com/werf/kubedog,werf,kubedog,v0.13.0,tag,sha256-xBTz1Ux2W0A0leOPNu0yONiz55LiYcYiviKEi8xsUTU=,https://github.com/werf/kubedog/archive/v0.13.0.tar.gz
kubemqctl,kubemqctl,3.7.2,fetchFromGitHub,https://github.com/kubemq-io/kubemqctl,kubemq-io,kubemqctl,v3.7.2,tag,sha256-PaB5+Sy2ccEQz+wuz88w/M4NXayKA41/ugSPJdtjfiE=,https://github.com/kubemq-io/kubemqctl/archive/v3.7.2.tar.gz
kubergrunt,kubergrunt,0.19.0,fetchFromGitHub,https://github.com/gruntwork-io/kubergrunt,gruntwork-io,kubergrunt,v0.19.0,tag,sha256-cLy+KpnDCGw1YpKrx5SCYh1eUjehAHTzAL9Y+a43+KM=,https://github.com/gruntwork-io/kubergrunt/archive/v0.19.0.tar.gz
kubeseal,kubeseal,0.36.0,fetchFromGitHub,https://github.com/bitnami-labs/sealed-secrets,bitnami-labs,sealed-secrets,v0.36.0,tag,sha256-r+PjrHewqNIjj1ZYGEvAns4cSsg7mQXoR8/et6SJzhs=,https://github.com/bitnami-labs/sealed-secrets/archive/v0.36.0.tar.gz
kubesec,kubesec,2.14.2,fetchFromGitHub,https://github.com/controlplaneio/kubesec,controlplaneio,kubesec,refs/tags/v2.14.2,tag,sha256-4jVRd6XQekL4wMZ+Icoa2DEsTGzBISK2QPO+gu890kA=,https://github.com/controlplaneio/kubesec/archive/refs/tags/v2.14.2.tar.gz
kubevirt,kubevirt,1.7.0,fetchFromGitHub,https://github.com/kubevirt/kubevirt,kubevirt,kubevirt,v1.7.0,tag,sha256-0dfZbhcFSIU9TFxQ3UT8Sz+tgeiqVke+RxVwlxw49Hk=,https://github.com/kubevirt/kubevirt/archive/v1.7.0.tar.gz
kuma,kuma,2.12.3,fetchFromGitHub,https://github.com/kumahq/kuma,kumahq,kuma,refs/tags/2.12.3,tag,sha256-C/q3fCcMMnqjXeoO/t/YOKHLq8HDNfF+x75nCcjwwvE=,https://github.com/kumahq/kuma/archive/refs/tags/2.12.3.tar.gz
kuma-cp,kuma-cp,2.12.3,fetchFromGitHub,https://github.com/kumahq/kuma,kumahq,kuma,refs/tags/2.12.3,tag,sha256-C/q3fCcMMnqjXeoO/t/YOKHLq8HDNfF+x75nCcjwwvE=,https://github.com/kumahq/kuma/archive/refs/tags/2.12.3.tar.gz
kuma-dp,kuma-dp,2.12.3,fetchFromGitHub,https://github.com/kumahq/kuma,kumahq,kuma,refs/tags/2.12.3,tag,sha256-C/q3fCcMMnqjXeoO/t/YOKHLq8HDNfF+x75nCcjwwvE=,https://github.com/kumahq/kuma/archive/refs/tags/2.12.3.tar.gz
kuma-experimental,kuma-experimental,2.12.3,fetchFromGitHub,https://github.com/kumahq/kuma,kumahq,kuma,refs/tags/2.12.3,tag,sha256-C/q3fCcMMnqjXeoO/t/YOKHLq8HDNfF+x75nCcjwwvE=,https://github.com/kumahq/kuma/archive/refs/tags/2.12.3.tar.gz
kumactl,kumactl,2.12.3,fetchFromGitHub,https://github.com/kumahq/kuma,kumahq,kuma,refs/tags/2.12.3,tag,sha256-C/q3fCcMMnqjXeoO/t/YOKHLq8HDNfF+x75nCcjwwvE=,https://github.com/kumahq/kuma/archive/refs/tags/2.12.3.tar.gz
kustomize,kustomize,5.8.1,fetchFromGitHub,https://github.com/kubernetes-sigs/kustomize,kubernetes-sigs,kustomize,kustomize/v5.8.1,tag,sha256-IFof+h6GBlI19ygufNvQ6HgwGbmS0xR5CmrFafknHf0=,https://github.com/kubernetes-sigs/kustomize/archive/kustomize/v5.8.1.tar.gz
kustomize-sops,kustomize-sops,4.4.0,fetchFromGitHub,https://github.com/viaduct-ai/kustomize-sops,viaduct-ai,kustomize-sops,v4.4.0,tag,sha256-a9SvkHt8ZQFobOjKAECSJcRZEeRE8pTKLnXN4DYNa7k=,https://github.com/viaduct-ai/kustomize-sops/archive/v4.4.0.tar.gz
kustomize_3,kustomize_3,3.10.0,fetchFromGitHub,https://github.com/kubernetes-sigs/kustomize,kubernetes-sigs,kustomize,kustomize/v3.10.0,tag,sha256-ESIykbAKXdv8zM9be0zEJ71rBAzZby0aTg25NlCsIOM=,https://github.com/kubernetes-sigs/kustomize/archive/kustomize/v3.10.0.tar.gz
kustomize_4,kustomize_4,4.5.7,fetchFromGitHub,https://github.com/kubernetes-sigs/kustomize,kubernetes-sigs,kustomize,kustomize/v4.5.7,tag,sha256-AHDUwXcYkI04nOBY8jScf+OE6k9Z5OqzhtWExK1rrKg=,https://github.com/kubernetes-sigs/kustomize/archive/kustomize/v4.5.7.tar.gz
kyverno,kyverno,1.16.2,fetchFromGitHub,https://github.com/kyverno/kyverno,kyverno,kyverno,v1.16.2,tag,sha256-wXoqE3AZ5PQ8nxkJhfGrNdyJBKW8BF0loqqCs6A2Etg=,https://github.com/kyverno/kyverno/archive/v1.16.2.tar.gz
lab,lab,0.25.1,fetchFromGitHub,https://github.com/zaquestion/lab,zaquestion,lab,v0.25.1,tag,sha256-VCvjP/bSd/0ywvNWPsseXn/SPkdp+BsXc/jTvB11EOk=,https://github.com/zaquestion/lab/archive/v0.25.1.tar.gz
lammps,lammps,22Jul2025_update3,fetchFromGitHub,https://github.com/lammps/lammps,lammps,lammps,stable_22Jul2025_update3,tag,sha256-W1fy7RctSpYeQr1hAwKtrerISaQw8JAvCSJaaQicYMc=,https://github.com/lammps/lammps/archive/stable_22Jul2025_update3.tar.gz
lammps-mpi,lammps,22Jul2025_update3,fetchFromGitHub,https://github.com/lammps/lammps,lammps,lammps,stable_22Jul2025_update3,tag,sha256-W1fy7RctSpYeQr1hAwKtrerISaQw8JAvCSJaaQicYMc=,https://github.com/lammps/lammps/archive/stable_22Jul2025_update3.tar.gz
lan-mouse,lan-mouse,0.10.0,fetchFromGitHub,https://github.com/feschber/lan-mouse,feschber,lan-mouse,v0.10.0,tag,sha256-ofiNgJbmf35pfRvZB3ZmMkCJuM7yYgNL+Dd5mZZqyNk=,https://github.com/feschber/lan-mouse/archive/v0.10.0.tar.gz
lapack-reference,liblapack,3.12.1,fetchFromGitHub,https://github.com/Reference-LAPACK/lapack,Reference-LAPACK,lapack,v3.12.1,tag,sha256-SfKsvZ07v87tFFd9bnkIEdervyX/ucLfs/TOsl08aKQ=,https://github.com/Reference-LAPACK/lapack/archive/v3.12.1.tar.gz
lapce,lapce,0.4.6,fetchFromGitHub,https://github.com/lapce/lapce,lapce,lapce,refs/tags/v0.4.6,tag,sha256-D5DEmMkCAkMiMMzYP8FoVIUeT2CDOepUWUlUqWSaUnM=,https://github.com/lapce/lapce/archive/refs/tags/v0.4.6.tar.gz
lazygit,lazygit,0.59.0,fetchFromGitHub,https://github.com/jesseduffield/lazygit,jesseduffield,lazygit,refs/tags/v0.59.0,tag,sha256-DVeWHkyZRzrp0Dl3xx5LMYdUhB94/Bp84mnquF6Fc3g=,https://github.com/jesseduffield/lazygit/archive/refs/tags/v0.59.0.tar.gz
lean4,lean4,4.28.0,fetchFromGitHub,https://github.com/leanprover/lean4,leanprover,lean4,refs/tags/v4.28.0,tag,sha256-K6lWXZ8XVEv91skjCal+hML2Tzr9G804j9Roq+4HXQQ=,https://github.com/leanprover/lean4/archive/refs/tags/v4.28.0.tar.gz
lemmy-ui,lemmy-ui,0.19.15,fetchFromGitHub,https://github.com/LemmyNet/lemmy-ui,LemmyNet,lemmy-ui,refs/tags/0.19.15,tag,sha256-vynfOAi7sRBJbA9y/2RULq79PP0YkgvlUZz6jOxPlhs=,
leo-editor,leo-editor,6.8.7,fetchFromGitHub,https://github.com/leo-editor/leo-editor,leo-editor,leo-editor,refs/tags/v6.8.7,tag,sha256-GbbSPZQEPufRcF2aLjr9vEVLZlUIgAEP1QkaNILwJV4=,https://github.com/leo-editor/leo-editor/archive/refs/tags/v6.8.7.tar.gz
leocad,leocad,25.09,fetchFromGitHub,https://github.com/leozide/leocad,leozide,leocad,refs/tags/v25.09,tag,sha256-Utiy9JBKaPddb2yNv1Ta61KIB1vCsayZlxagn3or5UE=,https://github.com/leozide/leocad/archive/refs/tags/v25.09.tar.gz
lessc,lessc,4.2.2,fetchFromGitHub,https://github.com/less/less.js,less,less.js,v4.2.2,tag,sha256-vO/1laFb1yC+OESXTx9KuGdwSNC9Iv49F3V7kfXnyJU=,https://github.com/less/less.js/archive/v4.2.2.tar.gz
lesspass-cli,lesspass-cli,9.1.9,fetchFromGitHub,https://github.com/lesspass/lesspass,lesspass,lesspass,9.1.9,tag,126zk248s9r72qk9b8j27yvb8gglw49kazwz0sd69b5kkxvhz2dh,https://github.com/lesspass/lesspass/archive/9.1.9.tar.gz
levant,levant,0.4.0,fetchFromGitHub,https://github.com/hashicorp/levant,hashicorp,levant,v0.4.0,tag,sha256-XxdLN/z+mtiaAy6heRbj4kyIOeKbS9yb1xIZnIyfI3s=,https://github.com/hashicorp/levant/archive/v0.4.0.tar.gz
lf,lf,41,fetchFromGitHub,https://github.com/gokcehan/lf,gokcehan,lf,refs/tags/r41,tag,sha256-s9d9nIOSpYeK6WNpbhauAEEv3SSBeJQ+J8ip+IE4LOc=,https://github.com/gokcehan/lf/archive/refs/tags/r41.tar.gz
lfe,lfe,2.2.0,fetchFromGitHub,https://github.com/lfe/lfe,lfe,lfe,refs/tags/v2.2.0,tag,sha256-47lEUVU9Api1Yj1q+Ch8aIV8kaALhst1ty8RHTwMVcI=,https://github.com/lfe/lfe/archive/refs/tags/v2.2.0.tar.gz
libarchive,libarchive,3.8.4,fetchFromGitHub,https://github.com/libarchive/libarchive,libarchive,libarchive,v3.8.4,tag,sha256-qNz7BAvi3dTNg6Bz2cfqaYGKFJlM4C+y/GARsQRRYsY=,https://github.com/libarchive/libarchive/archive/v3.8.4.tar.gz
libargs,args,6.4.8,fetchFromGitHub,https://github.com/Taywee/args,Taywee,args,6.4.8,tag,sha256-FUM2QXKveESKTL4svgCw/SpwHypsF7DCW+RMoTBnh3c=,https://github.com/Taywee/args/archive/6.4.8.tar.gz
libavif,libavif,1.3.0,fetchFromGitHub,https://github.com/AOMediaCodec/libavif,AOMediaCodec,libavif,v1.3.0,tag,sha256-0J56wpXa2AVh9JUp5UY2kzWijNE3i253RKhpG5oDFJE=,https://github.com/AOMediaCodec/libavif/archive/v1.3.0.tar.gz
libbladeRF,libbladeRF,2025.10,fetchFromGitHub,https://github.com/Nuand/bladeRF,Nuand,bladeRF,refs/tags/2025.10,tag,sha256-gp+OnAlECGZs4+JEWNX5Gt7LYdTFJUItpmDdJgeoJO4=,
libblake3,libblake3,1.8.3,fetchFromGitHub,https://github.com/BLAKE3-team/BLAKE3,BLAKE3-team,BLAKE3,refs/tags/1.8.3,tag,sha256-aj+fru2saqWxDDiV3mNCZZeZIGTxSgta/X50R87hoko=,https://github.com/BLAKE3-team/BLAKE3/archive/refs/tags/1.8.3.tar.gz
libbpf,libbpf,1.6.3,fetchFromGitHub,https://github.com/libbpf/libbpf,libbpf,libbpf,v1.6.3,tag,sha256-poLBZDogSL2ip90Es0xJ7X/xJ8+g9FJHnXSX0+N15es=,https://github.com/libbpf/libbpf/archive/v1.6.3.tar.gz
libbpf_0,libbpf,0.8.3,fetchFromGitHub,https://github.com/libbpf/libbpf,libbpf,libbpf,v0.8.3,tag,sha256-J5cUvfUYc+uLdkFa2jx/2bqBoZg/eSzc6SWlgKqcfIc=,https://github.com/libbpf/libbpf/archive/v0.8.3.tar.gz
libclang,clang,21.1.8,fetchFromGitHub,https://github.com/llvm/llvm-project,llvm,llvm-project,llvmorg-21.1.8,tag,,https://github.com/llvm/llvm-project/archive/llvmorg-21.1.8.tar.gz
libclc,libclc,21.1.8,fetchFromGitHub,https://github.com/llvm/llvm-project,llvm,llvm-project,llvmorg-21.1.8,tag,,https://github.com/llvm/llvm-project/archive/llvmorg-21.1.8.tar.gz
libcmis,libcmis,0.6.2,fetchFromGitHub,https://github.com/tdf/libcmis,tdf,libcmis,v0.6.2,tag,sha256-HXiyQKjOlQXWABY10XrOiYxPqfpmUJC3a6xD98LIHDw=,https://github.com/tdf/libcmis/archive/v0.6.2.tar.gz
libcollectdclient,libcollectdclient,5.12.0,fetchFromGitHub,https://github.com/collectd/collectd,collectd,collectd,refs/tags/collectd-5.12.0,tag,sha256-UTlCY1GPRpbdQFLFUDjNr1PgEdGv4WNtjr8TYbxHK5A=,https://github.com/collectd/collectd/archive/refs/tags/collectd-5.12.0.tar.gz
libcomps,libcomps,0.1.24,fetchFromGitHub,https://github.com/rpm-software-management/libcomps,rpm-software-management,libcomps,0.1.24,tag,sha256-O60+k3ZnSfP+wFI55s/WfgrPbvu52uXZh88Ebg3Nf+c=,https://github.com/rpm-software-management/libcomps/archive/0.1.24.tar.gz
libcotp,libcotp,3.1.1,fetchFromGitHub,https://github.com/paolostivanin/libcotp,paolostivanin,libcotp,v3.1.1,tag,sha256-5Jjk8uby1QjvU7TraTTTp+29Yh5lzbCvlorfPbGvciM=,https://github.com/paolostivanin/libcotp/archive/v3.1.1.tar.gz
libcxx,libcxx,21.1.8,fetchFromGitHub,https://github.com/llvm/llvm-project,llvm,llvm-project,llvmorg-21.1.8,tag,,https://github.com/llvm/llvm-project/archive/llvmorg-21.1.8.tar.gz
libdatachannel,libdatachannel,0.24.1,fetchFromGitHub,https://github.com/paullouisageneau/libdatachannel,paullouisageneau,libdatachannel,refs/tags/v0.24.1,tag,sha256-rYksY3AJb5LFSGg/yr+cNFYQIRChPocDXeA8xaMCtzQ=,https://github.com/paullouisageneau/libdatachannel/archive/refs/tags/v0.24.1.tar.gz
libff,libff,0.2.1,fetchFromGitHub,https://github.com/scipr-lab/libff,scipr-lab,libff,refs/tags/v0.2.1,tag,0dczi829497vqlmn6n4fgi89bc2h9f13gx30av5z2h6ikik7crgn,
libfixposix,libfixposix,0.5.1,fetchFromGitHub,https://github.com/sionescu/libfixposix,sionescu,libfixposix,v0.5.1,tag,sha256-5qA6ytbqE+/05XQGxP9/4vEs9gFcuI3k7eJJYucW7fM=,https://github.com/sionescu/libfixposix/archive/v0.5.1.tar.gz
libiio,libiio,0.26,fetchFromGitHub,https://github.com/analogdevicesinc/libiio,analogdevicesinc,libiio,refs/tags/v0.26,tag,sha256-nrpGccj9Q3S9wYs0/dHC3YAy5ZvTiPiSUtPY6r5WlaE=,https://github.com/analogdevicesinc/libiio/archive/refs/tags/v0.26.tar.gz
libiptcdata,libiptcdata,1.0.5,fetchFromGitHub,https://github.com/ianw/libiptcdata,ianw,libiptcdata,release_1_0_5,tag,sha256-ZjokepDAHiSEwXrkvM9qUAPcpIiRQoOsv7REle7roPU=,https://github.com/ianw/libiptcdata/archive/release_1_0_5.tar.gz
libirecovery,libirecovery,1.3.1,fetchFromGitHub,https://github.com/libimobiledevice/libirecovery,libimobiledevice,libirecovery,1.3.1,tag,sha256-CSDG8mOLvKAIpxmZnNLMKY1HvQIqk66/rkjmzq7F8vY=,https://github.com/libimobiledevice/libirecovery/archive/1.3.1.tar.gz
libjpeg,libjpeg-turbo,3.1.3,fetchFromGitHub,https://github.com/libjpeg-turbo/libjpeg-turbo,libjpeg-turbo,libjpeg-turbo,refs/tags/3.1.3,tag,sha256-jcdoCJlsDEr87i5MN4I6zARZVUxQfzdM0Ltg3IyrNRg=,https://github.com/libjpeg-turbo/libjpeg-turbo/archive/refs/tags/3.1.3.tar.gz
libjpeg8,libjpeg-turbo,3.1.3,fetchFromGitHub,https://github.com/libjpeg-turbo/libjpeg-turbo,libjpeg-turbo,libjpeg-turbo,refs/tags/3.1.3,tag,sha256-jcdoCJlsDEr87i5MN4I6zARZVUxQfzdM0Ltg3IyrNRg=,https://github.com/libjpeg-turbo/libjpeg-turbo/archive/refs/tags/3.1.3.tar.gz
libjpeg_turbo,libjpeg-turbo,3.1.3,fetchFromGitHub,https://github.com/libjpeg-turbo/libjpeg-turbo,libjpeg-turbo,libjpeg-turbo,refs/tags/3.1.3,tag,sha256-jcdoCJlsDEr87i5MN4I6zARZVUxQfzdM0Ltg3IyrNRg=,https://github.com/libjpeg-turbo/libjpeg-turbo/archive/refs/tags/3.1.3.tar.gz
libjxl,libjxl,0.11.2,fetchFromGitHub,https://github.com/libjxl/libjxl,libjxl,libjxl,refs/tags/v0.11.2,tag,sha256-L4/BY68ZBCpebQxryR7D1CxrsneYvw8B8EvW2mkF7bA=,
liblapack,liblapack,3.12.1,fetchFromGitHub,https://github.com/Reference-LAPACK/lapack,Reference-LAPACK,lapack,v3.12.1,tag,sha256-SfKsvZ07v87tFFd9bnkIEdervyX/ucLfs/TOsl08aKQ=,https://github.com/Reference-LAPACK/lapack/archive/v3.12.1.tar.gz
liblinear,liblinear,2.47,fetchFromGitHub,https://github.com/cjlin1/liblinear,cjlin1,liblinear,v247,tag,sha256-so7uCc/52NdN0V2Ska8EUdw/wSegaudX5AF+c0xe5jk=,https://github.com/cjlin1/liblinear/archive/v247.tar.gz
libllvm,llvm,21.1.8,fetchFromGitHub,https://github.com/llvm/llvm-project,llvm,llvm-project,llvmorg-21.1.8,tag,,https://github.com/llvm/llvm-project/archive/llvmorg-21.1.8.tar.gz
libmongocrypt,libmongocrypt,1.7.4,fetchFromGitHub,https://github.com/mongodb/libmongocrypt,mongodb,libmongocrypt,1.7.4,tag,sha256-I4KG2BHAovin9EaF8lNzJzucARvi0Qptz5Y9gTt3WkE=,https://github.com/mongodb/libmongocrypt/archive/1.7.4.tar.gz
libmsquic,libmsquic,2.5.6,fetchFromGitHub,https://github.com/microsoft/msquic,microsoft,msquic,refs/tags/v2.5.6,tag,sha256-Nq7iIOz9duThWQSjJTGK+xnKEH3H3ck9v37ppoGFaEE=,
libmysofa,libmysofa,1.3.3,fetchFromGitHub,https://github.com/hoene/libmysofa,hoene,libmysofa,v1.3.3,tag,sha256-jvib1hGPJEY2w/KjlD7iTtRy1s8LFG+Qhb2d6xdpUyc=,https://github.com/hoene/libmysofa/archive/v1.3.3.tar.gz
libmysqlclient,mariadb-connector-c,3.3.5,fetchFromGitHub,https://github.com/mariadb-corporation/mariadb-connector-c,mariadb-corporation,mariadb-connector-c,v3.3.5,tag,sha256-RLHx8PyfbfIDr6X6ky5/w0XsGMFd+v5PgmQHvYOaf+k=,https://github.com/mariadb-corporation/mariadb-connector-c/archive/v3.3.5.tar.gz
libmysqlclient_3_1,mariadb-connector-c,3.1.21,fetchFromGitHub,https://github.com/mariadb-corporation/mariadb-connector-c,mariadb-corporation,mariadb-connector-c,v3.1.21,tag,sha256-guN3Rcsb/EV4rxPE3yhJRSsT1+z44zUetg7ZBA4WjIc=,https://github.com/mariadb-corporation/mariadb-connector-c/archive/v3.1.21.tar.gz
libmysqlclient_3_2,mariadb-connector-c,3.2.7,fetchFromGitHub,https://github.com/mariadb-corporation/mariadb-connector-c,mariadb-corporation,mariadb-connector-c,v3.2.7,tag,sha256-F7s9fcbJiz6lsWrvlTpY+ZET8MPwlyWPKJZOvHEwBvo=,https://github.com/mariadb-corporation/mariadb-connector-c/archive/v3.2.7.tar.gz
libmysqlclient_3_3,mariadb-connector-c,3.3.5,fetchFromGitHub,https://github.com/mariadb-corporation/mariadb-connector-c,mariadb-corporation,mariadb-connector-c,v3.3.5,tag,sha256-RLHx8PyfbfIDr6X6ky5/w0XsGMFd+v5PgmQHvYOaf+k=,https://github.com/mariadb-corporation/mariadb-connector-c/archive/v3.3.5.tar.gz
libndctl,libndctl,83,fetchFromGitHub,https://github.com/pmem/ndctl,pmem,ndctl,refs/tags/v83,tag,sha256-xhTZyRAQNomVyHCPUBwmM0Uuu1sMngTIJm8MF0gnRLk=,https://github.com/pmem/ndctl/archive/refs/tags/v83.tar.gz
libnet,libnet,1.3,fetchFromGitHub,https://github.com/sam-github/libnet,sam-github,libnet,v1.3,tag,sha256-P3LaDMMNPyEnA8nO1Bm7H0mW/hVBr0cFdg+p2JmWcGI=,https://github.com/sam-github/libnet/archive/v1.3.tar.gz
libnss_nis,libnss_nis,3.4,fetchFromGitHub,https://github.com/thkukuk/libnss_nis,thkukuk,libnss_nis,v3.4,tag,sha256-FWAyf4soSUpNrYzSefNWthEMfQEopfYX9pMDf1rNK6c=,https://github.com/thkukuk/libnss_nis/archive/v3.4.tar.gz
libnvidia-container,libnvidia-container,1.17.8,fetchFromGitHub,https://github.com/NVIDIA/libnvidia-container,NVIDIA,libnvidia-container,refs/tags/v1.17.8,tag,sha256-OzjcYxnWjzgmrjERyPN3Ch3EQj4t1J5/TbATluoDESg=,https://github.com/NVIDIA/libnvidia-container/archive/refs/tags/v1.17.8.tar.gz
liboqs,liboqs,0.15.0,fetchFromGitHub,https://github.com/open-quantum-safe/liboqs,open-quantum-safe,liboqs,refs/tags/0.15.0,tag,sha256-ATnI1QFFljTmMib6oOCiieDQMTwnEe+xIvcAzrz3bbI=,https://github.com/open-quantum-safe/liboqs/archive/refs/tags/0.15.0.tar.gz
libp11,libp11,0.4.18,fetchFromGitHub,https://github.com/OpenSC/libp11,OpenSC,libp11,libp11-0.4.18,tag,sha256-bvVUiv8y5c0P9fHAFs1JX3V7xsorbKUmm0qt3l2SoQQ=,https://github.com/OpenSC/libp11/archive/libp11-0.4.18.tar.gz
libphonenumber,libphonenumber,9.0.25,fetchFromGitHub,https://github.com/google/libphonenumber,google,libphonenumber,refs/tags/v9.0.25,tag,sha256-lNXZXcBxRKKVPyJ4/3IBmlz/i4W7J52L+dIEQVTotD0=,https://github.com/google/libphonenumber/archive/refs/tags/v9.0.25.tar.gz
libpisp,libpisp,1.2.1,fetchFromGitHub,https://github.com/raspberrypi/libpisp,raspberrypi,libpisp,refs/tags/v1.2.1,tag,sha256-YshU7G5Rov67CVwFbf5ENp2j5ptAvkVrlMu85KmnEpk=,https://github.com/raspberrypi/libpisp/archive/refs/tags/v1.2.1.tar.gz
libpointmatcher,libpointmatcher,1.4.4,fetchFromGitHub,https://github.com/norlab-ulaval/libpointmatcher,norlab-ulaval,libpointmatcher,refs/tags/1.4.4,tag,sha256-OkfWdim0JDKiBx5spYpkMyFrLQP3AMWBVDpzmFwqNFM=,https://github.com/norlab-ulaval/libpointmatcher/archive/refs/tags/1.4.4.tar.gz
libpoly,libpoly,0.2.0,fetchFromGitHub,https://github.com/SRI-CSL/libpoly,SRI-CSL,libpoly,refs/tags/v0.2.0,tag,sha256-gE2O1YfiVab/aIqheoMP8GhE+N3yho7kb5EP56pzjW8=,https://github.com/SRI-CSL/libpoly/archive/refs/tags/v0.2.0.tar.gz
libpostal,libpostal,1.1,fetchFromGitHub,https://github.com/openvenues/libpostal,openvenues,libpostal,refs/tags/v1.1,tag,sha256-7G/CjYdVzsrvUFXGODoXgXoRp8txkl5SddcPtgltrjY=,https://github.com/openvenues/libpostal/archive/refs/tags/v1.1.tar.gz
libpostalWithData,libpostal,1.1,fetchFromGitHub,https://github.com/openvenues/libpostal,openvenues,libpostal,refs/tags/v1.1,tag,sha256-7G/CjYdVzsrvUFXGODoXgXoRp8txkl5SddcPtgltrjY=,https://github.com/openvenues/libpostal/archive/refs/tags/v1.1.tar.gz
libpulsar,libpulsar,3.7.2,fetchFromGitHub,https://github.com/apache/pulsar-client-cpp,apache,pulsar-client-cpp,v3.7.2,tag,sha256-3kUyimyv0Si3zUFaIsIVdulzH8l2fxe6BO9a5L6n8I8=,https://github.com/apache/pulsar-client-cpp/archive/v3.7.2.tar.gz
libraw,libraw,0.21.5b,fetchFromGitHub,https://github.com/LibRaw/LibRaw,LibRaw,LibRaw,refs/tags/0.21.5b,tag,sha256-CE7XB61bnjRhy0Ww2Q3pvvSJMobHHta5jn4F/i/oOEE=,https://github.com/LibRaw/LibRaw/archive/refs/tags/0.21.5b.tar.gz
librealsense,librealsense,2.56.3,fetchFromGitHub,https://github.com/IntelRealSense/librealsense,IntelRealSense,librealsense,v2.56.3,tag,sha256-Stx337mGcpMCg9DlZmvX4LPQmCSzLRFcUQPxaD/Y0Ds=,https://github.com/IntelRealSense/librealsense/archive/v2.56.3.tar.gz
librealsense-gui,librealsense,2.56.3,fetchFromGitHub,https://github.com/IntelRealSense/librealsense,IntelRealSense,librealsense,v2.56.3,tag,sha256-Stx337mGcpMCg9DlZmvX4LPQmCSzLRFcUQPxaD/Y0Ds=,https://github.com/IntelRealSense/librealsense/archive/v2.56.3.tar.gz
librealsenseWithCuda,librealsense,2.56.3,fetchFromGitHub,https://github.com/IntelRealSense/librealsense,IntelRealSense,librealsense,v2.56.3,tag,sha256-Stx337mGcpMCg9DlZmvX4LPQmCSzLRFcUQPxaD/Y0Ds=,https://github.com/IntelRealSense/librealsense/archive/v2.56.3.tar.gz
librealsenseWithoutCuda,librealsense,2.56.3,fetchFromGitHub,https://github.com/IntelRealSense/librealsense,IntelRealSense,librealsense,v2.56.3,tag,sha256-Stx337mGcpMCg9DlZmvX4LPQmCSzLRFcUQPxaD/Y0Ds=,https://github.com/IntelRealSense/librealsense/archive/v2.56.3.tar.gz
librecad,librecad,2.2.1.4,fetchFromGitHub,https://github.com/LibreCAD/LibreCAD,LibreCAD,LibreCAD,refs/tags/v2.2.1.4,tag,sha256-e6T4Bh0ik3vF9b98a90sDgYfc0xaf8WrMUQCOBg9QTU=,https://github.com/LibreCAD/LibreCAD/archive/refs/tags/v2.2.1.4.tar.gz
libredwg,libredwg,0.13.3,fetchFromGitHub,https://github.com/LibreDWG/libredwg,LibreDWG,libredwg,refs/tags/0.13.3,tag,sha256-FlBHwNsqVSBE8dTDewoKkCbs8Jd/4d69MPpEFzg6Ruc=,
libretrack,libretrack,1.7.0,fetchFromGitHub,https://github.com/proninyaroslav/libretrack,proninyaroslav,libretrack,refs/tags/1.7.0,tag,sha256-USZ243M/0SOvlYns66zkhDQCuq+kgEWYdBZN3iBF9SA=,https://github.com/proninyaroslav/libretrack/archive/refs/tags/1.7.0.tar.gz
librime,librime,1.16.1,fetchFromGitHub,https://github.com/rime/librime,rime,librime,1.16.1,tag,sha256-Jbo6Svt/d00ZJwtYkWMKFeKzpFFYhbnm3m2alDxRGvU=,https://github.com/rime/librime/archive/1.16.1.tar.gz
libsoundio,libsoundio,2.0.0,fetchFromGitHub,https://github.com/andrewrk/libsoundio,andrewrk,libsoundio,2.0.0,tag,12l4rvaypv87vigdrmjz48d4d6sq4gfxf5asvnc4adyabxb73i4x,https://github.com/andrewrk/libsoundio/archive/2.0.0.tar.gz
libtiff,libtiff,4.7.1,fetchFromGitLab,https://gitlab.com/libtiff/libtiff,libtiff,libtiff,v4.7.1,tag,sha256-UiC6s86i7UavW86EKm74oPVlEacvoKmwW7KETjpnNaI=,https://gitlab.com/libtiff/libtiff/-/archive/v4.7.1/libtiff-v4.7.1.tar.gz
libtorrent-rakshasa,libtorrent-rakshasa,0.16.6,fetchFromGitHub,https://github.com/rakshasa/libtorrent,rakshasa,libtorrent,refs/tags/v0.16.6,tag,sha256-pabtM8nf/x/kn661R9STeX3yaSGAP/JbJQkLffUi+CU=,https://github.com/rakshasa/libtorrent/archive/refs/tags/v0.16.6.tar.gz
libtoxcore,libtoxcore,0.2.22,fetchFromGitHub,https://github.com/TokTok/c-toxcore,TokTok,c-toxcore,refs/tags/v0.2.22,tag,sha256-Oi0AYV252KPF6omiErCXZvQlxkWvubk0eiegc5OMQHM=,
libtree,libtree,3.1.1,fetchFromGitHub,https://github.com/haampie/libtree,haampie,libtree,v3.1.1,tag,sha256-q3JtQ9AxoP0ma9K96cC3gf6QmQ1FbS7T7I59qhkwbMk=,https://github.com/haampie/libtree/archive/v3.1.1.tar.gz
libuv,libuv,1.51.0,fetchFromGitHub,https://github.com/libuv/libuv,libuv,libuv,v1.51.0,tag,sha256-ayTk3qkeeAjrGj5ab7wF7vpWI8XWS1EeKKUqzaD/LY0=,https://github.com/libuv/libuv/archive/v1.51.0.tar.gz
libv3270,libv3270,5.5.0,fetchFromGitHub,https://github.com/PerryWerneck/libv3270,PerryWerneck,libv3270,refs/tags/5.5.0,tag,sha256-Cn/to1/7mH1Ygjcx12mMf52PTcz4smy/+bwWH1mbT9s=,https://github.com/PerryWerneck/libv3270/archive/refs/tags/5.5.0.tar.gz
libva-utils,libva-utils,2.23.0,fetchFromGitHub,https://github.com/intel/libva-utils,intel,libva-utils,2.23.0,tag,sha256-losxOPCrLCjtRKJ8RuwkjRllYYtJluKhscNfdxpC/xg=,https://github.com/intel/libva-utils/archive/2.23.0.tar.gz
libxeddsa,libxeddsa,2.0.1,fetchFromGitHub,https://github.com/Syndace/libxeddsa,Syndace,libxeddsa,refs/tags/v2.0.1,tag,sha256-4xBZ3Ul2Mm5fz/vfulFQmWC6+CQB/egiw7NsC/GrUyw=,https://github.com/Syndace/libxeddsa/archive/refs/tags/v2.0.1.tar.gz
libyaml,libyaml,0.2.5,fetchFromGitHub,https://github.com/yaml/libyaml,yaml,libyaml,0.2.5,tag,18zsnsxc53pans4a01cs4401a2cjk3qi098hi440pj4zijifgcsb,https://github.com/yaml/libyaml/archive/0.2.5.tar.gz
libytnef,libytnef,2.1.2,fetchFromGitHub,https://github.com/Yeraze/ytnef,Yeraze,ytnef,v2.1.2,tag,sha256-kQb45Da0T7wWi1IivA8Whk+ECL2nyFf7Gc0gK1HKj2c=,https://github.com/Yeraze/ytnef/archive/v2.1.2.tar.gz
lief,lief,0.17.0,fetchFromGitHub,https://github.com/lief-project/LIEF,lief-project,LIEF,refs/tags/0.17.0,tag,sha256-icwRW9iY/MiG/x3VHqRfAU2Yk4q2hXLJsfN5Lwx37gw=,https://github.com/lief-project/LIEF/archive/refs/tags/0.17.0.tar.gz
lightdm-slick-greeter,lightdm-slick-greeter,2.2.6,fetchFromGitHub,https://github.com/linuxmint/slick-greeter,linuxmint,slick-greeter,2.2.6,tag,sha256-zYjtd/Lb9ialq+pzOml4FMfPq9maX848Or6lzyZj4qs=,https://github.com/linuxmint/slick-greeter/archive/2.2.6.tar.gz
lightning-loop,lightning-loop,0.31.5-beta,fetchFromGitHub,https://github.com/lightninglabs/loop,lightninglabs,loop,v0.31.5-beta,tag,sha256-pmZturc7b3wd+qgSQPNzeY0LoMTF82dqUgOe8NfPeZw=,https://github.com/lightninglabs/loop/archive/v0.31.5-beta.tar.gz
lightspark,lightspark,0.9.0,fetchFromGitHub,https://github.com/lightspark/lightspark,lightspark,lightspark,0.9.0,tag,sha256-2+Kmwj2keCMR7UbKbY6UvrkX4CnW61elres8ltiZuUg=,https://github.com/lightspark/lightspark/archive/0.9.0.tar.gz
limesurvey,limesurvey,6.15.14+250924,fetchFromGitHub,https://github.com/LimeSurvey/LimeSurvey,LimeSurvey,LimeSurvey,refs/tags/6.15.14+250924,tag,sha256-xxK6JEgeBVIj8CGb0qSzwfO1Se9+jMtGB9V3rsc9bBU=,https://github.com/LimeSurvey/LimeSurvey/archive/refs/tags/6.15.14+250924.tar.gz
linalg,lialg,2.2,fetchFromGitHub,https://github.com/sgorsten/linalg,sgorsten,linalg,refs/tags/v2.2,tag,sha256-2I+sJca0tf/CcuoqaldfwPVRrzNriTXO60oHxsFQSnE=,https://github.com/sgorsten/linalg/archive/refs/tags/v2.2.tar.gz
linkchecker,linkchecker,10.6.0,fetchFromGitHub,https://github.com/linkchecker/linkchecker,linkchecker,linkchecker,refs/tags/v10.6.0,tag,sha256-CzDShtqcGO2TP5qNVf2zkI3Yyh80I+pSVIFzmi3AaGQ=,https://github.com/linkchecker/linkchecker/archive/refs/tags/v10.6.0.tar.gz
linkerd,linkerd-stable,2.14.9,fetchFromGitHub,https://github.com/linkerd/linkerd2,linkerd,linkerd2,stable-2.14.9,tag,135x5q0a8knckbjkag2xqcr76zy49i57zf2hlsa70iknynq33ys7,https://github.com/linkerd/linkerd2/archive/stable-2.14.9.tar.gz
linkerd_edge,linkerd-edge,25.7.4,fetchFromGitHub,https://github.com/linkerd/linkerd2,linkerd,linkerd2,edge-25.7.4,tag,19s32frf6ymfv88zvinakqh23yp7zlcj6dcyzlkkviayf4gk270x,https://github.com/linkerd/linkerd2/archive/edge-25.7.4.tar.gz
linkerd_stable,linkerd-stable,2.14.9,fetchFromGitHub,https://github.com/linkerd/linkerd2,linkerd,linkerd2,stable-2.14.9,tag,135x5q0a8knckbjkag2xqcr76zy49i57zf2hlsa70iknynq33ys7,https://github.com/linkerd/linkerd2/archive/stable-2.14.9.tar.gz
linux-router,linux-router,0.8.1,fetchFromGitHub,https://github.com/garywill/linux-router,garywill,linux-router,refs/tags/0.8.1,tag,sha256-tBrHuZKTf+7ABmE4FVYT9ny62CBa2A7va7OOFUsKJtM=,https://github.com/garywill/linux-router/archive/refs/tags/0.8.1.tar.gz
linux-router-without-wifi,linux-router,0.8.1,fetchFromGitHub,https://github.com/garywill/linux-router,garywill,linux-router,refs/tags/0.8.1,tag,sha256-tBrHuZKTf+7ABmE4FVYT9ny62CBa2A7va7OOFUsKJtM=,https://github.com/garywill/linux-router/archive/refs/tags/0.8.1.tar.gz
linux-wifi-hotspot,linux-wifi-hotspot,4.7.2,fetchFromGitHub,https://github.com/lakinduakash/linux-wifi-hotspot,lakinduakash,linux-wifi-hotspot,v4.7.2,tag,sha256-+WHYWQ4EyAt+Kq0LHEgC7Kk5HpIqThz6W3PIdW8Wojk=,https://github.com/lakinduakash/linux-wifi-hotspot/archive/v4.7.2.tar.gz
liquidsoap,liquidsoap,2.4.2,fetchFromGitHub,https://github.com/savonet/liquidsoap,savonet,liquidsoap,refs/tags/v2.4.2,tag,sha256-ViJlG+AUncL37mltlFFXVho98Up11qZI3wwSnrd9C8g=,https://github.com/savonet/liquidsoap/archive/refs/tags/v2.4.2.tar.gz
lite-xl,lite-xl,2.1.8,fetchFromGitHub,https://github.com/lite-xl/lite-xl,lite-xl,lite-xl,v2.1.8,tag,sha256-9JpD7f5vOGhLW8dBjjYUI5PSaz/XWW5sIOZCAbKhxtE=,https://github.com/lite-xl/lite-xl/archive/v2.1.8.tar.gz
livebook,livebook,0.18.6,fetchFromGitHub,https://github.com/livebook-dev/livebook,livebook-dev,livebook,refs/tags/v0.18.6,tag,sha256-8pFvY86ht2NMUtknjt5M7QasOKnoHvQdYJrOlgTyueU=,https://github.com/livebook-dev/livebook/archive/refs/tags/v0.18.6.tar.gz
lksctp-tools,lksctp-tools,1.0.21,fetchFromGitHub,https://github.com/sctp/lksctp-tools,sctp,lksctp-tools,v1.0.21,tag,sha256-+vbdNvHuJLYp901QgtBzMejlbzMyr9Z1eXxR3Zy7eAE=,https://github.com/sctp/lksctp-tools/archive/v1.0.21.tar.gz
lld,lld,21.1.8,fetchFromGitHub,https://github.com/llvm/llvm-project,llvm,llvm-project,llvmorg-21.1.8,tag,,https://github.com/llvm/llvm-project/archive/llvmorg-21.1.8.tar.gz
lld_18,lld,18.1.8,fetchFromGitHub,https://github.com/llvm/llvm-project,llvm,llvm-project,llvmorg-18.1.8,tag,,https://github.com/llvm/llvm-project/archive/llvmorg-18.1.8.tar.gz
lld_19,lld,19.1.7,fetchFromGitHub,https://github.com/llvm/llvm-project,llvm,llvm-project,llvmorg-19.1.7,tag,,https://github.com/llvm/llvm-project/archive/llvmorg-19.1.7.tar.gz
lld_20,lld,20.1.8,fetchFromGitHub,https://github.com/llvm/llvm-project,llvm,llvm-project,llvmorg-20.1.8,tag,,https://github.com/llvm/llvm-project/archive/llvmorg-20.1.8.tar.gz
lld_21,lld,21.1.8,fetchFromGitHub,https://github.com/llvm/llvm-project,llvm,llvm-project,llvmorg-21.1.8,tag,,https://github.com/llvm/llvm-project/archive/llvmorg-21.1.8.tar.gz
lld_22,lld,22.1.0-rc3,fetchFromGitHub,https://github.com/llvm/llvm-project,llvm,llvm-project,llvmorg-22.1.0-rc3,tag,,https://github.com/llvm/llvm-project/archive/llvmorg-22.1.0-rc3.tar.gz
lldb,lldb,21.1.8,fetchFromGitHub,https://github.com/llvm/llvm-project,llvm,llvm-project,llvmorg-21.1.8,tag,,https://github.com/llvm/llvm-project/archive/llvmorg-21.1.8.tar.gz
lldb_18,lldb,18.1.8,fetchFromGitHub,https://github.com/llvm/llvm-project,llvm,llvm-project,llvmorg-18.1.8,tag,,https://github.com/llvm/llvm-project/archive/llvmorg-18.1.8.tar.gz
lldb_19,lldb,19.1.7,fetchFromGitHub,https://github.com/llvm/llvm-project,llvm,llvm-project,llvmorg-19.1.7,tag,,https://github.com/llvm/llvm-project/archive/llvmorg-19.1.7.tar.gz
lldb_20,lldb,20.1.8,fetchFromGitHub,https://github.com/llvm/llvm-project,llvm,llvm-project,llvmorg-20.1.8,tag,,https://github.com/llvm/llvm-project/archive/llvmorg-20.1.8.tar.gz
lldb_21,lldb,21.1.8,fetchFromGitHub,https://github.com/llvm/llvm-project,llvm,llvm-project,llvmorg-21.1.8,tag,,https://github.com/llvm/llvm-project/archive/llvmorg-21.1.8.tar.gz
lldb_22,lldb,22.1.0-rc3,fetchFromGitHub,https://github.com/llvm/llvm-project,llvm,llvm-project,llvmorg-22.1.0-rc3,tag,,https://github.com/llvm/llvm-project/archive/llvmorg-22.1.0-rc3.tar.gz
llhttp,llhttp,9.3.0,fetchFromGitHub,https://github.com/nodejs/llhttp,nodejs,llhttp,refs/tags/release/v9.3.0,tag,sha256-VL58h8sdJIpzMiWNqTvfp8oITjb0b3X/F8ygaE9cH94=,https://github.com/nodejs/llhttp/archive/refs/tags/release/v9.3.0.tar.gz
llvm,llvm,21.1.8,fetchFromGitHub,https://github.com/llvm/llvm-project,llvm,llvm-project,llvmorg-21.1.8,tag,,https://github.com/llvm/llvm-project/archive/llvmorg-21.1.8.tar.gz
llvm-manpages,llvm-manpages,21.1.8,fetchFromGitHub,https://github.com/llvm/llvm-project,llvm,llvm-project,llvmorg-21.1.8,tag,,https://github.com/llvm/llvm-project/archive/llvmorg-21.1.8.tar.gz
llvm_18,llvm,18.1.8,fetchFromGitHub,https://github.com/llvm/llvm-project,llvm,llvm-project,llvmorg-18.1.8,tag,,https://github.com/llvm/llvm-project/archive/llvmorg-18.1.8.tar.gz
llvm_19,llvm,19.1.7,fetchFromGitHub,https://github.com/llvm/llvm-project,llvm,llvm-project,llvmorg-19.1.7,tag,,https://github.com/llvm/llvm-project/archive/llvmorg-19.1.7.tar.gz
llvm_20,llvm,20.1.8,fetchFromGitHub,https://github.com/llvm/llvm-project,llvm,llvm-project,llvmorg-20.1.8,tag,,https://github.com/llvm/llvm-project/archive/llvmorg-20.1.8.tar.gz
llvm_21,llvm,21.1.8,fetchFromGitHub,https://github.com/llvm/llvm-project,llvm,llvm-project,llvmorg-21.1.8,tag,,https://github.com/llvm/llvm-project/archive/llvmorg-21.1.8.tar.gz
llvm_22,llvm,22.1.0-rc3,fetchFromGitHub,https://github.com/llvm/llvm-project,llvm,llvm-project,llvmorg-22.1.0-rc3,tag,,https://github.com/llvm/llvm-project/archive/llvmorg-22.1.0-rc3.tar.gz
lnav,lnav,0.13.2,fetchFromGitHub,https://github.com/tstack/lnav,tstack,lnav,refs/tags/v0.13.2,tag,sha256-IYBcYnai7Se3/GNITzhpSV/XYvCUvcpiZDTF4Y58Zt0=,https://github.com/tstack/lnav/archive/refs/tags/v0.13.2.tar.gz
lnd,lnd,0.20.1-beta,fetchFromGitHub,https://github.com/lightningnetwork/lnd,lightningnetwork,lnd,v0.20.1-beta,tag,sha256-EHyyUleCKLEAnYNH7+PYwE/uTz445EQmtfosFxf10wU=,https://github.com/lightningnetwork/lnd/archive/v0.20.1-beta.tar.gz
logseq,logseq,0.10.15,fetchFromGitHub,https://github.com/logseq/logseq,logseq,logseq,refs/tags/0.10.15,tag,sha256-knosNA2Gqy10Kr9HWnBdYNlV51zzgFuL8cdioVlAk0Q=,https://github.com/logseq/logseq/archive/refs/tags/0.10.15.tar.gz
longcat,longcat,0.0.12,fetchFromGitHub,https://github.com/mattn/longcat,mattn,longcat,refs/tags/v0.0.12,tag,sha256-MiUkI7qCN/rDJUkBCyET19CH4iYnl1HwKjRZD2dCTVM=,https://github.com/mattn/longcat/archive/refs/tags/v0.0.12.tar.gz
ls-lint,ls-lint,2.3.1,fetchFromGitHub,https://github.com/loeffel-io/ls-lint,loeffel-io,ls-lint,v2.3.1,tag,sha256-kwZvpZaiS58UFE+qncQ370E8bnEuzQACK0FOAYlJwV0=,https://github.com/loeffel-io/ls-lint/archive/v2.3.1.tar.gz
luaPackages.cjson,lua-cjson,2.1.0.10-1,fetchFromGitHub,https://github.com/openresty/lua-cjson,openresty,lua-cjson,refs/tags/2.1.0.10,tag,sha256-/SeQro0FaJn91bAGjsVIin+mJF89VUm/G0KyJkV9Qps=,https://github.com/openresty/lua-cjson/archive/refs/tags/2.1.0.10.tar.gz
luaPackages.lua-cjson,lua-cjson,2.1.0.10-1,fetchFromGitHub,https://github.com/openresty/lua-cjson,openresty,lua-cjson,refs/tags/2.1.0.10,tag,sha256-/SeQro0FaJn91bAGjsVIin+mJF89VUm/G0KyJkV9Qps=,https://github.com/openresty/lua-cjson/archive/refs/tags/2.1.0.10.tar.gz
luaPackages.lua-protobuf,lua-protobuf,0.5.3-1,fetchFromGitHub,https://github.com/starwing/lua-protobuf,starwing,lua-protobuf,refs/tags/0.5.3,tag,sha256-9vAv/Rhf9xrQnbd0nkaxGrcTRKkUSlpYRAJe2zpdIiY=,https://github.com/starwing/lua-protobuf/archive/refs/tags/0.5.3.tar.gz
luaPackages.lua-resty-lrucache,lua-resty-lrucache,0.15,fetchFromGitHub,https://github.com/openresty/lua-resty-lrucache,openresty,lua-resty-lrucache,v0.15,tag,sha256-G2l4Zo9Xm/m4zRfxrgzEvRE5LMO+UuX3kd7FwlCnxDA=,https://github.com/openresty/lua-resty-lrucache/archive/v0.15.tar.gz
luaPackages.lua-resty-openssl,lua-resty-openssl,1.7.1-1,fetchFromGitHub,https://github.com/fffonion/lua-resty-openssl,fffonion,lua-resty-openssl,refs/tags/1.7.1,tag,sha256-Zj4neqIptfg8Qckj6BOoHpnVlxCNmJuIgg1kcuqt6pw=,https://github.com/fffonion/lua-resty-openssl/archive/refs/tags/1.7.1.tar.gz
luaPackages.luacheck,luacheck,1.2.0-1,fetchFromGitHub,https://github.com/lunarmodules/luacheck,lunarmodules,luacheck,refs/tags/v1.2.0,tag,sha256-6aDXZRLq2c36dbasyVzcecQKoMvY81RIGYasdF211UY=,https://github.com/lunarmodules/luacheck/archive/refs/tags/v1.2.0.tar.gz
luaPackages.luasec,luasec,1.3.2-1,fetchFromGitHub,https://github.com/brunoos/luasec,brunoos,luasec,refs/tags/v1.3.2,tag,sha256-o3uiZQnn/ID1qAgpZAqA4R3fWWk+Ajcgx++iNu1yLWc=,https://github.com/brunoos/luasec/archive/refs/tags/v1.3.2.tar.gz
luastatus,luastatus,0.6.0,fetchFromGitHub,https://github.com/shdown/luastatus,shdown,luastatus,v0.6.0,tag,sha256-whO5pjUPaCwEb2GDCIPnTk39MejSQOoRRQ5kdYEQ0Pc=,https://github.com/shdown/luastatus/archive/v0.6.0.tar.gz
lunasvg,lunasvg,3.5.0,fetchFromGitHub,https://github.com/sammycage/lunasvg,sammycage,lunasvg,refs/tags/v3.5.0,tag,sha256-eSkYkxdV5L31cIJtH6cVfQU2nguA3BPCQXnIMnColek=,https://github.com/sammycage/lunasvg/archive/refs/tags/v3.5.0.tar.gz
lutris-unwrapped,lutris-unwrapped,0.5.20,fetchFromGitHub,https://github.com/lutris/lutris,lutris,lutris,refs/tags/v0.5.20,tag,sha256-ycAlVV5CkLLsk/m17R8k6x40av1wcEVQU2GMbOuc7Bs=,https://github.com/lutris/lutris/archive/refs/tags/v0.5.20.tar.gz
lzbench,lzbench,2.2,fetchFromGitHub,https://github.com/inikep/lzbench,inikep,lzbench,v2.2,tag,sha256-CmT+mjFKf8/HE00re1QzU2pwdUYR8Js1kN4y6c2ZiNY=,https://github.com/inikep/lzbench/archive/v2.2.tar.gz
m8c,m8c,1.7.10,fetchFromGitHub,https://github.com/laamaa/m8c,laamaa,m8c,v1.7.10,tag,sha256-8QkvvTtFxQmDIqpyhZi/ORcB7YwENu+YafYtCZw0faE=,https://github.com/laamaa/m8c/archive/v1.7.10.tar.gz
macism,macism,3.0.10,fetchFromGitHub,https://github.com/laishulu/macism,laishulu,macism,refs/tags/v3.0.10,tag,sha256-TNZoVCGbWYZHWL1hgdq9p+RrbsWLtL8FuNpf0OvN+uM=,https://github.com/laishulu/macism/archive/refs/tags/v3.0.10.tar.gz
mackerel-agent,mackerel-agent,0.85.2,fetchFromGitHub,https://github.com/mackerelio/mackerel-agent,mackerelio,mackerel-agent,v0.85.2,tag,sha256-3A3x32JytJGXebgZeJcToHXNqRB+rbyziT5Zwgc9rEM=,https://github.com/mackerelio/mackerel-agent/archive/v0.85.2.tar.gz
macvim,macvim,182,fetchFromGitHub,https://github.com/macvim-dev/macvim,macvim-dev,macvim,refs/tags/release-182,tag,sha256-JEb71wZcvFsz94vb3+gC83BhlEccjlPrpr9RCXDUEIo=,https://github.com/macvim-dev/macvim/archive/refs/tags/release-182.tar.gz
magic-enum,magic-enum,0.9.7,fetchFromGitHub,https://github.com/Neargye/magic_enum,Neargye,magic_enum,refs/tags/v0.9.7,tag,sha256-P6fl/dcGOSE1lTJwZlimbvsTPelHwdQdZr18H4Zji20=,https://github.com/Neargye/magic_enum/archive/refs/tags/v0.9.7.tar.gz
magic-wormhole-rs,magic-wormhole-rs,0.7.6,fetchFromGitHub,https://github.com/magic-wormhole/magic-wormhole.rs,magic-wormhole,magic-wormhole.rs,0.7.6,tag,sha256-01u1DJNd/06q9dH/Y4E5kj5gb2CA7EKdoPtMhzCLtso=,https://github.com/magic-wormhole/magic-wormhole.rs/archive/0.7.6.tar.gz
malt,malt,1.4.1,fetchFromGitHub,https://github.com/memtt/malt,memtt,malt,v1.4.1,tag,sha256-4lCAEk/b8APuOo+x/kGSTg7vFSBZf/VBuSMDM7o5sts=,https://github.com/memtt/malt/archive/v1.4.1.tar.gz
mamba,mamba,2.6,fetchFromGitHub,https://github.com/brummer10/Mamba,brummer10,Mamba,refs/tags/v2.6,tag,sha256-S1+nGnB1LHIUgYves0qtWh+QXYKjtKWICpOo38b3zbY=,
mandelbulber,mandelbulber,2.33,fetchFromGitHub,https://github.com/buddhi1980/mandelbulber2,buddhi1980,mandelbulber2,2.33,tag,sha256-3PPgH9E+k2DFm8ib1bmvTsllQ9kYi3oLDwPHcs1Otac=,https://github.com/buddhi1980/mandelbulber2/archive/2.33.tar.gz
manticoresearch,manticoresearch,15.1.0,fetchFromGitHub,https://github.com/manticoresoftware/manticoresearch,manticoresoftware,manticoresearch,refs/tags/15.1.0,tag,sha256-ESiM2D11o1QnctDzL7WQ+usad7nvs0YSPOpZzSfYv4Y=,https://github.com/manticoresoftware/manticoresearch/archive/refs/tags/15.1.0.tar.gz
marco,marco,1.28.2,fetchFromGitHub,https://github.com/mate-desktop/marco,mate-desktop,marco,refs/tags/v1.28.2,tag,sha256-k45k49mPxy4vmDtCFHaqk0kwZ5wXVAaTj3kanK79n7I=,https://github.com/mate-desktop/marco/archive/refs/tags/v1.28.2.tar.gz
mariadb-connector-c,mariadb-connector-c,3.3.5,fetchFromGitHub,https://github.com/mariadb-corporation/mariadb-connector-c,mariadb-corporation,mariadb-connector-c,v3.3.5,tag,sha256-RLHx8PyfbfIDr6X6ky5/w0XsGMFd+v5PgmQHvYOaf+k=,https://github.com/mariadb-corporation/mariadb-connector-c/archive/v3.3.5.tar.gz
mariadb-connector-c_3_1,mariadb-connector-c,3.1.21,fetchFromGitHub,https://github.com/mariadb-corporation/mariadb-connector-c,mariadb-corporation,mariadb-connector-c,v3.1.21,tag,sha256-guN3Rcsb/EV4rxPE3yhJRSsT1+z44zUetg7ZBA4WjIc=,https://github.com/mariadb-corporation/mariadb-connector-c/archive/v3.1.21.tar.gz
mariadb-connector-c_3_2,mariadb-connector-c,3.2.7,fetchFromGitHub,https://github.com/mariadb-corporation/mariadb-connector-c,mariadb-corporation,mariadb-connector-c,v3.2.7,tag,sha256-F7s9fcbJiz6lsWrvlTpY+ZET8MPwlyWPKJZOvHEwBvo=,https://github.com/mariadb-corporation/mariadb-connector-c/archive/v3.2.7.tar.gz
mariadb-connector-c_3_3,mariadb-connector-c,3.3.5,fetchFromGitHub,https://github.com/mariadb-corporation/mariadb-connector-c,mariadb-corporation,mariadb-connector-c,v3.3.5,tag,sha256-RLHx8PyfbfIDr6X6ky5/w0XsGMFd+v5PgmQHvYOaf+k=,https://github.com/mariadb-corporation/mariadb-connector-c/archive/v3.3.5.tar.gz
markdown-link-check,markdown-link-check,3.14.2,fetchFromGitHub,https://github.com/tcort/markdown-link-check,tcort,markdown-link-check,v3.14.2,tag,sha256-5keyuUEp+JlS19YZJvRNjx30qfJBYBzf9fDOO7LKVb4=,https://github.com/tcort/markdown-link-check/archive/v3.14.2.tar.gz
masklint,masklint,0.4.1,fetchFromGitHub,https://github.com/brumhard/masklint,brumhard,masklint,v0.4.1,tag,sha256-PhhSJwzLTMFmisrdmsRjxWDBkBr+NjIkENHjdkTeviM=,https://github.com/brumhard/masklint/archive/v0.4.1.tar.gz
massdns,massdns,1.1.0,fetchFromGitHub,https://github.com/blechschmidt/massdns,blechschmidt,massdns,v1.1.0,tag,sha256-hrnAg5ErPt93RV4zobRGVtcKt4aM2tC52r08T7+vRGc=,https://github.com/blechschmidt/massdns/archive/v1.1.0.tar.gz
mastotool,mastotool,0.2.4,fetchFromGitHub,https://github.com/muesli/mastotool,muesli,mastotool,v0.2.4,tag,sha256-KmYUt2WXLY6i17dZ+o5HOTyMwbQnynY7IT43LIEN3B0=,https://github.com/muesli/mastotool/archive/v0.2.4.tar.gz
mate-control-center,mate-control-center,1.28.1,fetchFromGitHub,https://github.com/mate-desktop/mate-control-center,mate-desktop,mate-control-center,refs/tags/v1.28.1,tag,sha256-rsEu3Ig6GxqPOvAFOXhkEoXM+etyjWpQWHGOsA+myJs=,https://github.com/mate-desktop/mate-control-center/archive/refs/tags/v1.28.1.tar.gz
materialize,materialize,0.87.2,fetchFromGitHub,https://github.com/MaterializeInc/materialize,MaterializeInc,materialize,refs/tags/v0.87.2,tag,sha256-EHhN+avUxzwKU48MubiMM40W9J93yZlNqV+xeP44dl0=,
matrix-authentication-service,matrix-authentication-service,1.12.0,fetchFromGitHub,https://github.com/element-hq/matrix-authentication-service,element-hq,matrix-authentication-service,refs/tags/v1.12.0,tag,sha256-fHAho52KO43Vot+JliR80glC0AY1cqZzz/ZxecGk9P8=,https://github.com/element-hq/matrix-authentication-service/archive/refs/tags/v1.12.0.tar.gz
matterircd,matterircd,0.28.0,fetchFromGitHub,https://github.com/42wim/matterircd,42wim,matterircd,v0.28.0,tag,sha256-qA07i31fGLLIfWoCBW1f5nvf4AWEIkSXZh22F6rRnpM=,https://github.com/42wim/matterircd/archive/v0.28.0.tar.gz
mattermost-desktop,mattermost-desktop,6.0.4,fetchFromGitHub,https://github.com/mattermost/desktop,mattermost,desktop,refs/tags/v6.0.4,tag,sha256-9/HDkcQEyvcflHMk/M4181jT6xUzMUcD5GHRxqfgxSg=,https://github.com/mattermost/desktop/archive/refs/tags/v6.0.4.tar.gz
mavproxy,MAVProxy,1.8.74,fetchFromGitHub,https://github.com/ArduPilot/MAVProxy,ArduPilot,MAVProxy,refs/tags/v1.8.74,tag,sha256-1/bp3vlCXt4Hg36zwMKSzPSxW7xlxpfx2o+2uQixdos=,https://github.com/ArduPilot/MAVProxy/archive/refs/tags/v1.8.74.tar.gz
mbusd,mbusd,0.5.2,fetchFromGitHub,https://github.com/3cky/mbusd,3cky,mbusd,v0.5.2,tag,sha256-RQRSqlbPwBhw0SiNSP+euMVAwVBJo3lx0qB5gyWA+cM=,https://github.com/3cky/mbusd/archive/v0.5.2.tar.gz
mcpelauncher-client,mcpelauncher-client,1.6.4-qt6,fetchFromGitHub,https://github.com/minecraft-linux/mcpelauncher-manifest,minecraft-linux,mcpelauncher-manifest,refs/tags/v1.6.4-qt6,tag,sha256-L9QWA50T4bhpFmKodGpu2Y5Vea5HckeKs0OkH3O7lTY=,
mcrcon,mcrcon,0.7.2,fetchFromGitHub,https://github.com/Tiiffi/mcrcon,Tiiffi,mcrcon,v0.7.2,tag,sha256-cedeKsZgEyu0jqN4kBSgMJzFNUfCVXCEwH3M54miSG4=,https://github.com/Tiiffi/mcrcon/archive/v0.7.2.tar.gz
md2pdf,md2pdf,3.1.0,fetchFromGitHub,https://github.com/jmaupetit/md2pdf,jmaupetit,md2pdf,refs/tags/v3.1.0,tag,sha256-ksccl9K0o0mZleyLe1K1ob78W2MKZksTFtu6/dZUWeg=,https://github.com/jmaupetit/md2pdf/archive/refs/tags/v3.1.0.tar.gz
mediawriter,mediawriter,5.2.9,fetchFromGitHub,https://github.com/FedoraQt/MediaWriter,FedoraQt,MediaWriter,refs/tags/5.2.9,tag,sha256-tZ0GzaEzhklD/FJocnRmet+dvBwZoNYVhJfF1NY6puE=,https://github.com/FedoraQt/MediaWriter/archive/refs/tags/5.2.9.tar.gz
medusa,medusa,2.3,fetchFromGitHub,https://github.com/jmk-foofus/medusa,jmk-foofus,medusa,refs/tags/2.3,tag,sha256-ftn5RBE3NYfjXLq8Gm92sbFW+M925BDuL/VmwfPYXpo=,https://github.com/jmk-foofus/medusa/archive/refs/tags/2.3.tar.gz
megabasterd,megabasterd,8.22,fetchFromGitHub,https://github.com/tonikelope/megabasterd,tonikelope,megabasterd,refs/tags/v8.22,tag,sha256-dkxIbQCnOnZ3tbqijqlRhEtEJ4q1ksot5n0gJ7HvsgI=,https://github.com/tonikelope/megabasterd/archive/refs/tags/v8.22.tar.gz
meilisearch,meilisearch,1.36.0,fetchFromGitHub,https://github.com/meilisearch/meilisearch,meilisearch,meilisearch,refs/tags/v1.36.0,tag,sha256-yHLSuGWhBmMkWoV3L+oBzpN0fv52gRnJnZDjgXnyHaQ=,https://github.com/meilisearch/meilisearch/archive/refs/tags/v1.36.0.tar.gz
memray,memray,1.19.1,fetchFromGitHub,https://github.com/bloomberg/memray,bloomberg,memray,refs/tags/v1.19.1,tag,sha256-RdOtgNSkFIVl8Uve2iaJ7G0X1IHJ/Yo4h8hWP3pTV8g=,https://github.com/bloomberg/memray/archive/refs/tags/v1.19.1.tar.gz
mercure,mercure,0.21.8,fetchFromGitHub,https://github.com/dunglas/mercure,dunglas,mercure,v0.21.8,tag,sha256-M/RzcR0FPkjBCRw0faRHF2ML25vzxcmNbAnnSWo+NFU=,https://github.com/dunglas/mercure/archive/v0.21.8.tar.gz
mergerfs,mergerfs,2.41.1,fetchFromGitHub,https://github.com/trapexit/mergerfs,trapexit,mergerfs,2.41.1,tag,sha256-pXge+/5Ti4+e0aSbWLg6roIcg+3foAvSHP/Obd0EiE4=,https://github.com/trapexit/mergerfs/archive/2.41.1.tar.gz
merkaartor,merkaartor,0.20.0,fetchFromGitHub,https://github.com/openstreetmap/merkaartor,openstreetmap,merkaartor,refs/tags/0.20.0,tag,sha256-oxLGhIE1qJ9+GOztD1HvrLGRGVO3gyy7Rc6CyzKTFec=,https://github.com/openstreetmap/merkaartor/archive/refs/tags/0.20.0.tar.gz
meshlab,meshlab,2025.07,fetchFromGitHub,https://github.com/cnr-isti-vclab/meshlab,cnr-isti-vclab,meshlab,refs/tags/MeshLab-2025.07,tag,sha256-6BozYzPCbBZ+btL4FCdzKlwKqTsvFWDfOXizzJSYo9s=,https://github.com/cnr-isti-vclab/meshlab/archive/refs/tags/MeshLab-2025.07.tar.gz
meshtastic-web,meshtastic-web,2.6.7,fetchFromGitHub,https://github.com/meshtastic/web,meshtastic,web,refs/tags/v2.6.7,tag,sha256-71/Wr/b42fknVCdeO99AI4ZpJk8Smkse/TFisKLzBCQ=,
metabigor,metabigor,2.1.0,fetchFromGitHub,https://github.com/j3ssie/metabigor,j3ssie,metabigor,refs/tags/v2.1.0,tag,sha256-sFrcre4S2VTmKFzBLCkFXLr+HW/WZ0XhMEFl7N1WgOA=,https://github.com/j3ssie/metabigor/archive/refs/tags/v2.1.0.tar.gz
metasploit,metasploit-framework,6.4.106,fetchFromGitHub,https://github.com/rapid7/metasploit-framework,rapid7,metasploit-framework,refs/tags/6.4.106,tag,sha256-FpSx6CuVa2fOCoJesQcK+Nft+6k8iPDKyGvTec8TMbo=,https://github.com/rapid7/metasploit-framework/archive/refs/tags/6.4.106.tar.gz
metricbeat,metricbeat,7.17.27,fetchFromGitHub,https://github.com/elastic/beats,elastic,beats,v7.17.27,tag,sha256-TzcKB1hIHe1LNZ59GcvR527yvYqPKNXPIhpWH2vyMTY=,https://github.com/elastic/beats/archive/v7.17.27.tar.gz
metricbeat7,metricbeat,7.17.27,fetchFromGitHub,https://github.com/elastic/beats,elastic,beats,v7.17.27,tag,sha256-TzcKB1hIHe1LNZ59GcvR527yvYqPKNXPIhpWH2vyMTY=,https://github.com/elastic/beats/archive/v7.17.27.tar.gz
mhabit,mhabit,1.23.8+148,fetchFromGitHub,https://github.com/FriesI23/mhabit,FriesI23,mhabit,refs/tags/v1.23.8+148,tag,sha256-JOVznx4z6G2q7IOs/5uyQ8q0+D7oq9jOS0f8u26YrP4=,https://github.com/FriesI23/mhabit/archive/refs/tags/v1.23.8+148.tar.gz
microcom,microcom,2025.11.0,fetchFromGitHub,https://github.com/pengutronix/microcom,pengutronix,microcom,v2025.11.0,tag,sha256-drQpUOl+QLBvwT++bEBk9Bt+tTQxrnFgfuoGIW5Bcyw=,https://github.com/pengutronix/microcom/archive/v2025.11.0.tar.gz
micronucleus,micronucleus,2.6,fetchFromGitHub,https://github.com/micronucleus/micronucleus,micronucleus,micronucleus,v2.6,tag,sha256-IngVHeYgPUwSsboTZ5h55iLUxtdBSdugiLk5HbyHIvI=,https://github.com/micronucleus/micronucleus/archive/v2.6.tar.gz
mihomo,mihomo,1.19.20,fetchFromGitHub,https://github.com/MetaCubeX/mihomo,MetaCubeX,mihomo,v1.19.20,tag,sha256-w1W8zClaiHA0EdAm4sf8Va11pxjXFFwmnSUyb7UWd74=,https://github.com/MetaCubeX/mihomo/archive/v1.19.20.tar.gz
miller,miller,6.16.0,fetchFromGitHub,https://github.com/johnkerl/miller,johnkerl,miller,v6.16.0,tag,sha256-WQn0vynf+eNbPHuPI2J5CA9R3ptAShPMErJQ/W3UybQ=,https://github.com/johnkerl/miller/archive/v6.16.0.tar.gz
mingtest,mingtest,0.2.1,fetchFromGitHub,https://github.com/craflin/mingtest,craflin,mingtest,refs/tags/0.2.1,tag,sha256-buFr5w+3YJ2gJeQ8YTsFrUMU9hWq/iAJ6cW6ykvETfM=,https://github.com/craflin/mingtest/archive/refs/tags/0.2.1.tar.gz
minify,minify,2.24.10,fetchFromGitHub,https://github.com/tdewolff/minify,tdewolff,minify,v2.24.10,tag,sha256-mpSnELFSaSg+BCzGQs2gmKA91imtRq6UZNIxzBvueTc=,https://github.com/tdewolff/minify/archive/v2.24.10.tar.gz
minigalaxy,minigalaxy,1.4.1,fetchFromGitHub,https://github.com/sharkwouter/minigalaxy,sharkwouter,minigalaxy,refs/tags/1.4.1,tag,sha256-YZhgVeWdVaNiTj7hvYuHbaVtoKN6EFoOANWdkrlj4dU=,https://github.com/sharkwouter/minigalaxy/archive/refs/tags/1.4.1.tar.gz
minimacy,minimacy,1.2.0,fetchFromGitHub,https://github.com/ambermind/minimacy,ambermind,minimacy,1.2.0,tag,sha256-uA+4dnhOnv7qRE7nqew8a14DGaQblsMY2uBZ+iyLtFU=,https://github.com/ambermind/minimacy/archive/1.2.0.tar.gz
mininet,mininet,2.3.1b4,fetchFromGitHub,https://github.com/mininet/mininet,mininet,mininet,2.3.1b4,tag,sha256-Z7Vbfu0EJ4+rCpckXrt3hgxeB9N2nnyPIXgPBnpV4uw=,https://github.com/mininet/mininet/archive/2.3.1b4.tar.gz
minisign,minisign,0.12,fetchFromGitHub,https://github.com/jedisct1/minisign,jedisct1,minisign,0.12,tag,sha256-qhAzhht9p4bsa2ntJwhcNurm8QgYYiKi3dA3ifpT8aw=,https://github.com/jedisct1/minisign/archive/0.12.tar.gz
minizinc,minizinc,2.9.3,fetchFromGitHub,https://github.com/MiniZinc/libminizinc,MiniZinc,libminizinc,2.9.3,tag,sha256-eu2yNRESypXWCn8INTjGwwRXTWdGYvah/hc2iqFKQmw=,https://github.com/MiniZinc/libminizinc/archive/2.9.3.tar.gz
minizinc-ide,minizinc-ide,2.9.5,fetchFromGitHub,https://github.com/MiniZinc/MiniZincIDE,MiniZinc,MiniZincIDE,2.9.5,tag,sha256-VqVcByPBS7UBU/h5NIUltIKA0POAX1dUVgMsn5b9C4w=,
minizincide,minizinc-ide,2.9.5,fetchFromGitHub,https://github.com/MiniZinc/MiniZincIDE,MiniZinc,MiniZincIDE,2.9.5,tag,sha256-VqVcByPBS7UBU/h5NIUltIKA0POAX1dUVgMsn5b9C4w=,
mint-themes,mint-themes,2.3.8,fetchFromGitHub,https://github.com/linuxmint/mint-themes,linuxmint,mint-themes,2.3.8,tag,sha256-cIXEg6Crq4DrHBeJUgwCF5k8A5bsR4trO0UC5wMZLpk=,https://github.com/linuxmint/mint-themes/archive/2.3.8.tar.gz
mitmproxy,mitmproxy,12.2.1,fetchFromGitHub,https://github.com/mitmproxy/mitmproxy,mitmproxy,mitmproxy,refs/tags/v12.2.1,tag,sha256-z3JJOql4JacXSeo6dRbKOaL+kLlSnpKQkeXzZdzLQJo=,https://github.com/mitmproxy/mitmproxy/archive/refs/tags/v12.2.1.tar.gz
mkp224o,mkp224o,1.7.0,fetchFromGitHub,https://github.com/cathugger/mkp224o,cathugger,mkp224o,v1.7.0,tag,sha256-OL3xhoxIS1OqfVp0QboENFdNH/e1Aq1R/MFFM9LNFbQ=,https://github.com/cathugger/mkp224o/archive/v1.7.0.tar.gz
mkpasswd,mkpasswd,5.6.6,fetchFromGitHub,https://github.com/rfc1036/whois,rfc1036,whois,v5.6.6,tag,sha256-RKiXQJoyy3wd/KXphhgjikdmIHl8nmjEzibjk5FKpBQ=,https://github.com/rfc1036/whois/archive/v5.6.6.tar.gz
mlflow-server,mlflow,3.8.1,fetchFromGitHub,https://github.com/mlflow/mlflow,mlflow,mlflow,refs/tags/v3.8.1,tag,sha256-QjRFQRShVjTnCN7/+LJ0iiB/h0+P4GJJV4RaviQdS2U=,https://github.com/mlflow/mlflow/archive/refs/tags/v3.8.1.tar.gz
mlkit,mlkit,4.7.21,fetchFromGitHub,https://github.com/melsman/mlkit,melsman,mlkit,refs/tags/v4.7.21,tag,sha256-c1GdM3K6dgY0EgHu01adBXwAxuMehRfo73Lo71couJ4=,https://github.com/melsman/mlkit/archive/refs/tags/v4.7.21.tar.gz
mmex,money-manager-ex,1.9.2,fetchFromGitHub,https://github.com/moneymanagerex/moneymanagerex,moneymanagerex,moneymanagerex,refs/tags/v1.9.2,tag,sha256-DE235wSfq20X3qh2L0KfFLk/54CW6l4Qn1K5r9nePQg=,
mnamer,mnamer,2.6.0,fetchFromGitHub,https://github.com/jkwill87/mnamer,jkwill87,mnamer,refs/tags/2.6.0,tag,sha256-lu1DWbR7LkaRddeAAHBWM61cnEZG4KVZdQWWRsbghb8=,https://github.com/jkwill87/mnamer/archive/refs/tags/2.6.0.tar.gz
modsecurity-crs,modsecurity-crs,3.3.4,fetchFromGitHub,https://github.com/coreruleset/coreruleset,coreruleset,coreruleset,v3.3.4,tag,sha256-WDJW4K85YdHrw9cys3LrnZUoTxc0WhiuCW6CiC1cAbk=,https://github.com/coreruleset/coreruleset/archive/v3.3.4.tar.gz
moltenvk,MoltenVK,1.4.1,fetchFromGitHub,https://github.com/KhronosGroup/MoltenVK,KhronosGroup,MoltenVK,v1.4.1,tag,sha256-7S10p/XrQ/oMXuCnOU6gqnWMGMfP5vhimec1ThxmuIE=,https://github.com/KhronosGroup/MoltenVK/archive/v1.4.1.tar.gz
mongodb,mongodb,7.0.30,fetchFromGitHub,https://github.com/mongodb/mongo,mongodb,mongo,refs/tags/r7.0.30,tag,sha256-z0stPphy9EliDkanlDCHJ+ck3p1gUTMQ83uOW7kvlmI=,https://github.com/mongodb/mongo/archive/refs/tags/r7.0.30.tar.gz
mongodb-7_0,mongodb,7.0.30,fetchFromGitHub,https://github.com/mongodb/mongo,mongodb,mongo,refs/tags/r7.0.30,tag,sha256-z0stPphy9EliDkanlDCHJ+ck3p1gUTMQ83uOW7kvlmI=,https://github.com/mongodb/mongo/archive/refs/tags/r7.0.30.tar.gz
mongodb-tools,mongo-tools,100.14.1,fetchFromGitHub,https://github.com/mongodb/mongo-tools,mongodb,mongo-tools,refs/tags/100.14.1,tag,sha256-+3Cmaa0913TKj/nMmTxXQeegPEZ1NUdusTbKZ86LqLY=,https://github.com/mongodb/mongo-tools/archive/refs/tags/100.14.1.tar.gz
mongosh,mongosh,2.7.0,fetchFromGitHub,https://github.com/mongodb-js/mongosh,mongodb-js,mongosh,refs/tags/v2.7.0,tag,sha256-M0GHLO+KZFGn0bGYpPMfMnM1tDBFGsAnTyFUH/CjAyw=,https://github.com/mongodb-js/mongosh/archive/refs/tags/v2.7.0.tar.gz
monosat,monosat,1.8.0,fetchFromGitHub,https://github.com/sambayless/monosat,sambayless,monosat,refs/tags/1.8.0,tag,0q3a8x3iih25xkp2bm842sm2hxlb8hxlls4qmvj7vzwrh4lvsl7b,https://github.com/sambayless/monosat/archive/refs/tags/1.8.0.tar.gz
moodle-dl,moodle-dl,2.3.13,fetchFromGitHub,https://github.com/C0D3D3V/Moodle-DL,C0D3D3V,Moodle-DL,refs/tags/2.3.13,tag,sha256-6arwc72gu7XyT6HokSEs2TkvE2FG7mIvy4F+/i/0eJg=,https://github.com/C0D3D3V/Moodle-DL/archive/refs/tags/2.3.13.tar.gz
mopidy-listenbrainz,mopidy-listenbrainz,0.3.0,fetchFromGitHub,https://github.com/suaviloquence/mopidy-listenbrainz,suaviloquence,mopidy-listenbrainz,refs/tags/v0.3.0,tag,sha256-kYZgG2KQMTxMR8tdwwCKkfexDcxcndXG9LSdlnoN/CY=,https://github.com/suaviloquence/mopidy-listenbrainz/archive/refs/tags/v0.3.0.tar.gz
mopidy-spotify,mopidy-spotify,5.0.0a3,fetchFromGitHub,https://github.com/mopidy/mopidy-spotify,mopidy,mopidy-spotify,refs/tags/v5.0.0a3,tag,sha256-pM+kqeWYiPXv9DZDBTgwiEwC6Sbqv6uz5vJ5odcixOw=,https://github.com/mopidy/mopidy-spotify/archive/refs/tags/v5.0.0a3.tar.gz
morewaita-icon-theme,morewaita-icon-theme,49,fetchFromGitHub,https://github.com/somepaulo/MoreWaita,somepaulo,MoreWaita,refs/tags/v49,tag,sha256-DxZ7XnIIF3EKGMPXahD+aHp6lCLRmrnywn7+qWCVflo=,https://github.com/somepaulo/MoreWaita/archive/refs/tags/v49.tar.gz
mozjpeg,mozjpeg,4.1.5,fetchFromGitHub,https://github.com/mozilla/mozjpeg,mozilla,mozjpeg,v4.1.5,tag,sha256-k8qWtU4j3ipIHvY60ae7kdNnPvWnUa0qgacqlSIJijo=,https://github.com/mozilla/mozjpeg/archive/v4.1.5.tar.gz
mpd-discord-rpc,mpd-discord-rpc,1.11.0,fetchFromGitHub,https://github.com/JakeStanger/mpd-discord-rpc,JakeStanger,mpd-discord-rpc,v1.11.0,tag,sha256-vP6d5HxlfLSIobWm7h34ttHjzpx+UZKE6Iyj9QfTRl0=,https://github.com/JakeStanger/mpd-discord-rpc/archive/v1.11.0.tar.gz
mrbayes,mrbayes,3.2.7a,fetchFromGitHub,https://github.com/NBISweden/MrBayes,NBISweden,MrBayes,v3.2.7a,tag,sha256-pkkxZ6YHRn/I1SJpT9A+EK4S5hWGmFdcDBJS0zh5mLA=,https://github.com/NBISweden/MrBayes/archive/v3.2.7a.tar.gz
mrtrix,mrtrix,3.0.8,fetchFromGitHub,https://github.com/MRtrix3/mrtrix3,MRtrix3,mrtrix3,3.0.8,tag,sha256-X/slZuDyVzfsfq3F2uZ0tqOUmK+qEqSwGy8eAJ1bVbg=,
msgpuck,msgpuck,2.0,fetchFromGitHub,https://github.com/rtsisyk/msgpuck,rtsisyk,msgpuck,2.0,tag,0cjq86kncn3lv65vig9cqkqqv2p296ymcjjbviw0j1s85cfflps0,https://github.com/rtsisyk/msgpuck/archive/2.0.tar.gz
msgraph-cli,msgraph-cli,1.9.0,fetchFromGitHub,https://github.com/microsoftgraph/msgraph-cli,microsoftgraph,msgraph-cli,refs/tags/v1.9.0,tag,sha256-bpdxzVlQWQLNYTZHN25S6qa3NKHhDc+xV6NvzSNMVnQ=,https://github.com/microsoftgraph/msgraph-cli/archive/refs/tags/v1.9.0.tar.gz
mstflint,mstflint,4.35.0-1,fetchFromGitHub,https://github.com/Mellanox/mstflint,Mellanox,mstflint,refs/tags/v4.35.0-1,tag,sha256-sz/pIV7eV/lZe6Wckao+frf8HUcWnAVBAV2+gC5KJ3U=,https://github.com/Mellanox/mstflint/archive/refs/tags/v4.35.0-1.tar.gz
mtm,mtm,1.2.1,fetchFromGitHub,https://github.com/deadpixi/mtm,deadpixi,mtm,1.2.1,tag,0gibrvah059z37jvn1qs4b6kvd4ivk2mfihmcpgx1vz6yg70zghv,https://github.com/deadpixi/mtm/archive/1.2.1.tar.gz
mtr-exporter,mtr-exporter,0.6.0,fetchFromGitHub,https://github.com/mgumz/mtr-exporter,mgumz,mtr-exporter,0.6.0,tag,sha256-GkTkL72ZdxeCMG24rjGx8vWt5GQqrTXNxTDpQ81ite8=,https://github.com/mgumz/mtr-exporter/archive/0.6.0.tar.gz
mucommander,mucommander,1.5.2-1,fetchFromGitHub,https://github.com/mucommander/mucommander,mucommander,mucommander,1.5.2-1,tag,sha256-J1paBXlAGe2eKMg4wvaXTzMIiSMFIJ1XIAaKrfOwQLc=,https://github.com/mucommander/mucommander/archive/1.5.2-1.tar.gz
muffin,muffin,6.6.3,fetchFromGitHub,https://github.com/linuxmint/muffin,linuxmint,muffin,6.6.3,tag,sha256-PNL6PAZinds+kqCUCesJkTS+93juhm35sPE7RFUdxeU=,https://github.com/linuxmint/muffin/archive/6.6.3.tar.gz
mullvad,mullvad,2025.14,fetchFromGitHub,https://github.com/mullvad/mullvadvpn-app,mullvad,mullvadvpn-app,refs/tags/2025.14,tag,sha256-9HPOhhtbo7BocycuO7IgjyfWHXBh/5YQDNJ/VwKnKG0=,
munin,munin,2.0.76,fetchFromGitHub,https://github.com/munin-monitoring/munin,munin-monitoring,munin,2.0.76,tag,sha256-9PfIzUObm3Nu2k2TFjbQ3cqIDkPz07ZUczEcfm3bpDc=,https://github.com/munin-monitoring/munin/archive/2.0.76.tar.gz
muparser,muparser,2.3.5,fetchFromGitHub,https://github.com/beltoforion/muparser,beltoforion,muparser,v2.3.5,tag,sha256-CE3xgJr2RNsNMrj8Cf6xd/pD9M1OlHEclTW6xZV5X30=,https://github.com/beltoforion/muparser/archive/v2.3.5.tar.gz
muparserx,muparserx,4.0.12,fetchFromGitHub,https://github.com/beltoforion/muparserx,beltoforion,muparserx,v4.0.12,tag,sha256-rekPXmncNdVX6LvPQP1M2Pzs3pyiCCcLPLnPFiyWJ4s=,https://github.com/beltoforion/muparserx/archive/v4.0.12.tar.gz
muse,muse-sequencer,4.2.1,fetchFromGitHub,https://github.com/muse-sequencer/muse,muse-sequencer,muse,refs/tags/4.2.1,tag,sha256-LxibuqopMHuKEfTWXSEXc1g3wTm2F3NQRiV71FHvaY0=,https://github.com/muse-sequencer/muse/archive/refs/tags/4.2.1.tar.gz
musescore,musescore,4.6.5,fetchFromGitHub,https://github.com/musescore/MuseScore,musescore,MuseScore,refs/tags/v4.6.5,tag,sha256-lfgf09gLeoiXc0xsJvvKAnSJUjy/L2Fdis/9SNjb1KM=,https://github.com/musescore/MuseScore/archive/refs/tags/v4.6.5.tar.gz
museum,museum,1.3.16,fetchFromGitHub,https://github.com/ente-io/ente,ente-io,ente,refs/tags/photos-v1.3.16,tag,sha256-0Ks29rlCAacOolVXcWX3zedrm6U90Dfe3Mr2uZYfUf4=,https://github.com/ente-io/ente/archive/refs/tags/photos-v1.3.16.tar.gz
mustache-hpp,mustache,4.1,fetchFromGitHub,https://github.com/kainjow/Mustache,kainjow,Mustache,v4.1,tag,0r9rbk6v1wpld2ismfsk2lkhbyv3dkf0p03hkjivbj05qkfhvlbb,https://github.com/kainjow/Mustache/archive/v4.1.tar.gz
mvnd,mvnd,1.0.3,fetchFromGitHub,https://github.com/apache/maven-mvnd,apache,maven-mvnd,1.0.3,tag,sha256-vlJG2uDY93iri1X7SYPRufAIN4fhAjCd8gCeCdz/QDE=,https://github.com/apache/maven-mvnd/archive/1.0.3.tar.gz
mybbscan,my-b-bscan,3.2.0,fetchFromGitHub,https://github.com/0xB9/MyBBscan,0xB9,MyBBscan,refs/tags/v3.2.0,tag,sha256-cX1483JK+bejQWua9d7V3GDw6cPPvlnLX5w2XQjqMOQ=,https://github.com/0xB9/MyBBscan/archive/refs/tags/v3.2.0.tar.gz
mympd,mympd,23.0.1,fetchFromGitHub,https://github.com/jcorporation/myMPD,jcorporation,myMPD,v23.0.1,tag,sha256-X5Pyh5QqVbH+4z1hf+u/JmN4lVKcW1RYu+rtDd5ec3w=,https://github.com/jcorporation/myMPD/archive/v23.0.1.tar.gz
naev,naev,0.12.6,fetchFromGitHub,https://github.com/naev/naev,naev,naev,refs/tags/v0.12.6,tag,sha256-Phes5d7q1PgviwKFcvDvm9xregcbj2NTTPdmbaXJ19Y=,
nagios,nagios,4.5.11,fetchFromGitHub,https://github.com/NagiosEnterprises/nagioscore,NagiosEnterprises,nagioscore,refs/tags/nagios-4.5.11,tag,sha256-RUiEVCOqEo0+oD6GPl9U3Y4C2Fz4uOGgSaBC+WIkxjs=,https://github.com/NagiosEnterprises/nagioscore/archive/refs/tags/nagios-4.5.11.tar.gz
nagstamon,nagstamon,3.16.2,fetchFromGitHub,https://github.com/HenriWahl/Nagstamon,HenriWahl,Nagstamon,refs/tags/v3.16.2,tag,sha256-9w8ux+AeSg0vDhnk28/2eCE2zYLvAjD7mB0pJBMFs2I=,https://github.com/HenriWahl/Nagstamon/archive/refs/tags/v3.16.2.tar.gz
naja,naja,0.4.1,fetchFromGitHub,https://github.com/najaeda/naja,najaeda,naja,refs/tags/v0.4.1,tag,sha256-QKKV1+xhodA66404ez7w+V0gYatsCoAYq3IuvB3QPnA=,
namecoind,namecoind,28.0,fetchFromGitHub,https://github.com/namecoin/namecoin-core,namecoin,namecoin-core,refs/tags/nc28.0,tag,sha256-r6rVgPrKz7nZ07oXw7KmVhGF4jVn6L+R9YHded+3E9k=,https://github.com/namecoin/namecoin-core/archive/refs/tags/nc28.0.tar.gz
nano-wallet,nano-wallet,28.2,fetchFromGitHub,https://github.com/nanocurrency/nano-node,nanocurrency,nano-node,refs/tags/V28.2,tag,sha256-Wo1Gd6dOnCoPiGmuJQhZmKKSg7LrKpfdvLNNKBYTUWI=,
nanovna-saver,nanovna-saver,0.7.3,fetchFromGitHub,https://github.com/NanoVNA-Saver/nanovna-saver,NanoVNA-Saver,nanovna-saver,refs/tags/v0.7.3,tag,sha256-Asx4drb9W2NobdgOlbgdm1aAzB69hnIWvOM915F7sgA=,https://github.com/NanoVNA-Saver/nanovna-saver/archive/refs/tags/v0.7.3.tar.gz
napari,napari,0.6.6,fetchFromGitHub,https://github.com/napari/napari,napari,napari,refs/tags/v0.6.6,tag,sha256-F0l6GWyZ6n4HNZW7XyUk4ZBPQfrAW4DWixCaRHViDPI=,https://github.com/napari/napari/archive/refs/tags/v0.6.6.tar.gz
naps2,naps2,8.2.1,fetchFromGitHub,https://github.com/cyanfish/naps2,cyanfish,naps2,refs/tags/v8.2.1,tag,sha256-1OPFWmy9eDRnMJjYdzYubgfde7MNix8ZsSuN2ZHsvco=,https://github.com/cyanfish/naps2/archive/refs/tags/v8.2.1.tar.gz
narrowlink,narrowlink,0.2.6,fetchFromGitHub,https://github.com/narrowlink/narrowlink,narrowlink,narrowlink,0.2.6,tag,sha256-O66eihqSxwvrUfJj+VMrs7Vfndz2LPKQEnH7BDljvUg=,https://github.com/narrowlink/narrowlink/archive/0.2.6.tar.gz
nats-top,nats-top,0.6.3,fetchFromGitHub,https://github.com/nats-io/nats-top,nats-io,nats-top,refs/tags/v0.6.3,tag,sha256-NOU0U1hyP9FCSLK0ulf28cx1K0/KWKQd+t3KtaVqWWo=,https://github.com/nats-io/nats-top/archive/refs/tags/v0.6.3.tar.gz
nbxplorer,nbxplorer,2.6.0,fetchFromGitHub,https://github.com/dgarage/NBXplorer,dgarage,NBXplorer,refs/tags/v2.6.0,tag,sha256-X1+UdsKVOC3QpES22p0MG1Rz1oresilBM+b/4I1nCyI=,https://github.com/dgarage/NBXplorer/archive/refs/tags/v2.6.0.tar.gz
ncnn,ncnn,20250503,fetchFromGitHub,https://github.com/Tencent/ncnn,Tencent,ncnn,refs/tags/20250503,tag,sha256-7wktoeei16QaPdcxVVS25sZYPhTQMEq9PjaHBwm5Eas=,https://github.com/Tencent/ncnn/archive/refs/tags/20250503.tar.gz
nco,nco,5.3.2,fetchFromGitHub,https://github.com/nco/nco,nco,nco,5.3.2,tag,sha256-p7GUUgMlZFnJ5kA3x4QpcVmQUQNsjMr2Q8Mrzf6k54Q=,https://github.com/nco/nco/archive/5.3.2.tar.gz
ncompress,ncompress,5.0,fetchFromGitHub,https://github.com/vapier/ncompress,vapier,ncompress,v5.0,tag,sha256-Yhs3C5/kR7Ve56E84usYJprxIMAIwXVahLi1N9TIfj0=,https://github.com/vapier/ncompress/archive/v5.0.tar.gz
nemo,nemo,6.6.4,fetchFromGitHub,https://github.com/linuxmint/nemo,linuxmint,nemo,6.6.4,tag,sha256-HYrpq22rWScdweDQQlrQbOShYFH4FjZWQKBnvKIsOAI=,https://github.com/linuxmint/nemo/archive/6.6.4.tar.gz
nemo-emblems,nemo-emblems,6.6.0,fetchFromGitHub,https://github.com/linuxmint/nemo-extensions,linuxmint,nemo-extensions,6.6.0,tag,sha256-tXeMkaCYnWzg+6ng8Tyg4Ms1aUeE3xiEkQ3tKEX6Vv8=,https://github.com/linuxmint/nemo-extensions/archive/6.6.0.tar.gz
nemo-fileroller,nemo-fileroller,6.6.0,fetchFromGitHub,https://github.com/linuxmint/nemo-extensions,linuxmint,nemo-extensions,6.6.0,tag,sha256-tXeMkaCYnWzg+6ng8Tyg4Ms1aUeE3xiEkQ3tKEX6Vv8=,https://github.com/linuxmint/nemo-extensions/archive/6.6.0.tar.gz
nemo-preview,nemo-preview,6.6.0,fetchFromGitHub,https://github.com/linuxmint/nemo-extensions,linuxmint,nemo-extensions,refs/tags/6.6.0,tag,sha256-tXeMkaCYnWzg+6ng8Tyg4Ms1aUeE3xiEkQ3tKEX6Vv8=,https://github.com/linuxmint/nemo-extensions/archive/refs/tags/6.6.0.tar.gz
nemo-python,nemo-python,6.6.0,fetchFromGitHub,https://github.com/linuxmint/nemo-extensions,linuxmint,nemo-extensions,6.6.0,tag,sha256-tXeMkaCYnWzg+6ng8Tyg4Ms1aUeE3xiEkQ3tKEX6Vv8=,https://github.com/linuxmint/nemo-extensions/archive/6.6.0.tar.gz
nemo-seahorse,nemo-seahorse,6.6.0,fetchFromGitHub,https://github.com/linuxmint/nemo-extensions,linuxmint,nemo-extensions,refs/tags/6.6.0,tag,sha256-tXeMkaCYnWzg+6ng8Tyg4Ms1aUeE3xiEkQ3tKEX6Vv8=,https://github.com/linuxmint/nemo-extensions/archive/refs/tags/6.6.0.tar.gz
neomutt,neomutt,20260105,fetchFromGitHub,https://github.com/neomutt/neomutt,neomutt,neomutt,refs/tags/20260105,tag,sha256-rdnk1wESnnoaxctkR6WvWpq+DUg86PbH9f1EtpSL5uk=,https://github.com/neomutt/neomutt/archive/refs/tags/20260105.tar.gz
neovim-qt-unwrapped,neovim-qt-unwrapped,0.2.19,fetchFromGitHub,https://github.com/equalsraf/neovim-qt,equalsraf,neovim-qt,refs/tags/v0.2.19,tag,sha256-r77tg3xVemHW/zDNA6dYerFjFaYDDeHsD68WhMfI70Q=,https://github.com/equalsraf/neovim-qt/archive/refs/tags/v0.2.19.tar.gz
neovim-unwrapped,neovim-unwrapped,0.11.6,fetchFromGitHub,https://github.com/neovim/neovim,neovim,neovim,refs/tags/v0.11.6,tag,sha256-GdfCaKNe/qPaUV2NJPXY+ATnQNWnyFTFnkOYDyLhTNg=,https://github.com/neovim/neovim/archive/refs/tags/v0.11.6.tar.gz
nest,nest,3.9,fetchFromGitHub,https://github.com/nest/nest-simulator,nest,nest-simulator,v3.9,tag,sha256-4tGLRAsJLOHl9frdo35p/uoTiT2zfstx1e+fv5+ZBCs=,https://github.com/nest/nest-simulator/archive/v3.9.tar.gz
nest-mpi,nest,3.9,fetchFromGitHub,https://github.com/nest/nest-simulator,nest,nest-simulator,v3.9,tag,sha256-4tGLRAsJLOHl9frdo35p/uoTiT2zfstx1e+fv5+ZBCs=,https://github.com/nest/nest-simulator/archive/v3.9.tar.gz
netcap,netcap,0.6.11,fetchFromGitHub,https://github.com/dreadl0ck/netcap,dreadl0ck,netcap,refs/tags/v0.6.11,tag,sha256-SCBKOIC/s+rfrVWmryp9EBp7ARpZZcxymsnZWtEHrhk=,https://github.com/dreadl0ck/netcap/archive/refs/tags/v0.6.11.tar.gz
netcap-nodpi,netcap,0.6.11,fetchFromGitHub,https://github.com/dreadl0ck/netcap,dreadl0ck,netcap,refs/tags/v0.6.11,tag,sha256-SCBKOIC/s+rfrVWmryp9EBp7ARpZZcxymsnZWtEHrhk=,https://github.com/dreadl0ck/netcap/archive/refs/tags/v0.6.11.tar.gz
netmaker,netmaker,1.1.0,fetchFromGitHub,https://github.com/gravitl/netmaker,gravitl,netmaker,v1.1.0,tag,sha256-acsIe3N6F76KktfPOHreFwDatyuv1q7ui6MMhVXfj7c=,https://github.com/gravitl/netmaker/archive/v1.1.0.tar.gz
netmaker-full,netmaker,1.1.0,fetchFromGitHub,https://github.com/gravitl/netmaker,gravitl,netmaker,v1.1.0,tag,sha256-acsIe3N6F76KktfPOHreFwDatyuv1q7ui6MMhVXfj7c=,https://github.com/gravitl/netmaker/archive/v1.1.0.tar.gz
netron,netron,8.8.2,fetchFromGitHub,https://github.com/lutzroeder/netron,lutzroeder,netron,refs/tags/v8.8.2,tag,sha256-DeI82vixVJwAfYYUOTTZCeRTYvmkAutuQQm1fCdj8fs=,https://github.com/lutzroeder/netron/archive/refs/tags/v8.8.2.tar.gz
netsniff-ng,netsniff-ng,0.6.9,fetchFromGitHub,https://github.com/netsniff-ng/netsniff-ng,netsniff-ng,netsniff-ng,v0.6.9,tag,sha256-P1xZqhZ/HJV3fAvh4xhhApZ0+FLDFqvYrZlbvb+FV7I=,https://github.com/netsniff-ng/netsniff-ng/archive/v0.6.9.tar.gz
networkmanager-l2tp,NetworkManager-l2tp,1.20.22,fetchFromGitHub,https://github.com/nm-l2tp/network-manager-l2tp,nm-l2tp,network-manager-l2tp,1.20.22,tag,sha256-TuYLNjogR3psb1B9zonHzRQext0ROS4ueD2WcWkseJk=,https://github.com/nm-l2tp/network-manager-l2tp/archive/1.20.22.tar.gz
networkmanager_dmenu,networkmanager_dmenu,2.6.3,fetchFromGitHub,https://github.com/firecat53/networkmanager-dmenu,firecat53,networkmanager-dmenu,v2.6.3,tag,sha256-L5aO7mha37q2vjy9+j+TPiFBkqc4+deiZU9Om31HHBs=,https://github.com/firecat53/networkmanager-dmenu/archive/v2.6.3.tar.gz
neuron,neuron,8.2.7,fetchFromGitHub,https://github.com/neuronsimulator/nrn,neuronsimulator,nrn,refs/tags/8.2.7,tag,sha256-dmpx0Wud0IhdFvvTJuW/w1Uq6vFYaNal9n27LAqV1Qc=,
neuron-full,neuron,8.2.7,fetchFromGitHub,https://github.com/neuronsimulator/nrn,neuronsimulator,nrn,refs/tags/8.2.7,tag,sha256-dmpx0Wud0IhdFvvTJuW/w1Uq6vFYaNal9n27LAqV1Qc=,
neuron-mpi,neuron,8.2.7,fetchFromGitHub,https://github.com/neuronsimulator/nrn,neuronsimulator,nrn,refs/tags/8.2.7,tag,sha256-dmpx0Wud0IhdFvvTJuW/w1Uq6vFYaNal9n27LAqV1Qc=,
nfdump,nfdump,1.7.6,fetchFromGitHub,https://github.com/phaag/nfdump,phaag,nfdump,refs/tags/v1.7.6,tag,sha256-4iyoQAjOQW4KNJbRmdisdecuOz+DFvQGEKgq8cq7GDI=,https://github.com/phaag/nfdump/archive/refs/tags/v1.7.6.tar.gz
nfft,nfft,3.5.3,fetchFromGitHub,https://github.com/NFFT/nfft,NFFT,nfft,3.5.3,tag,sha256-HR8ME9PVC+RAv1GIgV2vK6eLU8Wk28+rSzbutThBv3w=,https://github.com/NFFT/nfft/archive/3.5.3.tar.gz
ngt,NGT,2.6.0,fetchFromGitHub,https://github.com/yahoojapan/NGT,yahoojapan,NGT,v2.6.0,tag,sha256-dAJ8Xz7Cgmajac43G/3JWj1gwlG2z1RaN7R49IsbMnc=,https://github.com/yahoojapan/NGT/archive/v2.6.0.tar.gz
nickel,nickel,1.16.0,fetchFromGitHub,https://github.com/tweag/nickel,tweag,nickel,refs/tags/1.16.0,tag,sha256-G+ik4tMr+WsDpiEFYv80ruBR/SpeEg9agUWqgXrq7UI=,https://github.com/tweag/nickel/archive/refs/tags/1.16.0.tar.gz
nitrokey-app2,nitrokey-app2,2.5.2,fetchFromGitHub,https://github.com/Nitrokey/nitrokey-app2,Nitrokey,nitrokey-app2,refs/tags/v2.5.2,tag,sha256-HkGdu8A8xpZheO+2NcKkTPXZGln28CnhRQzdpwRUlRE=,https://github.com/Nitrokey/nitrokey-app2/archive/refs/tags/v2.5.2.tar.gz
nitrokey-pro-firmware,nitrokey-pro-firmware,0.15,fetchFromGitHub,https://github.com/Nitrokey/nitrokey-pro-firmware,Nitrokey,nitrokey-pro-firmware,refs/tags/v0.15,tag,sha256-q+kbEOLA05xR6weAWDA1hx4fVsaN9UNKiOXGxPRfXuI=,
nng,nng,1.11,fetchFromGitHub,https://github.com/nanomsg/nng,nanomsg,nng,v1.11,tag,sha256-yH/iK/DuVff2qby/wk6jJ9Tsmxrl9eMrb9bOxCzvmdA=,https://github.com/nanomsg/nng/archive/v1.11.tar.gz
nnpdf,nnpdf,4.0.9,fetchFromGitHub,https://github.com/NNPDF/nnpdf,NNPDF,nnpdf,4.0.9,tag,sha256-PyhkHlOlzKfDxUX91NkeZWjdEzFR4PW0Yh5Yz6ZA27g=,https://github.com/NNPDF/nnpdf/archive/4.0.9.tar.gz
node-hp-scan-to,node-hp-scan-to,1.4.3,fetchFromGitHub,https://github.com/manuc66/node-hp-scan-to,manuc66,node-hp-scan-to,v1.4.3,tag,sha256-/XUqCL2F1iMYUoCbGgL9YKs+8wIFHvmh2O0LMbDU8yE=,https://github.com/manuc66/node-hp-scan-to/archive/v1.4.3.tar.gz
nodePackages.@tailwindcss/language-server,tailwindcss-language-server,0.14.28,fetchFromGitHub,https://github.com/tailwindlabs/tailwindcss-intellisense,tailwindlabs,tailwindcss-intellisense,refs/tags/v0.14.28,tag,sha256-jds6Wq4rcR4wXonZ1v9JITiEc4gflT0sTc3KUSBCMFc=,https://github.com/tailwindlabs/tailwindcss-intellisense/archive/refs/tags/v0.14.28.tar.gz
nodePackages.cspell,cspell,9.7.0,fetchFromGitHub,https://github.com/streetsidesoftware/cspell,streetsidesoftware,cspell,refs/tags/v9.7.0,tag,sha256-WT2MlBtFazi7vC7+2Dx1Y0Z5B3j0tFT6jUajyqhxlDw=,https://github.com/streetsidesoftware/cspell/archive/refs/tags/v9.7.0.tar.gz
nodePackages.elm-review,elm-review,2.13.4,fetchFromGitHub,https://github.com/jfmengels/node-elm-review,jfmengels,node-elm-review,v2.13.4,tag,sha256-rhNLIShZERxrzdTdrPcthTQ+gHUikgR0jchBfcBDGTo=,https://github.com/jfmengels/node-elm-review/archive/v2.13.4.tar.gz
nodePackages.eslint_d,eslint_d,14.3.0,fetchFromGitHub,https://github.com/mantoni/eslint_d.js,mantoni,eslint_d.js,v14.3.0,tag,sha256-Mu3dSgRIC2L9IImKixJfaUsltlajY0cYdXOSikNQuPo=,https://github.com/mantoni/eslint_d.js/archive/v14.3.0.tar.gz
nodePackages.gatsby-cli,gatsby-cli,5.16.0,fetchFromGitHub,https://github.com/gatsbyjs/gatsby,gatsbyjs,gatsby,refs/tags/gatsby-cli@5.16.0,tag,sha256-OK2GqO7UMYR7EFU4UC1cHtKfsQAMJP7KuUaQCUfyTBE=,https://github.com/gatsbyjs/gatsby/archive/refs/tags/gatsby-cli@5.16.0.tar.gz
nodePackages.hs-client,hsd,8.0.0,fetchFromGitHub,https://github.com/handshake-org/hsd,handshake-org,hsd,v8.0.0,tag,sha256-7hF8cJf9Oewfg5WvNpqQSrBZjpnERcdDAaxixOdArpo=,https://github.com/handshake-org/hsd/archive/v8.0.0.tar.gz
nodePackages.hsd,hsd,8.0.0,fetchFromGitHub,https://github.com/handshake-org/hsd,handshake-org,hsd,v8.0.0,tag,sha256-7hF8cJf9Oewfg5WvNpqQSrBZjpnERcdDAaxixOdArpo=,https://github.com/handshake-org/hsd/archive/v8.0.0.tar.gz
nodePackages.karma,karma,6.4.4,fetchFromGitHub,https://github.com/karma-runner/karma,karma-runner,karma,refs/tags/v6.4.4,tag,sha256-RfEmzUMzgOY6YG0MBheCgwmwOU3C5G8hybH40gLmsr4=,https://github.com/karma-runner/karma/archive/refs/tags/v6.4.4.tar.gz
nodePackages.less,lessc,4.2.2,fetchFromGitHub,https://github.com/less/less.js,less,less.js,v4.2.2,tag,sha256-vO/1laFb1yC+OESXTx9KuGdwSNC9Iv49F3V7kfXnyJU=,https://github.com/less/less.js/archive/v4.2.2.tar.gz
nodePackages.markdown-link-check,markdown-link-check,3.14.2,fetchFromGitHub,https://github.com/tcort/markdown-link-check,tcort,markdown-link-check,v3.14.2,tag,sha256-5keyuUEp+JlS19YZJvRNjx30qfJBYBzf9fDOO7LKVb4=,https://github.com/tcort/markdown-link-check/archive/v3.14.2.tar.gz
nodePackages.npm-check-updates,npm-check-updates,19.3.2,fetchFromGitHub,https://github.com/raineorshine/npm-check-updates,raineorshine,npm-check-updates,refs/tags/v19.3.2,tag,sha256-rQRBPfP7w9a2qCjOxNtl9mmSJiYZYbJyyOh3FEfckxk=,https://github.com/raineorshine/npm-check-updates/archive/refs/tags/v19.3.2.tar.gz
nodePackages.prisma,prisma_7,7.3.0,fetchFromGitHub,https://github.com/prisma/prisma,prisma,prisma,refs/tags/7.3.0,tag,sha256-X3tLHUJ+tSjo4DPgmo43KMXHPP5BZK14kCj7sBgjPu8=,https://github.com/prisma/prisma/archive/refs/tags/7.3.0.tar.gz
nodePackages.vega-cli,vega-cli,6.2.0,fetchFromGitHub,https://github.com/vega/vega,vega,vega,refs/tags/v6.2.0,tag,sha256-YO3YzTRNJKDOgCxMXnw2P2d1ZN79Db3//L9iLjDGiyM=,https://github.com/vega/vega/archive/refs/tags/v6.2.0.tar.gz
nodePackages.vega-lite,vega-lite,6.4.2,fetchFromGitHub,https://github.com/vega/vega-lite,vega,vega-lite,refs/tags/v6.4.2,tag,sha256-UQEgZk9SZTSKiAfOvBxnpkyiih9QcSv08O8vt4ooeYQ=,https://github.com/vega/vega-lite/archive/refs/tags/v6.4.2.tar.gz
nodePackages.vscode-json-languageserver,vscode-json-languageserver,1.3.4,fetchFromGitHub,https://github.com/microsoft/vscode,microsoft,vscode,refs/tags/1.101.2,tag,sha256-wdI6VlJ4WoSNnwgkb6dkVYcq/P/yzflv5mE9PuYBVx4=,https://github.com/microsoft/vscode/archive/refs/tags/1.101.2.tar.gz
nodePackages.yaml-language-server,yaml-language-server,1.21.0,fetchFromGitHub,https://github.com/redhat-developer/yaml-language-server,redhat-developer,yaml-language-server,refs/tags/1.21.0,tag,sha256-kZo47yQ1p8GGYVQ9TMTuvVuFJtk6rEBkQpu1jHaKEik=,https://github.com/redhat-developer/yaml-language-server/archive/refs/tags/1.21.0.tar.gz
nomad,nomad,1.10.5,fetchFromGitHub,https://github.com/hashicorp/nomad,hashicorp,nomad,v1.10.5,tag,sha256-NFH++oYWb6vQN6cOPByscI/ZBWDNy4YbcLiBMO3/jVU=,https://github.com/hashicorp/nomad/archive/v1.10.5.tar.gz
nomad-autoscaler,nomad-autoscaler,0.3.6,fetchFromGitHub,https://github.com/hashicorp/nomad-autoscaler,hashicorp,nomad-autoscaler,v0.3.6,tag,sha256-fK5GsszNhz/WP0zVk2lOfU/gwYijdQa5qhNYO33RhXc=,https://github.com/hashicorp/nomad-autoscaler/archive/v0.3.6.tar.gz
nomad-driver-podman,nomad-driver-podman,0.6.4,fetchFromGitHub,https://github.com/hashicorp/nomad-driver-podman,hashicorp,nomad-driver-podman,v0.6.4,tag,sha256-fgJzlSJA2SMQU3aMUMoQEcVfkdPm5c8twWi97fxFQ3s=,https://github.com/hashicorp/nomad-driver-podman/archive/v0.6.4.tar.gz
nomad-pack,nomad-pack,0.4.1,fetchFromGitHub,https://github.com/hashicorp/nomad-pack,hashicorp,nomad-pack,v0.4.1,tag,sha256-nKhiI7VizNTqB5r+Ayp7tDNd2eWtsFvnoB798W0cRi4=,https://github.com/hashicorp/nomad-pack/archive/v0.4.1.tar.gz
nomad_1_10,nomad,1.10.5,fetchFromGitHub,https://github.com/hashicorp/nomad,hashicorp,nomad,v1.10.5,tag,sha256-NFH++oYWb6vQN6cOPByscI/ZBWDNy4YbcLiBMO3/jVU=,https://github.com/hashicorp/nomad/archive/v1.10.5.tar.gz
nomad_1_11,nomad,1.11.1,fetchFromGitHub,https://github.com/hashicorp/nomad,hashicorp,nomad,v1.11.1,tag,sha256-xP3wSxDo59hme9G4+ATfGD0LTdf11+c/cSfPoKfeBLc=,https://github.com/hashicorp/nomad/archive/v1.11.1.tar.gz
nomad_1_9,nomad,1.9.7,fetchFromGitHub,https://github.com/hashicorp/nomad,hashicorp,nomad,v1.9.7,tag,sha256-U02H6DPr1friQ9EwqD/wQnE2Fm20OE5xNccPDJfnsqI=,https://github.com/hashicorp/nomad/archive/v1.9.7.tar.gz
normcap,normcap,0.6.0,fetchFromGitHub,https://github.com/dynobo/normcap,dynobo,normcap,refs/tags/v0.6.0,tag,sha256-jkaXwBpa09J6Q07vlnQW8TsUtpiYrPkfMspZI1TyE1g=,https://github.com/dynobo/normcap/archive/refs/tags/v0.6.0.tar.gz
noson,noson,5.6.13,fetchFromGitHub,https://github.com/janbar/noson-app,janbar,noson-app,refs/tags/5.6.13,tag,sha256-XJBkPhyDPeyVrcY5Q5W9LtESuVxcbcQ8JoyOzKg+0NU=,https://github.com/janbar/noson-app/archive/refs/tags/5.6.13.tar.gz
notepadqq,notepadqq,2.0.0-beta,fetchFromGitHub,https://github.com/notepadqq/notepadqq,notepadqq,notepadqq,v2.0.0-beta,tag,sha256-XA9Ay9kJApY+bDeOf0iPv+BWYFuTmIuqsLEPgRTCZCE=,https://github.com/notepadqq/notepadqq/archive/v2.0.0-beta.tar.gz
notion,notion,4.0.4,fetchFromGitHub,https://github.com/raboof/notion,raboof,notion,refs/tags/4.0.4,tag,sha256-L7WL8zn1Qkf5sqrhqZJqFe4B1l9ULXI3pt3Jpc87huk=,https://github.com/raboof/notion/archive/refs/tags/4.0.4.tar.gz
npm-check-updates,npm-check-updates,19.3.2,fetchFromGitHub,https://github.com/raineorshine/npm-check-updates,raineorshine,npm-check-updates,refs/tags/v19.3.2,tag,sha256-rQRBPfP7w9a2qCjOxNtl9mmSJiYZYbJyyOh3FEfckxk=,https://github.com/raineorshine/npm-check-updates/archive/refs/tags/v19.3.2.tar.gz
nss,nss,3.112.2,fetchFromGitHub,https://github.com/nss-dev/nss,nss-dev,nss,NSS_3_112_2_RTM,tag,sha256-hK0TovR0LrVkB96BwCnhwaljDSElR85fnobzCa9+uKo=,https://github.com/nss-dev/nss/archive/NSS_3_112_2_RTM.tar.gz
nssTools,nss,3.112.2,fetchFromGitHub,https://github.com/nss-dev/nss,nss-dev,nss,NSS_3_112_2_RTM,tag,sha256-hK0TovR0LrVkB96BwCnhwaljDSElR85fnobzCa9+uKo=,https://github.com/nss-dev/nss/archive/NSS_3_112_2_RTM.tar.gz
nss_esr,nss,3.112.2,fetchFromGitHub,https://github.com/nss-dev/nss,nss-dev,nss,NSS_3_112_2_RTM,tag,sha256-hK0TovR0LrVkB96BwCnhwaljDSElR85fnobzCa9+uKo=,https://github.com/nss-dev/nss/archive/NSS_3_112_2_RTM.tar.gz
nss_latest,nss,3.121,fetchFromGitHub,https://github.com/nss-dev/nss,nss-dev,nss,NSS_3_121_RTM,tag,sha256-zloUvwiaT/ivyhxMrEzPKHOKySgGFUzV1Kr9pEC0g3w=,https://github.com/nss-dev/nss/archive/NSS_3_121_RTM.tar.gz
numix-icon-theme,numix-icon-theme,25.10.26,fetchFromGitHub,https://github.com/numixproject/numix-icon-theme,numixproject,numix-icon-theme,refs/tags/25.10.26,tag,sha256-YKR4dncq2uuX8CMJj/Zr/0pdl7gLC8VZGvb/HI1+Uwc=,https://github.com/numixproject/numix-icon-theme/archive/refs/tags/25.10.26.tar.gz
numworks-epsilon,numworks-epsilon,23.2.3,fetchFromGitHub,https://github.com/numworks/epsilon,numworks,epsilon,23.2.3,tag,sha256-w9ddcULE1MrGnYcXA0qOg1elQv/eBhcXqhMSjWT3Bkk=,https://github.com/numworks/epsilon/archive/23.2.3.tar.gz
nyancat,nyancat,1.5.2,fetchFromGitHub,https://github.com/klange/nyancat,klange,nyancat,1.5.2,tag,1mg8nm5xzcq1xr8cvx24ym2vmafkw53rijllwcdm9miiz0p5ky9k,https://github.com/klange/nyancat/archive/1.5.2.tar.gz
nym,nym,2024.14-crunch-patched,fetchFromGitHub,https://github.com/nymtech/nym,nymtech,nym,refs/tags/nym-binaries-v2024.14-crunch-patched,tag,sha256-ze0N+Hg+jVFKaoreCrZUUA3cHGtUZFtxCh5RwTqOdsc=,https://github.com/nymtech/nym/archive/refs/tags/nym-binaries-v2024.14-crunch-patched.tar.gz
nzbget,nzbget,26.0,fetchFromGitHub,https://github.com/nzbgetcom/nzbget,nzbgetcom,nzbget,v26.0,tag,sha256-IyaTe0bBQKnIuG3wq29KMZjKSiKu3Atd3GsNg8PGhRI=,https://github.com/nzbgetcom/nzbget/archive/v26.0.tar.gz
oathkeeper,oathkeeper,0.40.9,fetchFromGitHub,https://github.com/ory/oathkeeper,ory,oathkeeper,v0.40.9,tag,sha256-R7xKhKF7mhS/vmSpOj+QDL0OBBWnh42X2Kr3TDQxVIo=,https://github.com/ory/oathkeeper/archive/v0.40.9.tar.gz
obs-studio,obs-studio,32.0.4,fetchFromGitHub,https://github.com/obsproject/obs-studio,obsproject,obs-studio,32.0.4,tag,sha256-OiLlYnHaW+ehHtz4N20ctkfL4WmCzI45+VUG5hHOga4=,
ocamlPackages.accessor,accessor,0.17.0,fetchFromGitHub,https://github.com/janestreet/accessor,janestreet,accessor,v0.17.0,tag,sha256-1inoFwDDhnfhW+W3aAkcFNUkf5Umy8BDGDEbMty+Fts=,https://github.com/janestreet/accessor/archive/v0.17.0.tar.gz
ocamlPackages.accessor_async,accessor_async,0.17.0,fetchFromGitHub,https://github.com/janestreet/accessor_async,janestreet,accessor_async,v0.17.0,tag,sha256-EYyxZur+yshYaX1EJbWc/bCaAa9PDKiuK87fIeqhspo=,https://github.com/janestreet/accessor_async/archive/v0.17.0.tar.gz
ocamlPackages.accessor_base,accessor_base,0.17.0,fetchFromGitHub,https://github.com/janestreet/accessor_base,janestreet,accessor_base,v0.17.0,tag,sha256-6LJ8dKPAuaxWinArkPl4OE0eYPqvM7+Ao6jff8jhjXc=,https://github.com/janestreet/accessor_base/archive/v0.17.0.tar.gz
ocamlPackages.accessor_core,accessor_core,0.17.0,fetchFromGitHub,https://github.com/janestreet/accessor_core,janestreet,accessor_core,v0.17.0,tag,sha256-ku83ZfLtVI8FvQhrKcnJmhmoNlYcVMKx1tor5N8Nq7M=,https://github.com/janestreet/accessor_core/archive/v0.17.0.tar.gz
ocamlPackages.async,async,0.17.0,fetchFromGitHub,https://github.com/janestreet/async,janestreet,async,v0.17.0,tag,sha256-CwRPH5tFZHJqptdmNwdZvKvSJ1Qr21gV1jaxsa/vFBU=,https://github.com/janestreet/async/archive/v0.17.0.tar.gz
ocamlPackages.async_durable,async_durable,0.17.0,fetchFromGitHub,https://github.com/janestreet/async_durable,janestreet,async_durable,v0.17.0,tag,sha256-CAU54j3K47p4hQqAtHJYuAQ0IvZPMQZKFp5J7G+xtjM=,https://github.com/janestreet/async_durable/archive/v0.17.0.tar.gz
ocamlPackages.async_extra,async_extra,0.17.0,fetchFromGitHub,https://github.com/janestreet/async_extra,janestreet,async_extra,v0.17.0,tag,sha256-rZUROyYrvtgnI+leTMXuGcw71MfVhqdkfp9EIhAFUnM=,https://github.com/janestreet/async_extra/archive/v0.17.0.tar.gz
ocamlPackages.async_find,async_find,0.17.0,fetchFromGitHub,https://github.com/janestreet/async_find,janestreet,async_find,v0.17.0,tag,sha256-byvLJvhq7606gKP1kjLRYe3eonkAG3Vz6wQcsjJOiOE=,https://github.com/janestreet/async_find/archive/v0.17.0.tar.gz
ocamlPackages.async_inotify,async_inotify,0.17.0,fetchFromGitHub,https://github.com/janestreet/async_inotify,janestreet,async_inotify,v0.17.0,tag,sha256-608G8OKQxqrQdYc1Cfrd8g8WLX6QwSeMUz8ORuSbmA8=,https://github.com/janestreet/async_inotify/archive/v0.17.0.tar.gz
ocamlPackages.async_interactive,async_interactive,0.17.0,fetchFromGitHub,https://github.com/janestreet/async_interactive,janestreet,async_interactive,v0.17.0,tag,sha256-hC7mLDLtvIEMKLMeDOC5ADiAGJlJqYF35RDI+porsKA=,https://github.com/janestreet/async_interactive/archive/v0.17.0.tar.gz
ocamlPackages.async_kernel,async_kernel,0.17.0,fetchFromGitHub,https://github.com/janestreet/async_kernel,janestreet,async_kernel,v0.17.0,tag,sha256-fEbo7EeOJHnBqTYvC/o2a2x69XPnANbe15v/yv29l/4=,https://github.com/janestreet/async_kernel/archive/v0.17.0.tar.gz
ocamlPackages.async_rpc_kernel,async_rpc_kernel,0.17.0,fetchFromGitHub,https://github.com/janestreet/async_rpc_kernel,janestreet,async_rpc_kernel,v0.17.0,tag,sha256-zSqmRgybvWhS9XiNIqgxUjQU8xc9aXM69ZaBq4+r+HA=,https://github.com/janestreet/async_rpc_kernel/archive/v0.17.0.tar.gz
ocamlPackages.async_sendfile,async_sendfile,0.17.0,fetchFromGitHub,https://github.com/janestreet/async_sendfile,janestreet,async_sendfile,v0.17.0,tag,sha256-x2chts7U9hoGW6uvyfpHMkSwCx1JXhHX601Xg92Wk3U=,https://github.com/janestreet/async_sendfile/archive/v0.17.0.tar.gz
ocamlPackages.async_shell,async_shell,0.17.0,fetchFromGitHub,https://github.com/janestreet/async_shell,janestreet,async_shell,v0.17.0,tag,sha256-/wqfuKiQQufs/KhNtBn8C9AzX7GbP8s8cyWGynJ0m1M=,https://github.com/janestreet/async_shell/archive/v0.17.0.tar.gz
ocamlPackages.async_smtp,async_smtp,0.17.0,fetchFromGitHub,https://github.com/janestreet/async_smtp,janestreet,async_smtp,v0.17.0,tag,sha256-RWtbg6Vpp71ock8Duya5j9Y89OUY4wRXh0pDOxM1NT4=,https://github.com/janestreet/async_smtp/archive/v0.17.0.tar.gz
ocamlPackages.async_ssl,async_ssl,0.17.0,fetchFromGitHub,https://github.com/janestreet/async_ssl,janestreet,async_ssl,v0.17.0,tag,sha256-7obEoeckwydi2wHBkBmX0LynY1QVCb3sQ/U945eteJo=,https://github.com/janestreet/async_ssl/archive/v0.17.0.tar.gz
ocamlPackages.async_unix,async_unix,0.17.0,fetchFromGitHub,https://github.com/janestreet/async_unix,janestreet,async_unix,v0.17.0,tag,sha256-fA1e5AnNe/tMTMZ60jtGUofRi4rh+MmVx81kfhfaBaQ=,https://github.com/janestreet/async_unix/archive/v0.17.0.tar.gz
ocamlPackages.async_websocket,async_websocket,0.17.0,fetchFromGitHub,https://github.com/janestreet/async_websocket,janestreet,async_websocket,v0.17.0,tag,sha256-22N+QO9hpkKHv3n9WkvtmJouxb/nuauv1UXdVV0zOGA=,https://github.com/janestreet/async_websocket/archive/v0.17.0.tar.gz
ocamlPackages.base,base,0.17.2,fetchFromGitHub,https://github.com/janestreet/base,janestreet,base,v0.17.2,tag,sha256-GMUlo77IKXwsldZYK5uRcmjj2RyaDhdfFo1KRCJl9Dc=,https://github.com/janestreet/base/archive/v0.17.2.tar.gz
ocamlPackages.base_bigstring,base_bigstring,0.17.0,fetchFromGitHub,https://github.com/janestreet/base_bigstring,janestreet,base_bigstring,v0.17.0,tag,sha256-tGDtkVOU10GzNsJ4wZtbqyIMjY5lHM4+rA3+w34TYOE=,https://github.com/janestreet/base_bigstring/archive/v0.17.0.tar.gz
ocamlPackages.base_quickcheck,base_quickcheck,0.17.1,fetchFromGitHub,https://github.com/janestreet/base_quickcheck,janestreet,base_quickcheck,v0.17.1,tag,sha256-0s40sGu2FvaUjvC5JSvHlRhbyQV1bVPrVTTWdHtTQ+k=,https://github.com/janestreet/base_quickcheck/archive/v0.17.1.tar.gz
ocamlPackages.bignum,bignum,0.17.0,fetchFromGitHub,https://github.com/janestreet/bignum,janestreet,bignum,v0.17.0,tag,sha256-QhVEZ97n/YUBBXYCshDa5UnZpv0BKK6xRN1kXabY3Es=,https://github.com/janestreet/bignum/archive/v0.17.0.tar.gz
ocamlPackages.bin_prot,bin_prot,0.17.0,fetchFromGitHub,https://github.com/janestreet/bin_prot,janestreet,bin_prot,v0.17.0,tag,sha256-5QeK8Cdu+YjNE/MLiQps6SSf5bRJ/eYZYsJH7oYSarg=,https://github.com/janestreet/bin_prot/archive/v0.17.0.tar.gz
ocamlPackages.cinaps,cinaps,0.15.1,fetchFromGitHub,https://github.com/janestreet/cinaps,janestreet,cinaps,v0.15.1,tag,sha256-LycruanldSP251uYJjQqIfI76W0UQ6o5i5u8XjszBT0=,https://github.com/janestreet/cinaps/archive/v0.15.1.tar.gz
ocamlPackages.containers,containers,3.16,fetchFromGitHub,https://github.com/c-cube/ocaml-containers,c-cube,ocaml-containers,v3.16,tag,sha256-WaHAZRLjaEJUba/I2r3Yof/iUqA3PFUuVbzm88izG1k=,https://github.com/c-cube/ocaml-containers/archive/v3.16.tar.gz
ocamlPackages.containers-data,containers-data,3.16,fetchFromGitHub,https://github.com/c-cube/ocaml-containers,c-cube,ocaml-containers,v3.16,tag,sha256-WaHAZRLjaEJUba/I2r3Yof/iUqA3PFUuVbzm88izG1k=,https://github.com/c-cube/ocaml-containers/archive/v3.16.tar.gz
ocamlPackages.core,core,0.17.1,fetchFromGitHub,https://github.com/janestreet/core,janestreet,core,v0.17.1,tag,sha256-XkABcvglVJLVnWJmvfr5eVywyclPSDqanVOLQNqdNtQ=,https://github.com/janestreet/core/archive/v0.17.1.tar.gz
ocamlPackages.core_bench,core_bench,0.17.0,fetchFromGitHub,https://github.com/janestreet/core_bench,janestreet,core_bench,v0.17.0,tag,sha256-oXE3FuCCIbX2M0r4Ds2BMUU6g1bqe9E87lDo2CcMtMU=,https://github.com/janestreet/core_bench/archive/v0.17.0.tar.gz
ocamlPackages.core_extended,core_extended,0.17.0,fetchFromGitHub,https://github.com/janestreet/core_extended,janestreet,core_extended,v0.17.0,tag,sha256-Xl6czD1gdnvHkXDz+qa7TWZq6dm8wlDqywxEIi2R6bI=,https://github.com/janestreet/core_extended/archive/v0.17.0.tar.gz
ocamlPackages.core_kernel,core_kernel,0.17.0,fetchFromGitHub,https://github.com/janestreet/core_kernel,janestreet,core_kernel,v0.17.0,tag,sha256-l7U0edUCNHTroYMBHiEMDx5sl7opEmmmeo2Z06tCMts=,https://github.com/janestreet/core_kernel/archive/v0.17.0.tar.gz
ocamlPackages.cpdf,ocaml5.4.0-cpdf,2.8.1,fetchFromGitHub,https://github.com/johnwhitington/cpdf-source,johnwhitington,cpdf-source,refs/tags/v2.8.1,tag,sha256-MK48ajZmpXibbaJ4x2vaHhh2N+OBRqj7zT8eaVenxDY=,https://github.com/johnwhitington/cpdf-source/archive/refs/tags/v2.8.1.tar.gz
ocamlPackages.csvfields,csvfields,0.17.0,fetchFromGitHub,https://github.com/janestreet/csvfields,janestreet,csvfields,v0.17.0,tag,sha256-hCH2NGQIRTU5U3TUOYHao6Kz5PhnLbySmzic4ytppEc=,https://github.com/janestreet/csvfields/archive/v0.17.0.tar.gz
ocamlPackages.delimited_parsing,delimited_parsing,0.17.0,fetchFromGitHub,https://github.com/janestreet/delimited_parsing,janestreet,delimited_parsing,v0.17.0,tag,sha256-bgt99kQvaU7FPK1+K1UOAUbSaaaCB1DV23Cuo3A68M0=,https://github.com/janestreet/delimited_parsing/archive/v0.17.0.tar.gz
ocamlPackages.ecaml,ecaml,0.17.0,fetchFromGitHub,https://github.com/janestreet/ecaml,janestreet,ecaml,v0.17.0,tag,sha256-CEroXMEIAfvXD603bnIVwzcrE3KbVaOOhGZastkQcdU=,https://github.com/janestreet/ecaml/archive/v0.17.0.tar.gz
ocamlPackages.eliom,eliom,12.0.1,fetchFromGitHub,https://github.com/ocsigen/eliom,ocsigen,eliom,refs/tags/12.0.1,tag,sha256-Lja3Xe3FszzyILhpOXWTyA0ippaU6aW5CJ06WEKgbkA=,https://github.com/ocsigen/eliom/archive/refs/tags/12.0.1.tar.gz
ocamlPackages.email_message,email_message,0.17.0,fetchFromGitHub,https://github.com/janestreet/email_message,janestreet,email_message,v0.17.0,tag,sha256-1OJ6bQb/rdyfAgMyuKT/ylpa8qBldZV5kEm0B45Ej1w=,https://github.com/janestreet/email_message/archive/v0.17.0.tar.gz
ocamlPackages.fieldslib,fieldslib,0.17.0,fetchFromGitHub,https://github.com/janestreet/fieldslib,janestreet,fieldslib,v0.17.0,tag,sha256-Zfnc32SghjZYTlnSdo6JPm4WCb7BPVjrWNDfeMZHaiU=,https://github.com/janestreet/fieldslib/archive/v0.17.0.tar.gz
ocamlPackages.gen_js_api,gen_js_api,1.1.5,fetchFromGitHub,https://github.com/LexiFi/gen_js_api,LexiFi,gen_js_api,v1.1.5,tag,sha256-baK+/y0s08hHC8/+P7RKOboFnALQpndxBMuhI1WKf2o=,https://github.com/LexiFi/gen_js_api/archive/v1.1.5.tar.gz
ocamlPackages.github,github,4.5.1,fetchFromGitHub,https://github.com/mirage/ocaml-github,mirage,ocaml-github,4.5.1,tag,sha256-nxHXOdZAvFe5/lKNw7tTJmY86xzfdFT+fW+lnKioyPM=,https://github.com/mirage/ocaml-github/archive/4.5.1.tar.gz
ocamlPackages.github-data,github-data,4.5.1,fetchFromGitHub,https://github.com/mirage/ocaml-github,mirage,ocaml-github,4.5.1,tag,sha256-nxHXOdZAvFe5/lKNw7tTJmY86xzfdFT+fW+lnKioyPM=,https://github.com/mirage/ocaml-github/archive/4.5.1.tar.gz
ocamlPackages.github-jsoo,github-jsoo,4.5.1,fetchFromGitHub,https://github.com/mirage/ocaml-github,mirage,ocaml-github,4.5.1,tag,sha256-nxHXOdZAvFe5/lKNw7tTJmY86xzfdFT+fW+lnKioyPM=,https://github.com/mirage/ocaml-github/archive/4.5.1.tar.gz
ocamlPackages.github-unix,github-unix,4.5.1,fetchFromGitHub,https://github.com/mirage/ocaml-github,mirage,ocaml-github,4.5.1,tag,sha256-nxHXOdZAvFe5/lKNw7tTJmY86xzfdFT+fW+lnKioyPM=,https://github.com/mirage/ocaml-github/archive/4.5.1.tar.gz
ocamlPackages.higher_kinded,higher_kinded,0.17.0,fetchFromGitHub,https://github.com/janestreet/higher_kinded,janestreet,higher_kinded,v0.17.0,tag,sha256-6aZxgGzltRs2aS4MYJh23Gpoqcko6xJxU11T6KixXno=,https://github.com/janestreet/higher_kinded/archive/v0.17.0.tar.gz
ocamlPackages.incr_dom,incr_dom,0.17.0,fetchFromGitHub,https://github.com/janestreet/incr_dom,janestreet,incr_dom,v0.17.0,tag,sha256-dkF7+aq5Idw1ltDgGEjGYspdmOXjXqv8AA27b4M7U8A=,https://github.com/janestreet/incr_dom/archive/v0.17.0.tar.gz
ocamlPackages.incr_map,incr_map,0.17.0,fetchFromGitHub,https://github.com/janestreet/incr_map,janestreet,incr_map,v0.17.0,tag,sha256-qNahlxe3Pe1EEcFz1bAKUw3vBaNjgDlahQeuj/+VqbI=,https://github.com/janestreet/incr_map/archive/v0.17.0.tar.gz
ocamlPackages.incr_select,incr_select,0.17.0,fetchFromGitHub,https://github.com/janestreet/incr_select,janestreet,incr_select,v0.17.0,tag,sha256-/VCNiE8Y7LBL0OHd5V+tB/b3HGKhfSvreU6LZgurYAg=,https://github.com/janestreet/incr_select/archive/v0.17.0.tar.gz
ocamlPackages.incremental,incremental,0.17.0,fetchFromGitHub,https://github.com/janestreet/incremental,janestreet,incremental,v0.17.0,tag,sha256-siBN36Vv0Bktyxh+8tL6XkUGLqSYMxqvd0UWuTRgAnI=,https://github.com/janestreet/incremental/archive/v0.17.0.tar.gz
ocamlPackages.jane-street-headers,jane-street-headers,0.17.0,fetchFromGitHub,https://github.com/janestreet/jane-street-headers,janestreet,jane-street-headers,v0.17.0,tag,sha256-nEa40utpXA3KiFhp9inWurKyDF4Jw1Jlln6fiW5MAkM=,https://github.com/janestreet/jane-street-headers/archive/v0.17.0.tar.gz
ocamlPackages.jst-config,jst-config,0.17.0,fetchFromGitHub,https://github.com/janestreet/jst-config,janestreet,jst-config,v0.17.0,tag,sha256-xwQ+q2Hsduu2vWMWFcjoj3H8Es00N7Mv9LwIZG4hw7c=,https://github.com/janestreet/jst-config/archive/v0.17.0.tar.gz
ocamlPackages.lablgtk,ocaml5.4.0-lablgtk,2.18.13,fetchFromGitHub,https://github.com/garrigue/lablgtk,garrigue,lablgtk,2.18.13,tag,sha256-69Svno0qLaUifMscnVuPUJlCo9d8Lee+1qiYx34G3Po=,https://github.com/garrigue/lablgtk/archive/2.18.13.tar.gz
ocamlPackages.landmarks,landmarks,1.5,fetchFromGitHub,https://github.com/LexiFi/landmarks,LexiFi,landmarks,refs/tags/v1.5,tag,sha256-eIq02D19OzDOrMDHE1Ecrgk+T6s9vj2X6B2HY+z+K8Q=,https://github.com/LexiFi/landmarks/archive/refs/tags/v1.5.tar.gz
ocamlPackages.lilv,lilv,0.1.0,fetchFromGitHub,https://github.com/savonet/ocaml-lilv,savonet,ocaml-lilv,v0.1.0,tag,080ja8c4sxprk5qnldpfzxriag57m9603vny3b4bnwh5xm1id08c,https://github.com/savonet/ocaml-lilv/archive/v0.1.0.tar.gz
ocamlPackages.llvm,ocaml-llvm,21.1.8,fetchFromGitHub,https://github.com/llvm/llvm-project,llvm,llvm-project,llvmorg-21.1.8,tag,,https://github.com/llvm/llvm-project/archive/llvmorg-21.1.8.tar.gz
ocamlPackages.lwt,lwt,5.9.2,fetchFromGitHub,https://github.com/ocsigen/lwt,ocsigen,lwt,refs/tags/5.9.2,tag,sha256-pzowRN1wwaF2iMfMPE7RCtA2XjlaXC3xD0yznriVfu8=,https://github.com/ocsigen/lwt/archive/refs/tags/5.9.2.tar.gz
ocamlPackages.lwt_ppx,lwt_ppx,5.9.2,fetchFromGitHub,https://github.com/ocsigen/lwt,ocsigen,lwt,refs/tags/5.9.2,tag,sha256-pzowRN1wwaF2iMfMPE7RCtA2XjlaXC3xD0yznriVfu8=,https://github.com/ocsigen/lwt/archive/refs/tags/5.9.2.tar.gz
ocamlPackages.lwt_react,lwt_react,1.2.0,fetchFromGitHub,https://github.com/ocsigen/lwt,ocsigen,lwt,refs/tags/5.6.0,tag,sha256-DLQupCkZ14kOuSQatbb7j07I+jvvDCKpdlaR3rijT4s=,https://github.com/ocsigen/lwt/archive/refs/tags/5.6.0.tar.gz
ocamlPackages.mlgmpidl,ocaml5.4.0-mlgmpidl,1.3.0,fetchFromGitHub,https://github.com/nberth/mlgmpidl,nberth,mlgmpidl,1.3.0,tag,sha256-ZmSDKZiHko8MCeIuZL53HjupfwO6PAm8QOCc9O3xJOk=,https://github.com/nberth/mlgmpidl/archive/1.3.0.tar.gz
ocamlPackages.ocaml-protoc,ocaml-protoc,2.4,fetchFromGitHub,https://github.com/mransan/ocaml-protoc,mransan,ocaml-protoc,2.4.0,tag,sha256-EXugdcjALukSjB31zAVG9WiN6GMGXi2jlhHWaZ+p+uM=,https://github.com/mransan/ocaml-protoc/archive/2.4.0.tar.gz
ocamlPackages.ocsigen_server,ocsigenserver,7.0.0,fetchFromGitHub,https://github.com/ocsigen/ocsigenserver,ocsigen,ocsigenserver,refs/tags/7.0.0,tag,sha256-J2XBelpRWJGeIF9RdC9+icJI1hc6Oe0k1w25QHZz0zs=,https://github.com/ocsigen/ocsigenserver/archive/refs/tags/7.0.0.tar.gz
ocamlPackages.ojs,ojs,1.1.5,fetchFromGitHub,https://github.com/LexiFi/gen_js_api,LexiFi,gen_js_api,v1.1.5,tag,sha256-baK+/y0s08hHC8/+P7RKOboFnALQpndxBMuhI1WKf2o=,https://github.com/LexiFi/gen_js_api/archive/v1.1.5.tar.gz
ocamlPackages.parsexp,parsexp,0.17.0,fetchFromGitHub,https://github.com/janestreet/parsexp,janestreet,parsexp,v0.17.0,tag,sha256-iKrZ6XDLM6eRl7obaniDKK6X8R7Kxry6HD7OQBwh3NU=,https://github.com/janestreet/parsexp/archive/v0.17.0.tar.gz
ocamlPackages.patdiff,patdiff,0.17.0,fetchFromGitHub,https://github.com/janestreet/patdiff,janestreet,patdiff,v0.17.0,tag,sha256-iphpQ0b8i+ItY57zM4xL9cID9GYuTCMZN7SYa7TDprI=,https://github.com/janestreet/patdiff/archive/v0.17.0.tar.gz
ocamlPackages.patience_diff,patience_diff,0.17.0,fetchFromGitHub,https://github.com/janestreet/patience_diff,janestreet,patience_diff,v0.17.0,tag,sha256-sn/8SvMt7kzzuYUwhB/uH/3mO1aIKHw/oRYRzA7goFU=,https://github.com/janestreet/patience_diff/archive/v0.17.0.tar.gz
ocamlPackages.pbrt,pbrt,2.4,fetchFromGitHub,https://github.com/mransan/ocaml-protoc,mransan,ocaml-protoc,2.4.0,tag,sha256-EXugdcjALukSjB31zAVG9WiN6GMGXi2jlhHWaZ+p+uM=,https://github.com/mransan/ocaml-protoc/archive/2.4.0.tar.gz
ocamlPackages.pgsolver,pgsolver,4.4,fetchFromGitHub,https://github.com/tcsprojects/pgsolver,tcsprojects,pgsolver,refs/tags/v4.4,tag,sha256-VQWXvZXfGHCfzz46aARyFXO/xlJ/7s39HFIfisEamXw=,https://github.com/tcsprojects/pgsolver/archive/refs/tags/v4.4.tar.gz
ocamlPackages.posixat,posixat,0.17.0,fetchFromGitHub,https://github.com/janestreet/posixat,janestreet,posixat,v0.17.0,tag,sha256-G+5q8x1jfG3wEwNzX2tkcC2Pm4E5/ZYxQyBwCUNXIrw=,https://github.com/janestreet/posixat/archive/v0.17.0.tar.gz
ocamlPackages.ppx_accessor,ppx_accessor,0.17.0,fetchFromGitHub,https://github.com/janestreet/ppx_accessor,janestreet,ppx_accessor,v0.17.0,tag,sha256-vK6lA0J98bDGtVthIdU76ckzH+rpNUD1cQ3vMzHy0Iw=,https://github.com/janestreet/ppx_accessor/archive/v0.17.0.tar.gz
ocamlPackages.ppx_assert,ppx_assert,0.17.0,fetchFromGitHub,https://github.com/janestreet/ppx_assert,janestreet,ppx_assert,v0.17.0,tag,sha256-o9ywdFH6+qoJ3eWb29/gGlkWkHDMuBx626mNxrT1D8A=,https://github.com/janestreet/ppx_assert/archive/v0.17.0.tar.gz
ocamlPackages.ppx_base,ppx_base,0.17.0,fetchFromGitHub,https://github.com/janestreet/ppx_base,janestreet,ppx_base,v0.17.0,tag,sha256-/s7c8vfLIO1pPajNldMgurBKXsSzQ8yxqFI6QZCHm5I=,https://github.com/janestreet/ppx_base/archive/v0.17.0.tar.gz
ocamlPackages.ppx_bench,ppx_bench,0.17.1,fetchFromGitHub,https://github.com/janestreet/ppx_bench,janestreet,ppx_bench,v0.17.1,tag,sha256-nHqZSyJ5mZ86SGu9WtoVNfYTnd5kslyI8Zm/LJ7b/Fo=,https://github.com/janestreet/ppx_bench/archive/v0.17.1.tar.gz
ocamlPackages.ppx_bin_prot,ppx_bin_prot,0.17.1,fetchFromGitHub,https://github.com/janestreet/ppx_bin_prot,janestreet,ppx_bin_prot,v0.17.1,tag,sha256-9TNtRwieITJMZs+7RT7tOf1GwVlxuGeKZktVon9B7g4=,https://github.com/janestreet/ppx_bin_prot/archive/v0.17.1.tar.gz
ocamlPackages.ppx_cold,ppx_cold,0.17.0,fetchFromGitHub,https://github.com/janestreet/ppx_cold,janestreet,ppx_cold,v0.17.0,tag,sha256-fFZqlcbUS7D+GjnxSjGYckkQtx6ZcPNtOIsr6Rt6D9A=,https://github.com/janestreet/ppx_cold/archive/v0.17.0.tar.gz
ocamlPackages.ppx_compare,ppx_compare,0.17.0,fetchFromGitHub,https://github.com/janestreet/ppx_compare,janestreet,ppx_compare,v0.17.0,tag,sha256-uAXB9cba0IBl+cA2CAuGVVxuos4HXH5jlB6Qjxx44Y0=,https://github.com/janestreet/ppx_compare/archive/v0.17.0.tar.gz
ocamlPackages.ppx_conv_func,ppx_conv_func,0.17.0,fetchFromGitHub,https://github.com/janestreet/ppx_conv_func,janestreet,ppx_conv_func,v0.17.0,tag,sha256-PJ8T0u8VkxefaxojwrmbMXDjqyfAIxKe92B8QqRY2JU=,https://github.com/janestreet/ppx_conv_func/archive/v0.17.0.tar.gz
ocamlPackages.ppx_csv_conv,ppx_csv_conv,0.17.0,fetchFromGitHub,https://github.com/janestreet/ppx_csv_conv,janestreet,ppx_csv_conv,v0.17.0,tag,sha256-NtqfagLIYiuyBjEAxilAhATx8acJwD7LykHBzfr+yAc=,https://github.com/janestreet/ppx_csv_conv/archive/v0.17.0.tar.gz
ocamlPackages.ppx_custom_printf,ppx_custom_printf,0.17.0,fetchFromGitHub,https://github.com/janestreet/ppx_custom_printf,janestreet,ppx_custom_printf,v0.17.0,tag,sha256-DFgDb9MIFCqglYoMgPUN0zEaxkr7VJAXgLxq1yp8ap4=,https://github.com/janestreet/ppx_custom_printf/archive/v0.17.0.tar.gz
ocamlPackages.ppx_enumerate,ppx_enumerate,0.17.0,fetchFromGitHub,https://github.com/janestreet/ppx_enumerate,janestreet,ppx_enumerate,v0.17.0,tag,sha256-YqBrxp2fe91k8L3aQVW6egoDPj8onGSRueQkE2Icdu4=,https://github.com/janestreet/ppx_enumerate/archive/v0.17.0.tar.gz
ocamlPackages.ppx_expect,ppx_expect,0.17.3,fetchFromGitHub,https://github.com/janestreet/ppx_expect,janestreet,ppx_expect,v0.17.3,tag,sha256-eYZ3p3FYjHd15pj79TKyHSHNKRSWj80iHJFxBZN40s4=,https://github.com/janestreet/ppx_expect/archive/v0.17.3.tar.gz
ocamlPackages.ppx_fields_conv,ppx_fields_conv,0.17.0,fetchFromGitHub,https://github.com/janestreet/ppx_fields_conv,janestreet,ppx_fields_conv,v0.17.0,tag,sha256-FA7hDgqJMJ2obsVwzwaGnNLPvjP0SkTec8Nh3znuNDQ=,https://github.com/janestreet/ppx_fields_conv/archive/v0.17.0.tar.gz
ocamlPackages.ppx_fixed_literal,ppx_fixed_literal,0.17.0,fetchFromGitHub,https://github.com/janestreet/ppx_fixed_literal,janestreet,ppx_fixed_literal,v0.17.0,tag,sha256-Xq+btvZQ/+6bcHoH9DcrrhD5CkwpFeedn7YEFHeLzsU=,https://github.com/janestreet/ppx_fixed_literal/archive/v0.17.0.tar.gz
ocamlPackages.ppx_hash,ppx_hash,0.17.0,fetchFromGitHub,https://github.com/janestreet/ppx_hash,janestreet,ppx_hash,v0.17.0,tag,sha256-GADCLoF2GjZkvAiezn0xyReCs1avrUgjJGSS/pMNq38=,https://github.com/janestreet/ppx_hash/archive/v0.17.0.tar.gz
ocamlPackages.ppx_here,ppx_here,0.17.0,fetchFromGitHub,https://github.com/janestreet/ppx_here,janestreet,ppx_here,v0.17.0,tag,sha256-ybwOcv82uDRPTlfaQgaBJHVq6xBxIRUj07CXP131JsM=,https://github.com/janestreet/ppx_here/archive/v0.17.0.tar.gz
ocamlPackages.ppx_inline_test,ppx_inline_test,0.17.1,fetchFromGitHub,https://github.com/janestreet/ppx_inline_test,janestreet,ppx_inline_test,v0.17.1,tag,sha256-wNDDdNUeWTW87HRKbRSuOXaCPQnDWx7/RXuCDISc9Pg=,https://github.com/janestreet/ppx_inline_test/archive/v0.17.1.tar.gz
ocamlPackages.ppx_jane,ppx_jane,0.17.0,fetchFromGitHub,https://github.com/janestreet/ppx_jane,janestreet,ppx_jane,v0.17.0,tag,sha256-HgIob7iJkV0HcGi6IjjSUWdKOAu2TsC3GMyzpjYS1cs=,https://github.com/janestreet/ppx_jane/archive/v0.17.0.tar.gz
ocamlPackages.ppx_js_style,ppx_js_style,0.17.1,fetchFromGitHub,https://github.com/janestreet/ppx_js_style,janestreet,ppx_js_style,v0.17.1,tag,sha256-YGGG468WVZbT5JfCB32FfTV7kdRz14ProDQxkdZuE44=,https://github.com/janestreet/ppx_js_style/archive/v0.17.1.tar.gz
ocamlPackages.ppx_let,ppx_let,0.17.1,fetchFromGitHub,https://github.com/janestreet/ppx_let,janestreet,ppx_let,v0.17.1,tag,sha256-41C60UcMpERZs2eAPprg63uPnmjj33n7cd5s5IFZBGE=,https://github.com/janestreet/ppx_let/archive/v0.17.1.tar.gz
ocamlPackages.ppx_log,ppx_log,0.17.0,fetchFromGitHub,https://github.com/janestreet/ppx_log,janestreet,ppx_log,v0.17.0,tag,sha256-llnjWeJH4eg5WtegILRxdwO3RWGWTFeCIKr6EbrUDI4=,https://github.com/janestreet/ppx_log/archive/v0.17.0.tar.gz
ocamlPackages.ppx_module_timer,ppx_module_timer,0.17.0,fetchFromGitHub,https://github.com/janestreet/ppx_module_timer,janestreet,ppx_module_timer,v0.17.0,tag,sha256-OWo1Ij9JAxsk9HlTlaz9Qw2+4YCvXDmIvytAOgFCLPI=,https://github.com/janestreet/ppx_module_timer/archive/v0.17.0.tar.gz
ocamlPackages.ppx_optcomp,ppx_optcomp,0.17.1,fetchFromGitHub,https://github.com/janestreet/ppx_optcomp,janestreet,ppx_optcomp,v0.17.1,tag,sha256-mi9YM0WGkc4sI1GF2YGTFwmPdF+4s5Ou2l7i07ys9nw=,https://github.com/janestreet/ppx_optcomp/archive/v0.17.1.tar.gz
ocamlPackages.ppx_optional,ppx_optional,0.17.0,fetchFromGitHub,https://github.com/janestreet/ppx_optional,janestreet,ppx_optional,v0.17.0,tag,sha256-SHw2zh6lG1N9zWF2b3VWeYzRHUx4jUxyOYgHd2/N9wE=,https://github.com/janestreet/ppx_optional/archive/v0.17.0.tar.gz
ocamlPackages.ppx_pattern_bind,ppx_pattern_bind,0.17.1,fetchFromGitHub,https://github.com/janestreet/ppx_pattern_bind,janestreet,ppx_pattern_bind,v0.17.1,tag,sha256-O3FtpXrFoyMI3iPL3BUwquREy+8TygOlyaTUGBUPk4Q=$,https://github.com/janestreet/ppx_pattern_bind/archive/v0.17.1.tar.gz
ocamlPackages.ppx_pipebang,ppx_pipebang,0.17.0,fetchFromGitHub,https://github.com/janestreet/ppx_pipebang,janestreet,ppx_pipebang,v0.17.0,tag,sha256-GBa1zzNChZOQfVSHyUeDEMFxuNUT3lj/pIQi/l1J35M=,https://github.com/janestreet/ppx_pipebang/archive/v0.17.0.tar.gz
ocamlPackages.ppx_python,ppx_python,0.17.0,fetchFromGitHub,https://github.com/janestreet/ppx_python,janestreet,ppx_python,v0.17.0,tag,sha256-WqTYH5Zz/vRak/CL1ha8oUbQ8+XRuUu9610uj8II74o=,https://github.com/janestreet/ppx_python/archive/v0.17.0.tar.gz
ocamlPackages.ppx_sexp_conv,ppx_sexp_conv,0.17.1,fetchFromGitHub,https://github.com/janestreet/ppx_sexp_conv,janestreet,ppx_sexp_conv,v0.17.1,tag,sha256-yQJluA/NSzCAID/ydBgRuc1sFHyjbXare9vxen6f1iw=,https://github.com/janestreet/ppx_sexp_conv/archive/v0.17.1.tar.gz
ocamlPackages.ppx_sexp_message,ppx_sexp_message,0.17.0,fetchFromGitHub,https://github.com/janestreet/ppx_sexp_message,janestreet,ppx_sexp_message,v0.17.0,tag,sha256-SNgTvsTUgFzjqHpyIYk4YuA4c5MbA9e77YUEsDaKTeA=,https://github.com/janestreet/ppx_sexp_message/archive/v0.17.0.tar.gz
ocamlPackages.ppx_sexp_value,ppx_sexp_value,0.17.0,fetchFromGitHub,https://github.com/janestreet/ppx_sexp_value,janestreet,ppx_sexp_value,v0.17.0,tag,sha256-f96DLNFI+s3TKsOj01i6xUoM9L+qRgAXbbepNis397I=,https://github.com/janestreet/ppx_sexp_value/archive/v0.17.0.tar.gz
ocamlPackages.ppx_stable,ppx_stable,0.17.1,fetchFromGitHub,https://github.com/janestreet/ppx_stable,janestreet,ppx_stable,v0.17.1,tag,sha256-iVAgRVSOdLzajuUT8Yz+YMiMeChIx5DT8lBf104QMuE=,https://github.com/janestreet/ppx_stable/archive/v0.17.1.tar.gz
ocamlPackages.ppx_string,ppx_string,0.17.0,fetchFromGitHub,https://github.com/janestreet/ppx_string,janestreet,ppx_string,v0.17.0,tag,sha256-taAvJas9DvR5CIiFf38IMdNqLJ0QJmnIdcNJAaVILgA=,https://github.com/janestreet/ppx_string/archive/v0.17.0.tar.gz
ocamlPackages.ppx_typerep_conv,ppx_typerep_conv,0.17.1,fetchFromGitHub,https://github.com/janestreet/ppx_typerep_conv,janestreet,ppx_typerep_conv,v0.17.1,tag,sha256-rxqL2v5vqjc7MgKUSkJEyIhm9GO5YqvxEYSM/uXdeBc=,https://github.com/janestreet/ppx_typerep_conv/archive/v0.17.1.tar.gz
ocamlPackages.ppx_variants_conv,ppx_variants_conv,0.17.1,fetchFromGitHub,https://github.com/janestreet/ppx_variants_conv,janestreet,ppx_variants_conv,v0.17.1,tag,sha256-4v9sXtu7rDM+W3phPloizeMczRbBhku5dsCG4NqhdfU=,https://github.com/janestreet/ppx_variants_conv/archive/v0.17.1.tar.gz
ocamlPackages.ppx_yojson_conv,ppx_yojson_conv,0.17.1,fetchFromGitHub,https://github.com/janestreet/ppx_yojson_conv,janestreet,ppx_yojson_conv,refs/tags/v0.17.1,tag,sha256-QI2uN1/KeyDxdk6oxPt48lDir55Kkgx2BX6wKCY59LI=,https://github.com/janestreet/ppx_yojson_conv/archive/refs/tags/v0.17.1.tar.gz
ocamlPackages.ppx_yojson_conv_lib,ppx_yojson_conv_lib,0.17.0,fetchFromGitHub,https://github.com/janestreet/ppx_yojson_conv_lib,janestreet,ppx_yojson_conv_lib,v0.17.0,tag,sha256-XGgpcAEemBNEagblBjpK+BiL0OUsU2JPqOq+heHbqVk=,https://github.com/janestreet/ppx_yojson_conv_lib/archive/v0.17.0.tar.gz
ocamlPackages.protocol_version_header,protocol_version_header,0.17.0,fetchFromGitHub,https://github.com/janestreet/protocol_version_header,janestreet,protocol_version_header,v0.17.0,tag,sha256-WKy4vahmmj6o82/FbzvFYfJFglgNMrka0XhtCMUyct4=,https://github.com/janestreet/protocol_version_header/archive/v0.17.0.tar.gz
ocamlPackages.re2,re2,0.17.0,fetchFromGitHub,https://github.com/janestreet/re2,janestreet,re2,v0.17.0,tag,sha256-0VCSOzrVouMRVZJumcqv0F+HQFXlFfVEFIhYq7Tfhrg=,https://github.com/janestreet/re2/archive/v0.17.0.tar.gz
ocamlPackages.record_builder,record_builder,0.17.0,fetchFromGitHub,https://github.com/janestreet/record_builder,janestreet,record_builder,v0.17.0,tag,sha256-NQ0Wizxi/wD8BCwt8hxZWnEpLBTn3XkaG+96ooOKIFE=,https://github.com/janestreet/record_builder/archive/v0.17.0.tar.gz
ocamlPackages.resource_cache,resource_cache,0.17.0,fetchFromGitHub,https://github.com/janestreet/resource_cache,janestreet,resource_cache,v0.17.0,tag,sha256-1WEjvdnl47rjCCMvGxqDKAb2ny6pJDlvDfZhKp+40Jg=,https://github.com/janestreet/resource_cache/archive/v0.17.0.tar.gz
ocamlPackages.samplerate,samplerate,0.1.6,fetchFromGitHub,https://github.com/savonet/ocaml-samplerate,savonet,ocaml-samplerate,refs/tags/v0.1.6,tag,sha256-N3PSUSZ1tKNJcNPSgye6+8QQXcZIez72jk/YdNNOEUA=,https://github.com/savonet/ocaml-samplerate/archive/refs/tags/v0.1.6.tar.gz
ocamlPackages.sexp,sexp,0.17.0,fetchFromGitHub,https://github.com/janestreet/sexp,janestreet,sexp,v0.17.0,tag,sha256-89SNb0MeJbetRRbA5qbBQPXIcLQ0QCeSf8p9v5yUTP0=,https://github.com/janestreet/sexp/archive/v0.17.0.tar.gz
ocamlPackages.sexp_macro,sexp_macro,0.17.0,fetchFromGitHub,https://github.com/janestreet/sexp_macro,janestreet,sexp_macro,v0.17.0,tag,sha256-KXJ+6uR38ywkr8uT8n2bWk10W7vW2ntMgxgF4ZvzzWU=,https://github.com/janestreet/sexp_macro/archive/v0.17.0.tar.gz
ocamlPackages.sexp_pretty,sexp_pretty,0.17.0,fetchFromGitHub,https://github.com/janestreet/sexp_pretty,janestreet,sexp_pretty,v0.17.0,tag,sha256-DcgLlwp3AMC1QzFYPzi7aHA+VhnhbG6p/fLDTMx8ATc=,https://github.com/janestreet/sexp_pretty/archive/v0.17.0.tar.gz
ocamlPackages.sexp_select,sexp_select,0.17.0,fetchFromGitHub,https://github.com/janestreet/sexp_select,janestreet,sexp_select,v0.17.0,tag,sha256-3AUFRtNe32TEB7lItcu7XlEv+3k+4QTitcTnT0kg28Y=,https://github.com/janestreet/sexp_select/archive/v0.17.0.tar.gz
ocamlPackages.sexplib,sexplib,0.17.0,fetchFromGitHub,https://github.com/janestreet/sexplib,janestreet,sexplib,v0.17.0,tag,sha256-DxTMAQbskZ87pMVQnxYc3opGGCzmUKGCZfszr/Z9TGA=,https://github.com/janestreet/sexplib/archive/v0.17.0.tar.gz
ocamlPackages.sexplib0,sexplib0,0.17.0,fetchFromGitHub,https://github.com/janestreet/sexplib0,janestreet,sexplib0,v0.17.0,tag,sha256-Q53wEhRet/Ou9Kr0TZNTyXT5ASQpsVLPz5n/I+Fhy+g=,https://github.com/janestreet/sexplib0/archive/v0.17.0.tar.gz
ocamlPackages.shell,shell,0.17.0,fetchFromGitHub,https://github.com/janestreet/shell,janestreet,shell,v0.17.0,tag,sha256-MJerTFLGrUaR3y3mnKVrH5EQHYBXZyuVL+n2wJZ9HoU=,https://github.com/janestreet/shell/archive/v0.17.0.tar.gz
ocamlPackages.shexp,shexp,0.17.0,fetchFromGitHub,https://github.com/janestreet/shexp,janestreet,shexp,v0.17.0,tag,sha256-tf9HqZ01gMWxfcpe3Pl3rdPTPgIEdb59iwzwThznqAc=,https://github.com/janestreet/shexp/archive/v0.17.0.tar.gz
ocamlPackages.spawn,spawn,0.15.1,fetchFromGitHub,https://github.com/janestreet/spawn,janestreet,spawn,v0.15.1,tag,sha256-6vAkRjTZQGiPhYBWX4MBO3GxEDmAE+18vpMWXMcvWJk=,https://github.com/janestreet/spawn/archive/v0.15.1.tar.gz
ocamlPackages.splay_tree,splay_tree,0.17.0,fetchFromGitHub,https://github.com/janestreet/splay_tree,janestreet,splay_tree,v0.17.0,tag,sha256-gRHRqUKjFEgkL1h8zSbqJkf+gHxhh61AtAT+mkPcz+k=,https://github.com/janestreet/splay_tree/archive/v0.17.0.tar.gz
ocamlPackages.splittable_random,splittable_random,0.17.0,fetchFromGitHub,https://github.com/janestreet/splittable_random,janestreet,splittable_random,v0.17.0,tag,sha256-LlaCxL17GBZc33spn/JnunpaMQ47n+RXS8CShBlaRWA=,https://github.com/janestreet/splittable_random/archive/v0.17.0.tar.gz
ocamlPackages.stdio,stdio,0.17.0,fetchFromGitHub,https://github.com/janestreet/stdio,janestreet,stdio,v0.17.0,tag,sha256-N4VMUq6zWdYiJarVECSadxnoXJKh6AsIIaChmHFSbdA=,https://github.com/janestreet/stdio/archive/v0.17.0.tar.gz
ocamlPackages.textutils,textutils,0.17.0,fetchFromGitHub,https://github.com/janestreet/textutils,janestreet,textutils,v0.17.0,tag,sha256-J58sqp9fkx3JyjnH6oJLCyEC0ZvnuDfqLVl+dt3tEgA=,https://github.com/janestreet/textutils/archive/v0.17.0.tar.gz
ocamlPackages.textutils_kernel,textutils_kernel,0.17.0,fetchFromGitHub,https://github.com/janestreet/textutils_kernel,janestreet,textutils_kernel,v0.17.0,tag,sha256-B5ExbKMRSw4RVJ908FVGob2soHFnJ6Ajsdn0q8lDhio=,https://github.com/janestreet/textutils_kernel/archive/v0.17.0.tar.gz
ocamlPackages.time_now,time_now,0.17.0,fetchFromGitHub,https://github.com/janestreet/time_now,janestreet,time_now,v0.17.0,tag,sha256-bTPWE9+x+zmdLdzLc1naDlRErPZ8m4WXDJL2iLErdqk=,https://github.com/janestreet/time_now/archive/v0.17.0.tar.gz
ocamlPackages.timezone,timezone,0.17.0,fetchFromGitHub,https://github.com/janestreet/timezone,janestreet,timezone,v0.17.0,tag,sha256-/6OLWMrkyQSVTNJ24zRy6v4DObt9q99s75QRS/VVxXE=,https://github.com/janestreet/timezone/archive/v0.17.0.tar.gz
ocamlPackages.topological_sort,topological_sort,0.17.0,fetchFromGitHub,https://github.com/janestreet/topological_sort,janestreet,topological_sort,v0.17.0,tag,sha256-jLkJnh5lasrphI6BUKv7oVPrKyGqNm6VIGYthNs04iU=,https://github.com/janestreet/topological_sort/archive/v0.17.0.tar.gz
ocamlPackages.typerep,typerep,0.17.1,fetchFromGitHub,https://github.com/janestreet/typerep,janestreet,typerep,v0.17.1,tag,sha256-hw03erwLx9IAbkBibyhZxofA5jIi12rFJOHNEVYpLSk=,https://github.com/janestreet/typerep/archive/v0.17.1.tar.gz
ocamlPackages.variantslib,variantslib,0.17.0,fetchFromGitHub,https://github.com/janestreet/variantslib,janestreet,variantslib,v0.17.0,tag,sha256-v/p718POQlFsB7N7WmMCDnmQDB2sP1263pSQIuvlLt8=,https://github.com/janestreet/variantslib/archive/v0.17.0.tar.gz
ocamlPackages.vcaml,vcaml,0.17.0,fetchFromGitHub,https://github.com/janestreet/vcaml,janestreet,vcaml,v0.17.0,tag,sha256-z3v0Uqb+jE19+EN/b6qQvAx+FaK5HmbdHnxEkYGSmS8=,https://github.com/janestreet/vcaml/archive/v0.17.0.tar.gz
ocamlPackages.wasm,wasm,2.0.2,fetchFromGitHub,https://github.com/WebAssembly/spec,WebAssembly,spec,refs/tags/opam-2.0.2,tag,sha256-RbVGW6laC3trP6IhtA2tLrAYVbx0Oucox9FgoEvs6LQ=,https://github.com/WebAssembly/spec/archive/refs/tags/opam-2.0.2.tar.gz
ocamlPackages.zarith,ocaml5.4.0-zarith,1.14,fetchFromGitHub,https://github.com/ocaml/Zarith,ocaml,Zarith,release-1.14,tag,sha256-xUrBDr+M8uW2KOy7DZieO/vDgsSOnyBnpOzQDlXJ0oE=,https://github.com/ocaml/Zarith/archive/release-1.14.tar.gz
ocamlPackages.zed,zed,3.2.3,fetchFromGitHub,https://github.com/ocaml-community/zed,ocaml-community,zed,3.2.3,tag,sha256-lbhqjZxeUqHdd+yahRO+B6L2mc+h+4T2+qKVgWC2HY8=,https://github.com/ocaml-community/zed/archive/3.2.3.tar.gz
ocamlPackages.zstandard,zstandard,0.17.0,fetchFromGitHub,https://github.com/janestreet/zstandard,janestreet,zstandard,v0.17.0,tag,sha256-EUI7fnN8ZaM1l0RBsgSAMWO+VXA8VoCv/lO5kcj+j4E=,https://github.com/janestreet/zstandard/archive/v0.17.0.tar.gz
oci-cli,oci-cli,3.74.0,fetchFromGitHub,https://github.com/oracle/oci-cli,oracle,oci-cli,refs/tags/v3.74.0,tag,sha256-s2mE3aE0QJqyvzD7eL7MoRBRopWFGUVFZ7d3pRwF7gA=,https://github.com/oracle/oci-cli/archive/refs/tags/v3.74.0.tar.gz
octoprint,OctoPrint,1.11.7,fetchFromGitHub,https://github.com/OctoPrint/OctoPrint,OctoPrint,OctoPrint,1.11.7,tag,sha256-X9+o3EpTtKAFiSmjOumRCDKNwBc9LVjvqyZqun3yDi8=,https://github.com/OctoPrint/OctoPrint/archive/1.11.7.tar.gz
odyssey,odyssey,1.3,fetchFromGitHub,https://github.com/yandex/odyssey,yandex,odyssey,1.3,tag,sha256-1ALTKRjpKmmFcAuhmgpcbJBkNuUlTyau8xWDRHh7gf0=,https://github.com/yandex/odyssey/archive/1.3.tar.gz
oidc-agent,oidc-agent,5.3.4,fetchFromGitHub,https://github.com/indigo-dc/oidc-agent,indigo-dc,oidc-agent,refs/tags/v5.3.4,tag,sha256-hM5Q1xrjFOCIL5BLRvhVMmPiip1bwRo0ikeQXu/Oouk=,https://github.com/indigo-dc/oidc-agent/archive/refs/tags/v5.3.4.tar.gz
oksh,oksh,7.8,fetchFromGitHub,https://github.com/ibara/oksh,ibara,oksh,oksh-7.8,tag,sha256-fgTwj1U/bySVkQReE799Z2gZ0/SEek08WSdpHUHCHhk=,https://github.com/ibara/oksh/archive/oksh-7.8.tar.gz
okteto,okteto,3.16.0,fetchFromGitHub,https://github.com/okteto/okteto,okteto,okteto,refs/tags/3.16.0,tag,sha256-wAtZPn8Ew525c9q0aaUuoGt8+clBeojfSPQtVRV77/k=,https://github.com/okteto/okteto/archive/refs/tags/3.16.0.tar.gz
ollama,ollama,0.17.4,fetchFromGitHub,https://github.com/ollama/ollama,ollama,ollama,refs/tags/v0.17.4,tag,sha256-9yJ8Jbgrgiz/Pr6Se398DLkk1U2Lf5DDUi+tpEIjAaI=,https://github.com/ollama/ollama/archive/refs/tags/v0.17.4.tar.gz
ollama-cpu,ollama,0.17.4,fetchFromGitHub,https://github.com/ollama/ollama,ollama,ollama,refs/tags/v0.17.4,tag,sha256-9yJ8Jbgrgiz/Pr6Se398DLkk1U2Lf5DDUi+tpEIjAaI=,https://github.com/ollama/ollama/archive/refs/tags/v0.17.4.tar.gz
ollama-cuda,ollama,0.17.4,fetchFromGitHub,https://github.com/ollama/ollama,ollama,ollama,refs/tags/v0.17.4,tag,sha256-9yJ8Jbgrgiz/Pr6Se398DLkk1U2Lf5DDUi+tpEIjAaI=,https://github.com/ollama/ollama/archive/refs/tags/v0.17.4.tar.gz
ollama-rocm,ollama,0.17.4,fetchFromGitHub,https://github.com/ollama/ollama,ollama,ollama,refs/tags/v0.17.4,tag,sha256-9yJ8Jbgrgiz/Pr6Se398DLkk1U2Lf5DDUi+tpEIjAaI=,https://github.com/ollama/ollama/archive/refs/tags/v0.17.4.tar.gz
ollama-vulkan,ollama,0.17.4,fetchFromGitHub,https://github.com/ollama/ollama,ollama,ollama,refs/tags/v0.17.4,tag,sha256-9yJ8Jbgrgiz/Pr6Se398DLkk1U2Lf5DDUi+tpEIjAaI=,https://github.com/ollama/ollama/archive/refs/tags/v0.17.4.tar.gz
omnisharp-roslyn,omnisharp-roslyn,1.39.14,fetchFromGitHub,https://github.com/OmniSharp/omnisharp-roslyn,OmniSharp,omnisharp-roslyn,refs/tags/v1.39.14,tag,sha256-yWrb+Ov1syKjeer7CxmGzkf9qUJxQ0IoIRfyIiO8eI8=,https://github.com/OmniSharp/omnisharp-roslyn/archive/refs/tags/v1.39.14.tar.gz
oneDNN,onednn,3.10.2,fetchFromGitHub,https://github.com/oneapi-src/oneDNN,oneapi-src,oneDNN,v3.10.2,tag,sha256-/e57voLBNun/2koTF3sEb0Z/nDjCwq9NJVk7TaTSvMY=,https://github.com/oneapi-src/oneDNN/archive/v3.10.2.tar.gz
oneDNN_2,onednn,2.7.5,fetchFromGitHub,https://github.com/oneapi-src/oneDNN,oneapi-src,oneDNN,v2.7.5,tag,sha256-oMPBORAdL2rk2ewyUrInYVHYBRvuvNX4p4rwykO3Rhs=,https://github.com/oneapi-src/oneDNN/archive/v2.7.5.tar.gz
onednn,onednn,3.10.2,fetchFromGitHub,https://github.com/oneapi-src/oneDNN,oneapi-src,oneDNN,v3.10.2,tag,sha256-/e57voLBNun/2koTF3sEb0Z/nDjCwq9NJVk7TaTSvMY=,https://github.com/oneapi-src/oneDNN/archive/v3.10.2.tar.gz
onednn_2,onednn,2.7.5,fetchFromGitHub,https://github.com/oneapi-src/oneDNN,oneapi-src,oneDNN,v2.7.5,tag,sha256-oMPBORAdL2rk2ewyUrInYVHYBRvuvNX4p4rwykO3Rhs=,https://github.com/oneapi-src/oneDNN/archive/v2.7.5.tar.gz
onedrive,onedrive,2.5.10,fetchFromGitHub,https://github.com/abraunegg/onedrive,abraunegg,onedrive,refs/tags/v2.5.10,tag,sha256-18e9Bkahi7et+vFpNRZs+OPrFZjICJ3g611MuLZI6Ps=,https://github.com/abraunegg/onedrive/archive/refs/tags/v2.5.10.tar.gz
onetbb,onetbb,2022.3.0,fetchFromGitHub,https://github.com/oneapi-src/oneTBB,oneapi-src,oneTBB,refs/tags/v2022.3.0,tag,sha256-HIHF6KHlEI4rgQ9Epe0+DmNe1y95K9iYa4V/wFnJfEU=,https://github.com/oneapi-src/oneTBB/archive/refs/tags/v2022.3.0.tar.gz
onionshare,onionshare-cli,2.6.3,fetchFromGitHub,https://github.com/onionshare/onionshare,onionshare,onionshare,refs/tags/v2.6.3,tag,sha256-DY5rSHkmiqLIa49gcbq7VfcMM1AMFTJ5FPQtS2kR2Zs=,https://github.com/onionshare/onionshare/archive/refs/tags/v2.6.3.tar.gz
onionshare-gui,onionshare,2.6.3,fetchFromGitHub,https://github.com/onionshare/onionshare,onionshare,onionshare,refs/tags/v2.6.3,tag,sha256-DY5rSHkmiqLIa49gcbq7VfcMM1AMFTJ5FPQtS2kR2Zs=,https://github.com/onionshare/onionshare/archive/refs/tags/v2.6.3.tar.gz
onlykey,onlykey,5.5.0,fetchFromGitHub,https://github.com/trustcrypto/OnlyKey-App,trustcrypto,OnlyKey-App,refs/tags/v5.5.0,tag,sha256-8MSdr+ghCBPeGp63Yi1T+gyEwXOEUW3vqi9CrCmozrw=,https://github.com/trustcrypto/OnlyKey-App/archive/refs/tags/v5.5.0.tar.gz
onnxruntime,onnxruntime,1.23.2,fetchFromGitHub,https://github.com/microsoft/onnxruntime,microsoft,onnxruntime,refs/tags/v1.23.2,tag,sha256-hZ2L5+0Enkw4rGDKVpRECnKXP87w6Kbiyp6Fdxwt6hk=,
onyx,onyx,2.0.12,fetchFromGitHub,https://github.com/onyx-lyon1/onyx,onyx-lyon1,onyx,refs/tags/v2.0.12,tag,sha256-WQH1qhu5UFB/RToraO/zEU6BjzwhNWrsk+U8ZIs1VLM=,https://github.com/onyx-lyon1/onyx/archive/refs/tags/v2.0.12.tar.gz
ooniprobe-cli,ooniprobe-cli,3.29.0,fetchFromGitHub,https://github.com/ooni/probe-cli,ooni,probe-cli,refs/tags/v3.29.0,tag,sha256-bh17+yMs7DMffoJstYbYnvwEAue34rPmKadFQQQxYxQ=,https://github.com/ooni/probe-cli/archive/refs/tags/v3.29.0.tar.gz
open-adventure,open-adventure,1.20,fetchFromGitLab,https://gitlab.com/esr/open-adventure,esr,open-adventure,refs/tags/1.20,tag,sha256-xbsMz99CNLhpM6BSJVcRzxPB6tUYfPy/3Z+8BKt8b1E=,https://gitlab.com/esr/open-adventure/-/archive/refs/tags/1.20/open-adventure-refs/tags/1.20.tar.gz
open-policy-agent,open-policy-agent,1.14.0,fetchFromGitHub,https://github.com/open-policy-agent/opa,open-policy-agent,opa,refs/tags/v1.14.0,tag,sha256-U4Yrib38zY+Xk7Ogo6OfD/G46YxSfnpnUNd74zlo+7o=,https://github.com/open-policy-agent/opa/archive/refs/tags/v1.14.0.tar.gz
open5gs,open5gs,2.7.6,fetchFromGitHub,https://github.com/open5gs/open5gs,open5gs,open5gs,refs/tags/v2.7.6,tag,sha256-2k+S+OXfdskJPtDUFSxb/+2UZcUiOZzRSSGgsEJWolc=,https://github.com/open5gs/open5gs/archive/refs/tags/v2.7.6.tar.gz
open5gs-webui,open5gs-webui,2.7.6,fetchFromGitHub,https://github.com/open5gs/open5gs,open5gs,open5gs,refs/tags/v2.7.6,tag,sha256-2k+S+OXfdskJPtDUFSxb/+2UZcUiOZzRSSGgsEJWolc=,https://github.com/open5gs/open5gs/archive/refs/tags/v2.7.6.tar.gz
open62541,open62541,1.4.15,fetchFromGitHub,https://github.com/open62541/open62541,open62541,open62541,v1.4.15,tag,sha256-g0Kp6kdDyPIS1I4lpHNjQpsKes9l0OBcb+7oMTEwC7s=,
openal,openal-soft,1.24.3,fetchFromGitHub,https://github.com/kcat/openal-soft,kcat,openal-soft,refs/tags/1.24.3,tag,sha256-VQa3FD9NyvDv/+VbU+5lmV0LteiioJHpRkr1lnCn1g4=,https://github.com/kcat/openal-soft/archive/refs/tags/1.24.3.tar.gz
openal-soft,openal-soft,1.24.3,fetchFromGitHub,https://github.com/kcat/openal-soft,kcat,openal-soft,refs/tags/1.24.3,tag,sha256-VQa3FD9NyvDv/+VbU+5lmV0LteiioJHpRkr1lnCn1g4=,https://github.com/kcat/openal-soft/archive/refs/tags/1.24.3.tar.gz
openalSoft,openal-soft,1.24.3,fetchFromGitHub,https://github.com/kcat/openal-soft,kcat,openal-soft,refs/tags/1.24.3,tag,sha256-VQa3FD9NyvDv/+VbU+5lmV0LteiioJHpRkr1lnCn1g4=,https://github.com/kcat/openal-soft/archive/refs/tags/1.24.3.tar.gz
openbao,openbao,2.5.1,fetchFromGitHub,https://github.com/openbao/openbao,openbao,openbao,refs/tags/v2.5.1,tag,sha256-pVFsyNg9ccSFAdHb/fjeVoMBh1nKcjwcFfVBBqFalIo=,https://github.com/openbao/openbao/archive/refs/tags/v2.5.1.tar.gz
opendht,opendht,3.5.4,fetchFromGitHub,https://github.com/savoirfairelinux/opendht,savoirfairelinux,opendht,refs/tags/v3.5.4,tag,sha256-mnnd6yATIk/TEuFG/M98d+pfeh42IKWBBYjkTP52xeM=,https://github.com/savoirfairelinux/opendht/archive/refs/tags/v3.5.4.tar.gz
openexr,openexr,3.3.5,fetchFromGitHub,https://github.com/AcademySoftwareFoundation/openexr,AcademySoftwareFoundation,openexr,v3.3.5,tag,sha256-J1SButHDPy0gGkVOZKfemaMF0MY/lifB5n39+3GRKR8=,https://github.com/AcademySoftwareFoundation/openexr/archive/v3.3.5.tar.gz
openexr_2,openexr,2.5.10,fetchFromGitHub,https://github.com/AcademySoftwareFoundation/openexr,AcademySoftwareFoundation,openexr,v2.5.10,tag,sha256-xdC+T79ZQBx/XhuIXtP93Roj0N9lF+E65ReEKQ4kIsg=,https://github.com/AcademySoftwareFoundation/openexr/archive/v2.5.10.tar.gz
openfpgaloader,openfpgaloader,1.0.0,fetchFromGitHub,https://github.com/trabucayre/openFPGALoader,trabucayre,openFPGALoader,v1.0.0,tag,sha256-GPYYvsMSzgZCU4qaANaP3nTa6ooJ7pjJDIzW0H4juQM=,https://github.com/trabucayre/openFPGALoader/archive/v1.0.0.tar.gz
openfx,openfx,1.4,fetchFromGitHub,https://github.com/AcademySoftwareFoundation/openfx,AcademySoftwareFoundation,openfx,OFX_Release_1_4_TAG,tag,0k9ggzr6bisn77mipjfvawg3mv4bz50b63v8f7w1jhldi1sfy548,https://github.com/AcademySoftwareFoundation/openfx/archive/OFX_Release_1_4_TAG.tar.gz
openhantek6022,openhantek6022,3.4.0,fetchFromGitHub,https://github.com/OpenHantek/OpenHantek6022,OpenHantek,OpenHantek6022,3.4.0,tag,sha256-FT+DyfD5WHBblRXWXFnyB2xwoIgoh84oB+QN32wx78c=,https://github.com/OpenHantek/OpenHantek6022/archive/3.4.0.tar.gz
openlist,openlist,4.1.10,fetchFromGitHub,https://github.com/OpenListTeam/OpenList,OpenListTeam,OpenList,refs/tags/v4.1.10,tag,sha256-+B3ea0LvzpRll9HpfEU6RkSgnQtVprSlrO+Tq07T0eQ=,https://github.com/OpenListTeam/OpenList/archive/refs/tags/v4.1.10.tar.gz
openomf,openomf,0.8.5,fetchFromGitHub,https://github.com/omf2097/openomf,omf2097,openomf,refs/tags/0.8.5,tag,sha256-5X8drQKMwYZ5M/i7hxyI25AysQGedQ5BLEYcNXWHgNk=,https://github.com/omf2097/openomf/archive/refs/tags/0.8.5.tar.gz
openra,openra-release,20250330,fetchFromGitHub,https://github.com/OpenRA/OpenRA,OpenRA,OpenRA,release-20250330,tag,sha256-chWkzn/NLZh2gOua9kE0ubRGjGCC0LvtZSWHBgXKqHw=,https://github.com/OpenRA/OpenRA/archive/release-20250330.tar.gz
openra_2019,openra_2019,release-20190314,fetchFromGitHub,https://github.com/OpenRA/OpenRA,OpenRA,OpenRA,release-20190314,tag,15pvn5cx3g0nzbrgpsfz8dngad5wkzp5dz25ydzn8bmxafiijvcr,https://github.com/OpenRA/OpenRA/archive/release-20190314.tar.gz
opensc,opensc,0.26.1,fetchFromGitHub,https://github.com/OpenSC/OpenSC,OpenSC,OpenSC,refs/tags/0.26.1,tag,sha256-H5df+x15fz28IlL/G9zPBxbNBzc+BlDmmgNZVEYQgac=,https://github.com/OpenSC/OpenSC/archive/refs/tags/0.26.1.tar.gz
openscad,openscad,2021.01,fetchFromGitHub,https://github.com/openscad/openscad,openscad,openscad,openscad-2021.01,tag,sha256-2tOLqpFt5klFPxHNONnHVzBKEFWn4+ufx/MU+eYbliA=,https://github.com/openscad/openscad/archive/openscad-2021.01.tar.gz
openscenegraph,openscenegraph,3.6.5,fetchFromGitHub,https://github.com/openscenegraph/OpenSceneGraph,openscenegraph,OpenSceneGraph,OpenSceneGraph-3.6.5,tag,00i14h82qg3xzcyd8p02wrarnmby3aiwmz0z43l50byc9f8i05n1,https://github.com/openscenegraph/OpenSceneGraph/archive/OpenSceneGraph-3.6.5.tar.gz
openseachest,openseachest,25.05.3,fetchFromGitHub,https://github.com/Seagate/openSeaChest,Seagate,openSeaChest,refs/tags/v25.05.3,tag,sha256-huhdRF2K1AEDRX6Jyz8a/OpUEKFmH+FLNr5KHM/4Sk4=,
openshadinglanguage,openshadinglanguage,1.15.1.0,fetchFromGitHub,https://github.com/AcademySoftwareFoundation/OpenShadingLanguage,AcademySoftwareFoundation,OpenShadingLanguage,refs/tags/v1.15.1.0,tag,sha256-+PNh4xFdH8onxK0OTnQHbdupTaB2hTgDumY0krJiWUE=,https://github.com/AcademySoftwareFoundation/OpenShadingLanguage/archive/refs/tags/v1.15.1.0.tar.gz
openshot-qt,openshot-qt,3.3.0,fetchFromGitHub,https://github.com/OpenShot/openshot-qt,OpenShot,openshot-qt,refs/tags/v3.3.0,tag,sha256-+QI1772ys1Czd+KSVBAdAUjLg9mUcMZs+UhkNljY7nQ=,https://github.com/OpenShot/openshot-qt/archive/refs/tags/v3.3.0.tar.gz
opensmt,opensmt,2.9.2,fetchFromGitHub,https://github.com/usi-verification-and-security/opensmt,usi-verification-and-security,opensmt,refs/tags/v2.9.2,tag,sha256-xKpYABMn2bsXRg2PMjiMhsx6+FbAsxitLRnmqa1kmu0=,https://github.com/usi-verification-and-security/opensmt/archive/refs/tags/v2.9.2.tar.gz
opensoundmeter,opensoundmeter,1.5.2,fetchFromGitHub,https://github.com/psmokotnin/osm,psmokotnin,osm,v1.5.2,tag,sha256-jM9tkfNjPNHcPOG0n7NeohC/O3E6CUspOF3UTkQ2rs8=,https://github.com/psmokotnin/osm/archive/v1.5.2.tar.gz
opensubdiv,opensubdiv,3.7.0,fetchFromGitHub,https://github.com/PixarAnimationStudios/OpenSubdiv,PixarAnimationStudios,OpenSubdiv,refs/tags/v3_7_0,tag,sha256-yWi+SaJfyMHPnc8hhrMZ4W6cBRkFOhRehXg3BqSGPcM=,https://github.com/PixarAnimationStudios/OpenSubdiv/archive/refs/tags/v3_7_0.tar.gz
opensupaplex,opensupaplex,7.1.2,fetchFromGitHub,https://github.com/sergiou87/open-supaplex,sergiou87,open-supaplex,refs/tags/v7.1.2,tag,sha256-hP8dJlLXE5J/oxPhRkrrBl1Y5e9MYbJKi8OApFM3+GU=,https://github.com/sergiou87/open-supaplex/archive/refs/tags/v7.1.2.tar.gz
openterface-qt,openterface-qt,0.3.18,fetchFromGitHub,https://github.com/TechxArtisanStudio/Openterface_QT,TechxArtisanStudio,Openterface_QT,0.3.18,tag,sha256-yD71UOi6iRd9N3NeASUzqoeHMcTYIqkysAfxRm7GkOA=,https://github.com/TechxArtisanStudio/Openterface_QT/archive/0.3.18.tar.gz
openttd-jgrpp,openttd-jgrpp,0.69.2,fetchFromGitHub,https://github.com/JGRennison/OpenTTD-patches,JGRennison,OpenTTD-patches,jgrpp-0.69.2,tag,sha256-D9Oh05Isf7Atsih6tZBA8xS04aCuE8VS5Ghf0FvrU5A=,https://github.com/JGRennison/OpenTTD-patches/archive/jgrpp-0.69.2.tar.gz
opentx,opentx,2.3.15,fetchFromGitHub,https://github.com/opentx/opentx,opentx,opentx,release/2.3.15,tag,sha256-F3zykJhKuIpLQSTjn7mcdjEmgRAlwCZpkTaKQR9ve3g=,https://github.com/opentx/opentx/archive/release/2.3.15.tar.gz
openusd,openusd,25.05.01,fetchFromGitHub,https://github.com/PixarAnimationStudios/OpenUSD,PixarAnimationStudios,OpenUSD,refs/tags/v25.05.01,tag,sha256-gxikEC4MqTkhgYaRsCVYtS/VmXClSaCMdzpQ0LmiR7Q=,https://github.com/PixarAnimationStudios/OpenUSD/archive/refs/tags/v25.05.01.tar.gz
openutau,OpenUtau,0.1.565,fetchFromGitHub,https://github.com/stakira/OpenUtau,stakira,OpenUtau,refs/tags/0.1.565,tag,sha256-tjW1xmt409AlEmw/N1RG46oigP4mWAoTecQGV/hwMo4=,https://github.com/stakira/OpenUtau/archive/refs/tags/0.1.565.tar.gz
openvscode-server,openvscode-server,1.106.3,fetchFromGitHub,https://github.com/gitpod-io/openvscode-server,gitpod-io,openvscode-server,openvscode-server-v1.106.3,tag,sha256-wcmk35oqJ6d5MR9YnqC/pR0pC03/vCFCd9KLRByQWqk=,https://github.com/gitpod-io/openvscode-server/archive/openvscode-server-v1.106.3.tar.gz
openxray,openxray,2921-january-2025-rc1,fetchFromGitHub,https://github.com/OpenXRay/xray-16,OpenXRay,xray-16,refs/tags/2921-january-2025-rc1,tag,sha256-PYRC1t4gjT2d41ZZOZJF4u3vc0Pq7DpivEnnfbcSQYk=,
oppai-ng,oppai-ng,4.1.0,fetchFromGitHub,https://github.com/Francesco149/oppai-ng,Francesco149,oppai-ng,4.1.0,tag,sha256-L9eraLOWm1tMImS8bLB9T4Md4VdTSxqI9Bt4r8eqxqs=,https://github.com/Francesco149/oppai-ng/archive/4.1.0.tar.gz
optimism,optimism,1.9.4,fetchFromGitHub,https://github.com/ethereum-optimism/optimism,ethereum-optimism,optimism,op-node/v1.9.4,tag,sha256-pAmstWA6up0CvHEQW5RnDYumdwKP0i6fpz59EYTBsmU=,
orca-slicer,orca-slicer,2.3.1,fetchFromGitHub,https://github.com/SoftFever/OrcaSlicer,SoftFever,OrcaSlicer,refs/tags/v2.3.1,tag,sha256-RdMBx/onLq58oI1sL0cHmF2SGDfeI9KkPPCbjyMqECI=,https://github.com/SoftFever/OrcaSlicer/archive/refs/tags/v2.3.1.tar.gz
org-stats,org-stats,1.12.2,fetchFromGitHub,https://github.com/caarlos0/org-stats,caarlos0,org-stats,v1.12.2,tag,sha256-QTjJ+4Qu5u+5ZCoIAQBxqdhjNI2CXUB8r2Zx8xfIiGw=,https://github.com/caarlos0/org-stats/archive/v1.12.2.tar.gz
osc-cli,osc-cli,1.11.0,fetchFromGitHub,https://github.com/outscale/osc-cli,outscale,osc-cli,v1.11.0,tag,sha256-7WXy+1NHwFvYmyi5xGfWpq/mbVGJ3WkgP5WQd5pvcC0=,https://github.com/outscale/osc-cli/archive/v1.11.0.tar.gz
osi,osi,0.108.11,fetchFromGitHub,https://github.com/coin-or/Osi,coin-or,Osi,releases/0.108.11,tag,sha256-3aTO7JGEOP/RCOZ1X9b68rrtv6T78euf1TYGTjyXSRE=,https://github.com/coin-or/Osi/archive/releases/0.108.11.tar.gz
osl,openshadinglanguage,1.15.1.0,fetchFromGitHub,https://github.com/AcademySoftwareFoundation/OpenShadingLanguage,AcademySoftwareFoundation,OpenShadingLanguage,refs/tags/v1.15.1.0,tag,sha256-+PNh4xFdH8onxK0OTnQHbdupTaB2hTgDumY0krJiWUE=,https://github.com/AcademySoftwareFoundation/OpenShadingLanguage/archive/refs/tags/v1.15.1.0.tar.gz
osqp,osqp,1.0.0,fetchFromGitHub,https://github.com/oxfordcontrol/osqp,oxfordcontrol,osqp,refs/tags/v1.0.0,tag,sha256-BOAytzJzHcggncQzeDrXwJOq8B3doWERJ6CKIVg1yJY=,https://github.com/oxfordcontrol/osqp/archive/refs/tags/v1.0.0.tar.gz
ossia-score,ossia-score,3.8.0,fetchFromGitHub,https://github.com/ossia/score,ossia,score,refs/tags/v3.8.0,tag,sha256-67zl96ga0SwjXSwpOiEbTdB3WauLWLlP1rF/2we3d50=,
ossim,ossim,2.12.0,fetchFromGitHub,https://github.com/ossimlabs/ossim,ossimlabs,ossim,refs/tags/v2.12.0,tag,sha256-nVQN+XnCYpVQSkgKsolqbR3KtPGTkvpym4cDl7IqjUc=,https://github.com/ossimlabs/ossim/archive/refs/tags/v2.12.0.tar.gz
osu-lazer,osu-lazer,2026.119.0,fetchFromGitHub,https://github.com/ppy/osu,ppy,osu,refs/tags/2026.119.0-lazer,tag,sha256-aAWWq4nX8AeWTT8/aRbHccq+Zx87qP4izxXL3fE7QMg=,https://github.com/ppy/osu/archive/refs/tags/2026.119.0-lazer.tar.gz
otus-lisp,otus-lisp,2.6,fetchFromGitHub,https://github.com/yuriy-chumak/ol,yuriy-chumak,ol,2.6,tag,sha256-5ixpTTXwJbLM2mJ/nwzjz0aKG/QGVLPScY8EaG7swGU=,https://github.com/yuriy-chumak/ol/archive/2.6.tar.gz
outline,outline,1.5.0,fetchFromGitHub,https://github.com/outline/outline,outline,outline,v1.5.0,tag,sha256-q/T1smxmWotXBbwKXNmKqTYYRNV2ne9PfhVM2Lj7BiE=,https://github.com/outline/outline/archive/v1.5.0.tar.gz
overseerr,overseerr,1.34.0,fetchFromGitHub,https://github.com/sct/overseerr,sct,overseerr,refs/tags/v1.34.0,tag,sha256-4332XsupUGjkFo0+4wn2fUyK5/y6EQoPaAuayBH/myk=,https://github.com/sct/overseerr/archive/refs/tags/v1.34.0.tar.gz
owamp,owamp,4.4.6,fetchFromGitHub,https://github.com/perfsonar/owamp,perfsonar,owamp,refs/tags/v4.4.6,tag,5o85XSn84nOvNjIzlaZ2R6/TSHpKbWLXTO0FmqWsNMU=,
owncast,owncast,0.2.4,fetchFromGitHub,https://github.com/owncast/owncast,owncast,owncast,refs/tags/v0.2.4,tag,sha256-euqmAsGLh7enMbRKeGS7pB3L+12uAHFM2mqahst/bww=,https://github.com/owncast/owncast/archive/refs/tags/v0.2.4.tar.gz
pachyderm,pachyderm,2.12.2,fetchFromGitHub,https://github.com/pachyderm/pachyderm,pachyderm,pachyderm,v2.12.2,tag,sha256-S3om62ibp/hbpoY6seJ7RaRQeAzDNsThqfGDFC0SEQM=,https://github.com/pachyderm/pachyderm/archive/v2.12.2.tar.gz
pack,pack,0.38.2,fetchFromGitHub,https://github.com/buildpacks/pack,buildpacks,pack,refs/tags/v0.38.2,tag,sha256-JDvNG0HMwr/bbWbuSLwuC5y+ZePECW4u+dzMBcKrcNk=,https://github.com/buildpacks/pack/archive/refs/tags/v0.38.2.tar.gz
packcc,packcc,2.2.0,fetchFromGitHub,https://github.com/arithy/packcc,arithy,packcc,v2.2.0,tag,sha256-fmZL34UL7epFFGo0gCsj8TcyhBt5uCfnLCLCQugXF6U=,https://github.com/arithy/packcc/archive/v2.2.0.tar.gz
packer,packer,1.15.0,fetchFromGitHub,https://github.com/hashicorp/packer,hashicorp,packer,v1.15.0,tag,sha256-Ju23wPud1fSDExPMPxKAfnfFvJCbrE/cK9lxiiUw0Gk=,https://github.com/hashicorp/packer/archive/v1.15.0.tar.gz
packetbeat,packetbeat,7.17.27,fetchFromGitHub,https://github.com/elastic/beats,elastic,beats,v7.17.27,tag,sha256-TzcKB1hIHe1LNZ59GcvR527yvYqPKNXPIhpWH2vyMTY=,https://github.com/elastic/beats/archive/v7.17.27.tar.gz
packetbeat7,packetbeat,7.17.27,fetchFromGitHub,https://github.com/elastic/beats,elastic,beats,v7.17.27,tag,sha256-TzcKB1hIHe1LNZ59GcvR527yvYqPKNXPIhpWH2vyMTY=,https://github.com/elastic/beats/archive/v7.17.27.tar.gz
pagemon,pagemon,0.02.06,fetchFromGitHub,https://github.com/ColinIanKing/pagemon,ColinIanKing,pagemon,refs/tags/V0.02.06,tag,sha256-nlgrPGctgP6F90LTkVXVZ1MVbkr8yDF/AI+yrvnU5Hs=,https://github.com/ColinIanKing/pagemon/archive/refs/tags/V0.02.06.tar.gz
paho-mqtt-c,paho.mqtt.c,1.3.16,fetchFromGitHub,https://github.com/eclipse/paho.mqtt.c,eclipse,paho.mqtt.c,refs/tags/v1.3.16,tag,sha256-ETSx3dvGP9Kjf7v8zglnUvMK6nOcgUnryJ5QUVvEgT4=,https://github.com/eclipse/paho.mqtt.c/archive/refs/tags/v1.3.16.tar.gz
paho-mqtt-cpp,paho.mqtt.cpp,1.6.0,fetchFromGitHub,https://github.com/eclipse/paho.mqtt.cpp,eclipse,paho.mqtt.cpp,refs/tags/v1.6.0,tag,sha256-WpuI0BPGPCuV1riviUGy2CLshW0RSVIxcjgFmmH2SqA=,https://github.com/eclipse/paho.mqtt.cpp/archive/refs/tags/v1.6.0.tar.gz
pandoc-tablenos,pandoc-tablenos,2.3.0,fetchFromGitHub,https://github.com/tomduck/pandoc-tablenos,tomduck,pandoc-tablenos,refs/tags/2.3.0,tag,sha256-FwzsRziY3PoySo9hIFuLw6tOO9oQij6oQEyoY8HgnII=,https://github.com/tomduck/pandoc-tablenos/archive/refs/tags/2.3.0.tar.gz
papilo,papilo,2.4.4,fetchFromGitHub,https://github.com/scipopt/papilo,scipopt,papilo,refs/tags/v2.4.4,tag,sha256-VHOwr3uIhurab1zI9FeecBXZIp1ee2pk8fhVak6H0+A=,https://github.com/scipopt/papilo/archive/refs/tags/v2.4.4.tar.gz
parpd,parpd,2.3.0,fetchFromGitHub,https://github.com/NetworkConfiguration/parpd,NetworkConfiguration,parpd,refs/tags/v2.3.0,tag,sha256-6qmoAW9jm7xMRHZUMQLpe0N+UeVnQP8dC4+Iq+d5Eaw=,https://github.com/NetworkConfiguration/parpd/archive/refs/tags/v2.3.0.tar.gz
particl-core,particl-core,23.2.7.0,fetchFromGitHub,https://github.com/particl/particl-core,particl,particl-core,v23.2.7.0,tag,sha256-RxkLt+7u+r5jNwEWiArTUpZ8ykYwWtvIDFXTSKhGN/w=,https://github.com/particl/particl-core/archive/v23.2.7.0.tar.gz
particle-cli,particle-cli,3.45.0,fetchFromGitHub,https://github.com/particle-iot/particle-cli,particle-iot,particle-cli,refs/tags/v3.45.0,tag,sha256-Hq2flUBStEouVEhYI25fNFK9ohvHfk792vlPa7b3DRA=,https://github.com/particle-iot/particle-cli/archive/refs/tags/v3.45.0.tar.gz
paru,paru,2.1.0,fetchFromGitHub,https://github.com/Morganamilo/paru,Morganamilo,paru,refs/tags/v2.1.0,tag,sha256-i99f2ngYhfVCKpImJ8L7u2T2FgOt7Chp8DHDbrNh1kw=,https://github.com/Morganamilo/paru/archive/refs/tags/v2.1.0.tar.gz
patdiff,patdiff,0.17.0,fetchFromGitHub,https://github.com/janestreet/patdiff,janestreet,patdiff,v0.17.0,tag,sha256-iphpQ0b8i+ItY57zM4xL9cID9GYuTCMZN7SYa7TDprI=,https://github.com/janestreet/patdiff/archive/v0.17.0.tar.gz
patroni,patroni,4.1.0,fetchFromGitHub,https://github.com/zalando/patroni,zalando,patroni,refs/tags/v4.1.0,tag,sha256-iY5QLbJXfQtfkzpQxvqSOzYQwgfFsBh8HPYujqxU44k=,https://github.com/zalando/patroni/archive/refs/tags/v4.1.0.tar.gz
pcaudiolib,pcaudiolib,1.3,fetchFromGitHub,https://github.com/espeak-ng/pcaudiolib,espeak-ng,pcaudiolib,1.3,tag,sha256-bBiGvAySEwAv6Qj2iSawb9oZfMCGBDCDIP8AYdbtQQc=,https://github.com/espeak-ng/pcaudiolib/archive/1.3.tar.gz
pcb2gcode,pcb2gcode,3.0.1,fetchFromGitHub,https://github.com/pcb2gcode/pcb2gcode,pcb2gcode,pcb2gcode,v3.0.1,tag,sha256-PCBROFFo+yE6ojoNImk+9hdXzt/Y8JEvmvKwES2KBwM=,https://github.com/pcb2gcode/pcb2gcode/archive/v3.0.1.tar.gz
pciutils,pciutils,3.14.0,fetchFromGitHub,https://github.com/pciutils/pciutils,pciutils,pciutils,v3.14.0,tag,sha256-8wSvu8BGzETD1RfwL6/DfSCZcmuj1I+zNH033f48qNQ=,https://github.com/pciutils/pciutils/archive/v3.14.0.tar.gz
pcl,pcl,1.15.1,fetchFromGitHub,https://github.com/PointCloudLibrary/pcl,PointCloudLibrary,pcl,refs/tags/pcl-1.15.1,tag,sha256-+KyaajJM0I5CAcr8AiOLC4TkGV3Gm73a0/X8LQWFZMI=,https://github.com/PointCloudLibrary/pcl/archive/refs/tags/pcl-1.15.1.tar.gz
pcsc-tools,pcsc-tools,1.7.4,fetchFromGitHub,https://github.com/LudovicRousseau/pcsc-tools,LudovicRousseau,pcsc-tools,refs/tags/1.7.4,tag,sha256-LSu+s/XcO4wM3Yvc1G/70ak+4KW+wKQ9dRm9Fdm+NsE=,https://github.com/LudovicRousseau/pcsc-tools/archive/refs/tags/1.7.4.tar.gz
pcsx2,pcsx2,2.6.3,fetchFromGitHub,https://github.com/PCSX2/pcsx2,PCSX2,pcsx2,refs/tags/v2.6.3,tag,sha256-85PZ7ZDoannmwoFeKM7hm7fQS1X2MPxAwm6k+Sa+bGc=,https://github.com/PCSX2/pcsx2/archive/refs/tags/v2.6.3.tar.gz
pdal,pdal,2.9.3,fetchFromGitHub,https://github.com/PDAL/PDAL,PDAL,PDAL,refs/tags/2.9.3,tag,sha256-htuvNheRwzpdSKc4FbwugBWWaCNC7/20TSKwRpLr+7Y=,https://github.com/PDAL/PDAL/archive/refs/tags/2.9.3.tar.gz
peertube,peertube,8.0.2,fetchFromGitHub,https://github.com/Chocobozzz/PeerTube,Chocobozzz,PeerTube,refs/tags/v8.0.2,tag,sha256-u4LDk9r88h3EqX6ZRMPCQmjOvfJDXwV2YYrKEkGBWgs=,https://github.com/Chocobozzz/PeerTube/archive/refs/tags/v8.0.2.tar.gz
perlPackages.ImageExifTool,Image-ExifTool,13.52,fetchFromGitHub,https://github.com/exiftool/exiftool,exiftool,exiftool,refs/tags/13.52,tag,sha256-vsIktUk93fA8lqmphl2xk0Hqgh7VJ08LCP98NnD2o/Q=,https://github.com/exiftool/exiftool/archive/refs/tags/13.52.tar.gz
perlPackages.ImageMagick,Image-Magick,7.1.2-13,fetchFromGitHub,https://github.com/ImageMagick/ImageMagick,ImageMagick,ImageMagick,refs/tags/7.1.2-13,tag,sha256-meADRjoV1c48laD35TuWAwuE95L90agROuuKBd++Kn8=,https://github.com/ImageMagick/ImageMagick/archive/refs/tags/7.1.2-13.tar.gz
perlPackages.LatexIndent,latexindent.pl,3.21,fetchFromGitHub,https://github.com/cmhughes/latexindent.pl,cmhughes,latexindent.pl,V3.21,tag,sha256-STXHOzsshyN7rc2VtJxxt6La4UPGpRYlMO8TX1Jd7pM=,https://github.com/cmhughes/latexindent.pl/archive/V3.21.tar.gz
perlPackages.PerconaToolkit,Percona-Toolkit,3.7.0,fetchFromGitHub,https://github.com/percona/percona-toolkit,percona,percona-toolkit,v3.7.0,tag,sha256-NpLUHIdGnuNJmSYBYErU7yzFkxKRFQVWJHJqJ2q4U5E=,https://github.com/percona/percona-toolkit/archive/v3.7.0.tar.gz
perlPackages.PerlMagick,Image-Magick,7.1.2-13,fetchFromGitHub,https://github.com/ImageMagick/ImageMagick,ImageMagick,ImageMagick,refs/tags/7.1.2-13,tag,sha256-meADRjoV1c48laD35TuWAwuE95L90agROuuKBd++Kn8=,https://github.com/ImageMagick/ImageMagick/archive/refs/tags/7.1.2-13.tar.gz
pgbackrest,pgbackrest,2.57.0,fetchFromGitHub,https://github.com/pgbackrest/pgbackrest,pgbackrest,pgbackrest,refs/tags/release/2.57.0,tag,sha256-TwyMWE9/aCWBIn+AKGaR0UC5qScWPEaDyOG723/2NHA=,https://github.com/pgbackrest/pgbackrest/archive/refs/tags/release/2.57.0.tar.gz
pgbadger,pgbadger,12.4,fetchFromGitHub,https://github.com/darold/pgbadger,darold,pgbadger,refs/tags/v12.4,tag,sha256-an/BOkQsMkTXS0HywV1JWerS16HRbO1MHVleYhVqmBM=,https://github.com/darold/pgbadger/archive/refs/tags/v12.4.tar.gz
pgf,pgf,2.10,fetchFromGitHub,https://github.com/pgf-tikz/pgf,pgf-tikz,pgf,refs/tags/2.10,tag,sha256-AA+XFhEkJifODJb6SppnxhR4lMlMNaH+k10UF6QisJ8=,https://github.com/pgf-tikz/pgf/archive/refs/tags/2.10.tar.gz
pgf2,pgf,2.10,fetchFromGitHub,https://github.com/pgf-tikz/pgf,pgf-tikz,pgf,refs/tags/2.10,tag,sha256-AA+XFhEkJifODJb6SppnxhR4lMlMNaH+k10UF6QisJ8=,https://github.com/pgf-tikz/pgf/archive/refs/tags/2.10.tar.gz
pgf3,pgf,3.1.11a,fetchFromGitHub,https://github.com/pgf-tikz/pgf,pgf-tikz,pgf,refs/tags/3.1.11a,tag,sha256-+OxQ7sf5qh9hiVdCapJOUUwxDNsbvCXZEupN52wqldE=,https://github.com/pgf-tikz/pgf/archive/refs/tags/3.1.11a.tar.gz
pghero,pghero,3.6.1,fetchFromGitHub,https://github.com/pghero/pghero,pghero,pghero,v3.6.1,tag,sha256-kABdQRwV5Y/jB9P8kYVmwmntOK0CF/JJYmaINNv26fA=,https://github.com/pghero/pghero/archive/v3.6.1.tar.gz
pgmodeler,pgmodeler,1.2.3,fetchFromGitHub,https://github.com/pgmodeler/pgmodeler,pgmodeler,pgmodeler,v1.2.3,tag,sha256-WA3EOJm9RrKk7DrzdrpiihW+LhJOvvE2uajGwPCsBIk=,https://github.com/pgmodeler/pgmodeler/archive/v1.2.3.tar.gz
pgo-client,pgo-client,4.7.10,fetchFromGitHub,https://github.com/CrunchyData/postgres-operator,CrunchyData,postgres-operator,v4.7.10,tag,sha256-ZwKfbmKPvhxLpCGH+IlfoQjnw8go4N6mfseY2LWCktA=,https://github.com/CrunchyData/postgres-operator/archive/v4.7.10.tar.gz
phockup,phockup,1.13.0,fetchFromGitHub,https://github.com/ivandokov/phockup,ivandokov,phockup,1.13.0,tag,sha256-44UjxTbC2XK+NThvesROdd7aGP7zr7g7bQiQZv2TvvM=,https://github.com/ivandokov/phockup/archive/1.13.0.tar.gz
photini,photini,2024.9.1,fetchFromGitHub,https://github.com/jim-easterbrook/Photini,jim-easterbrook,Photini,refs/tags/2024.9.1,tag,sha256-0jr1mNejCF0yW9LkrrsOTcE4ZPGZrMU9Pnt0eXD+3YQ=,https://github.com/jim-easterbrook/Photini/archive/refs/tags/2024.9.1.tar.gz
photoflare,photoflare,1.6.13,fetchFromGitHub,https://github.com/PhotoFlare/photoflare,PhotoFlare,photoflare,v1.6.13,tag,sha256-0eAuof/FBro2IKxkJ6JHauW6C96VTPxy7QtfPVzPFi4=,https://github.com/PhotoFlare/photoflare/archive/v1.6.13.tar.gz
phpPackages.psalm,psalm,6.14.3,fetchFromGitHub,https://github.com/vimeo/psalm,vimeo,psalm,refs/tags/6.14.3,tag,sha256-6MO16Ch3SR2kn48lTj64c/1DZDpsLjpZcFYmtiBhCCU=,https://github.com/vimeo/psalm/archive/refs/tags/6.14.3.tar.gz
picard,picard,2.13.3,fetchFromGitHub,https://github.com/metabrainz/picard,metabrainz,picard,refs/tags/release-2.13.3,tag,sha256-Q0W5Q1+PbN+yneh98jx0/UNHVfD6okX92hxNzCE+Ibc=,https://github.com/metabrainz/picard/archive/refs/tags/release-2.13.3.tar.gz
picom,picom,13,fetchFromGitHub,https://github.com/yshui/picom,yshui,picom,refs/tags/v13,tag,sha256-g+ercK7yTtTgnPRLgIcQeDbKOmZDkfq3oflN6AyoAXU=,
pigpio,pigpio,79,fetchFromGitHub,https://github.com/joan2937/pigpio,joan2937,pigpio,refs/tags/v79,tag,sha256-Z+SwUlBbtWtnbjTe0IghR3gIKS43ZziN0amYtmXy7HE=,https://github.com/joan2937/pigpio/archive/refs/tags/v79.tar.gz
pihole-web,pihole-web,6.4.1,fetchFromGitHub,https://github.com/pi-hole/web,pi-hole,web,refs/tags/v6.4.1,tag,sha256-0nhMbOEZ4Q4XxOvskcEbDkK4HqdosgAzdRF4sT9+zjQ=,https://github.com/pi-hole/web/archive/refs/tags/v6.4.1.tar.gz
pike,pike,8.0.2042,fetchFromGitHub,https://github.com/pikelang/Pike,pikelang,Pike,refs/tags/v8.0.2042,tag,sha256-N/hwbH8hhG9v/PJKwvGgS/ttS4TRJeeV2zAcRNDVL4k=,https://github.com/pikelang/Pike/archive/refs/tags/v8.0.2042.tar.gz
pince,pince,0.4.5,fetchFromGitHub,https://github.com/korcankaraokcu/PINCE,korcankaraokcu,PINCE,refs/tags/v0.4.5,tag,sha256-NgoZmmcMEPGpIF3IPEIoeRPOwwuxdinBlkeP0P5eVmU=,
pinocchio,pinocchio,3.9.0,fetchFromGitHub,https://github.com/stack-of-tasks/pinocchio,stack-of-tasks,pinocchio,v3.9.0,tag,sha256-k2lT1I0wb3N/o95ol2oO6HSYHf4wKJ0SFEg8JNxZmpI=,https://github.com/stack-of-tasks/pinocchio/archive/v3.9.0.tar.gz
pistol,pistol,0.5.3,fetchFromGitHub,https://github.com/doronbehar/pistol,doronbehar,pistol,v0.5.3,tag,sha256-cL9hHehajqMIpdD10KYIbNkBt2fiRQkx81m9H3Yd1UY=,https://github.com/doronbehar/pistol/archive/v0.5.3.tar.gz
pix,pix,3.4.10,fetchFromGitHub,https://github.com/linuxmint/pix,linuxmint,pix,3.4.10,tag,sha256-IrRE2Bv2+DZMLI48at7npcAd3TSJRuZNzU/YbNK8x3k=,https://github.com/linuxmint/pix/archive/3.4.10.tar.gz
pixelorama,pixelorama,1.1.8,fetchFromGitHub,https://github.com/Orama-Interactive/Pixelorama,Orama-Interactive,Pixelorama,v1.1.8,tag,sha256-21DNwr5D8Bl2fkMnOtyB3tZrYS/1yZAxo9OkCqV+SYs=,https://github.com/Orama-Interactive/Pixelorama/archive/v1.1.8.tar.gz
pixieditor,pixieditor,2.0.1.19,fetchFromGitHub,https://github.com/PixiEditor/PixiEditor,PixiEditor,PixiEditor,refs/tags/2.0.1.19,tag,sha256-gtbgcgTyPmx8wI0XaZ4pC0s7vR7qZBAQonUObQXAQpk=,
pktgen,pktgen,24.10.3,fetchFromGitHub,https://github.com/pktgen/Pktgen-DPDK,pktgen,Pktgen-DPDK,pktgen-24.10.3,tag,sha256-6KC1k+LWNSU/mdwcUKjCaq8pGOcO+dFzeXX4PJm0QgE=,https://github.com/pktgen/Pktgen-DPDK/archive/pktgen-24.10.3.tar.gz
plasma5Packages.qtcurve,qtcurve,1.9.1,fetchFromGitHub,https://github.com/KDE/qtcurve,KDE,qtcurve,1.9.1,tag,XP9VTeiVIiMm5mkXapCKWxfcvaYCkhY3S5RXZNR3oWo=,https://github.com/KDE/qtcurve/archive/1.9.1.tar.gz
plasma5Packages.qtwebengine,qtwebengine,5.15.19,fetchFromGitHub,https://github.com/qt/qtwebengine,qt,qtwebengine,v5.15.19-lts,tag,sha256-/R4dF1nu40uH8POmx+7xnwaLNZZVgOSY3mSZLMbtvF4=,
plausible,plausible,3.0.1,fetchFromGitHub,https://github.com/plausible/analytics,plausible,analytics,v3.0.1,tag,sha256-DQIRsqkH2zgIkb3yezuJEKJ99PS031GJ+bDAeHMLNUY=,https://github.com/plausible/analytics/archive/v3.0.1.tar.gz
plik,plik,1.3.8,fetchFromGitHub,https://github.com/root-gg/plik,root-gg,plik,1.3.8,tag,sha256-WCtfkzlZnyzZDwNDBrW06bUbLYTL2C704Y7aXbiVi5c=,https://github.com/root-gg/plik/archive/1.3.8.tar.gz
plikd,plikd,1.3.8,fetchFromGitHub,https://github.com/root-gg/plik,root-gg,plik,1.3.8,tag,sha256-WCtfkzlZnyzZDwNDBrW06bUbLYTL2C704Y7aXbiVi5c=,https://github.com/root-gg/plik/archive/1.3.8.tar.gz
plink-ng,plink-ng,1.90b3,fetchFromGitHub,https://github.com/chrchang/plink-ng,chrchang,plink-ng,v1.90b3,tag,1zhffjbwpd50dxywccbnv1rxy9njwz73l4awc5j7i28rgj3davcq,https://github.com/chrchang/plink-ng/archive/v1.90b3.tar.gz
pluginval,pluginval,1.0.4,fetchFromGitHub,https://github.com/Tracktion/pluginval,Tracktion,pluginval,refs/tags/v1.0.4,tag,sha256-j4Lb3pcw0931o63OvTTaIm2UzvYDIjmnaCXGvKB4gwM=,
pluto,pluto,5.22.7,fetchFromGitHub,https://github.com/FairwindsOps/pluto,FairwindsOps,pluto,v5.22.7,tag,sha256-lB8xMkKCnQYMtwvYXbCwSsh30nbpQ/2Pl8dHA1R3bQg=,https://github.com/FairwindsOps/pluto/archive/v5.22.7.tar.gz
pmacct,pmacct,1.7.9,fetchFromGitHub,https://github.com/pmacct/pmacct,pmacct,pmacct,v1.7.9,tag,sha256-3gV6GUhTQnH09NRIJQI0xBn05Bgo3AJsE2cSxNPXITo=,https://github.com/pmacct/pmacct/archive/v1.7.9.tar.gz
pmix,pmix,5.0.10,fetchFromGitHub,https://github.com/openpmix/openpmix,openpmix,openpmix,refs/tags/v5.0.10,tag,sha256-i7DZCJeNwjcRYCp3t0GlKM1V1rU/ws22u5Ct/JZ5P1Q=,
pnetcdf,pnetcdf,1.14.1,fetchFromGitHub,https://github.com/Parallel-NetCDF/PnetCDF,Parallel-NetCDF,PnetCDF,refs/tags/checkpoint.1.14.1,tag,sha256-nz40Ji9qh6UatlLOuChsWYvHwfVNacJI87usGBcYyFk=,https://github.com/Parallel-NetCDF/PnetCDF/archive/refs/tags/checkpoint.1.14.1.tar.gz
pnmixer,pnmixer,0.7.2,fetchFromGitHub,https://github.com/nicklan/pnmixer,nicklan,pnmixer,refs/tags/v0.7.2,tag,sha256-iITliZrWZd0NvFgFzO49c94ry4T9J3jPIq61MZK6JhA=,https://github.com/nicklan/pnmixer/archive/refs/tags/v0.7.2.tar.gz
poco,poco,1.14.2,fetchFromGitHub,https://github.com/pocoproject/poco,pocoproject,poco,poco-1.14.2-release,tag,sha256-koREkrfAHWfpqITN5afiXwZg37Wve2Ftx8sr8t2bSV4=,https://github.com/pocoproject/poco/archive/poco-1.14.2-release.tar.gz
podman-desktop,podman-desktop,1.23.1,fetchFromGitHub,https://github.com/containers/podman-desktop,containers,podman-desktop,refs/tags/v1.23.1,tag,sha256-08boCPsuT09OileZUWhB8awXWHrlJzoER2Bx0WXeOHU=,https://github.com/containers/podman-desktop/archive/refs/tags/v1.23.1.tar.gz
pokefinder,pokefinder,4.3.1,fetchFromGitHub,https://github.com/Admiral-Fish/PokeFinder,Admiral-Fish,PokeFinder,v4.3.1,tag,sha256-tItPvA0f2HnY7SUSnb7A5jGwbRs7eQoS4vibBomZ9pw=,
polaris-web,polaris-web,69,fetchFromGitHub,https://github.com/agersant/polaris-web,agersant,polaris-web,refs/tags/build-69,tag,sha256-/UmAOunc/79DpZByUrzqNA7q7JNugEceKRZvyTGhtVQ=,https://github.com/agersant/polaris-web/archive/refs/tags/build-69.tar.gz
postfixadmin,postfixadmin,4.0.1,fetchFromGitHub,https://github.com/postfixadmin/postfixadmin,postfixadmin,postfixadmin,refs/tags/postfixadmin-4.0.1,tag,sha256-mr5FBURTGP2J3JMlcexXjz4GFJNqPR4rZyqHVN7+6iM=,https://github.com/postfixadmin/postfixadmin/archive/refs/tags/postfixadmin-4.0.1.tar.gz
postgrest,postgrest,14.5,fetchFromGitHub,https://github.com/PostgREST/postgrest,PostgREST,postgrest,v14.5,tag,sha256-qeFBq+d8AjwXp4YleOa0hLnBppI5+Tm1OEgB1QHWqY8=,https://github.com/PostgREST/postgrest/archive/v14.5.tar.gz
povray,povray,3.8.0-beta.2,fetchFromGitHub,https://github.com/POV-Ray/povray,POV-Ray,povray,v3.8.0-beta.2,tag,sha256-BsWalXzEnymiRbBfE/gsNyWgAqzbxEzO/EQiJpbwoKs=,https://github.com/POV-Ray/povray/archive/v3.8.0-beta.2.tar.gz
powerstat,powerstat,0.04.05,fetchFromGitHub,https://github.com/ColinIanKing/powerstat,ColinIanKing,powerstat,V0.04.05,tag,sha256-KR+Nzm9uRISNuqqnlTwfQP1jvSK4lAy//zdn7M8HPLk=,https://github.com/ColinIanKing/powerstat/archive/V0.04.05.tar.gz
ppsspp,ppsspp-sdl,1.19.3,fetchFromGitHub,https://github.com/hrydgard/ppsspp,hrydgard,ppsspp,v1.19.3,tag,sha256-71oIjUXYGFNyhcXQP65Bd2gYF6golrPR4USwS7bTxFQ=,
ppsspp-qt,ppsspp-qt,1.19.3,fetchFromGitHub,https://github.com/hrydgard/ppsspp,hrydgard,ppsspp,v1.19.3,tag,sha256-71oIjUXYGFNyhcXQP65Bd2gYF6golrPR4USwS7bTxFQ=,
ppsspp-sdl,ppsspp-sdl,1.19.3,fetchFromGitHub,https://github.com/hrydgard/ppsspp,hrydgard,ppsspp,v1.19.3,tag,sha256-71oIjUXYGFNyhcXQP65Bd2gYF6golrPR4USwS7bTxFQ=,
ppsspp-sdl-wayland,ppsspp-sdl-wayland,1.19.3,fetchFromGitHub,https://github.com/hrydgard/ppsspp,hrydgard,ppsspp,v1.19.3,tag,sha256-71oIjUXYGFNyhcXQP65Bd2gYF6golrPR4USwS7bTxFQ=,
pragtical,pragtical,3.8.2,fetchFromGitHub,https://github.com/pragtical/pragtical,pragtical,pragtical,refs/tags/v3.8.2,tag,sha256-qdOiwn9ThF5LXFNVzvr3MXVRax57bB5T5jDkm/NpgkA=,
precice,precice,3.3.1,fetchFromGitHub,https://github.com/precice/precice,precice,precice,refs/tags/v3.3.1,tag,sha256-3Cg9e1n/O1kG806X3PT7IBd6QuBM38qj9BTlzYZqfSs=,https://github.com/precice/precice/archive/refs/tags/v3.3.1.tar.gz
precious,precious,0.10.2,fetchFromGitHub,https://github.com/houseabsolute/precious,houseabsolute,precious,refs/tags/v0.10.2,tag,sha256-Yst+Z64WdgAfCbtt8R7ATzvUEY772ndtptyvFf/UkAk=,https://github.com/houseabsolute/precious/archive/refs/tags/v0.10.2.tar.gz
present-cli,present,0.2.3,fetchFromGitHub,https://github.com/terror/present,terror,present,43c10253dc31038614eba5824588dbf2716212d6A,tag,aMy8Qn1kUM7jmvD9nGjBk1XXQF1rTLfnPDJOh9d4uIg=,https://github.com/terror/present/archive/43c10253dc31038614eba5824588dbf2716212d6A.tar.gz
prisma,prisma_7,7.3.0,fetchFromGitHub,https://github.com/prisma/prisma,prisma,prisma,refs/tags/7.3.0,tag,sha256-X3tLHUJ+tSjo4DPgmo43KMXHPP5BZK14kCj7sBgjPu8=,https://github.com/prisma/prisma/archive/refs/tags/7.3.0.tar.gz
prisma_6,prisma_6,6.19.1,fetchFromGitHub,https://github.com/prisma/prisma,prisma,prisma,refs/tags/6.19.1,tag,sha256-73cnyg3NnQi2TLcGGhNYs95DRiVPz1LYStNsRw2EBNE=,https://github.com/prisma/prisma/archive/refs/tags/6.19.1.tar.gz
prisma_7,prisma_7,7.3.0,fetchFromGitHub,https://github.com/prisma/prisma,prisma,prisma,refs/tags/7.3.0,tag,sha256-X3tLHUJ+tSjo4DPgmo43KMXHPP5BZK14kCj7sBgjPu8=,https://github.com/prisma/prisma/archive/refs/tags/7.3.0.tar.gz
pritunl-client,pritunl-client,1.3.4275.94,fetchFromGitHub,https://github.com/pritunl/pritunl-client-electron,pritunl,pritunl-client-electron,1.3.4275.94,tag,sha256-a1arRI4qQy5niKV8JAyusAjheMa/LtEXPZGhngsH+TU=,https://github.com/pritunl/pritunl-client-electron/archive/1.3.4275.94.tar.gz
privatebin,privatebin,2.0.3,fetchFromGitHub,https://github.com/PrivateBin/PrivateBin,PrivateBin,PrivateBin,refs/tags/2.0.3,tag,sha256-23NzowQCuvJHenWmFGgIXFMP6oZoTLf0AZA7+uDQs5E=,https://github.com/PrivateBin/PrivateBin/archive/refs/tags/2.0.3.tar.gz
processing,processing,4.4.10,fetchFromGitHub,https://github.com/processing/processing4,processing,processing4,processing-1310-4.4.10,tag,sha256-u2wQl/VGCNJPd+k3DX2eW7gkA/RARMTSNGcoQuS/Oh8=,https://github.com/processing/processing4/archive/processing-1310-4.4.10.tar.gz
project-lemonlime,project-lemonlime,0.3.5,fetchFromGitHub,https://github.com/Project-LemonLime/Project_LemonLime,Project-LemonLime,Project_LemonLime,refs/tags/0.3.5,tag,sha256-h/aE1+ED+RkXqFcsb23rboA+Dd7kiom3XiIRqb4oYkQ=,
prometheus,prometheus,3.10.0,fetchFromGitHub,https://github.com/prometheus/prometheus,prometheus,prometheus,refs/tags/v3.10.0,tag,sha256-tTxHLngOsJ0STwfnBfuXN7CUaVgtpRGzEiFtXTWVDD4=,https://github.com/prometheus/prometheus/archive/refs/tags/v3.10.0.tar.gz
prometheus-fastly-exporter,fastly-exporter,10.2.0,fetchFromGitHub,https://github.com/fastly/fastly-exporter,fastly,fastly-exporter,v10.2.0,tag,sha256-MlEscksRj3FR6tDzCZDaQ5iOhLubqvxYdXNH7HCcpfM=,https://github.com/fastly/fastly-exporter/archive/v10.2.0.tar.gz
prometheus-frr-exporter,prometheus-frr-exporter,1.10.0,fetchFromGitHub,https://github.com/tynany/frr_exporter,tynany,frr_exporter,v1.10.0,tag,sha256-Q8OrFmj54Tvn283ZbFc+R/g3cJw5ypAvV+Qbf/6BsmM=,https://github.com/tynany/frr_exporter/archive/v1.10.0.tar.gz
prometheus-gitlab-ci-pipelines-exporter,gitlab-ci-pipelines-exporter,0.6.0,fetchFromGitHub,https://github.com/mvisonneau/gitlab-ci-pipelines-exporter,mvisonneau,gitlab-ci-pipelines-exporter,v0.6.0,tag,sha256-r/6tRecbLN9bX2+HYyk4tT0uNiAqtZwMoMMQUJ7niJI=,https://github.com/mvisonneau/gitlab-ci-pipelines-exporter/archive/v0.6.0.tar.gz
prometheus-junos-czerwonk-exporter,junos-czerwonk-exporter,0.14.4,fetchFromGitHub,https://github.com/czerwonk/junos_exporter,czerwonk,junos_exporter,0.14.4,tag,sha256-RCh81CHdFjJ6R/3wMons4v/xO+kvNa9ohnlWVGSkiyU=,https://github.com/czerwonk/junos_exporter/archive/0.14.4.tar.gz
prometheus-mongodb-exporter,mongodb_exporter,0.49.0,fetchFromGitHub,https://github.com/percona/mongodb_exporter,percona,mongodb_exporter,v0.49.0,tag,sha256-KgfJ/o+LsEF4NAlUbNdhg8of/qfaPxnd8+rHlp+URHc=,https://github.com/percona/mongodb_exporter/archive/v0.49.0.tar.gz
prometheus-nginx-exporter,nginx_exporter,1.5.1,fetchFromGitHub,https://github.com/nginxinc/nginx-prometheus-exporter,nginxinc,nginx-prometheus-exporter,v1.5.1,tag,sha256-BJf5gL+bkT6g28OVhGM29IwuLfFz3HPAo/DZzg5Eoqk=,https://github.com/nginxinc/nginx-prometheus-exporter/archive/v1.5.1.tar.gz
prometheus-redis-exporter,redis_exporter,1.81.0,fetchFromGitHub,https://github.com/oliver006/redis_exporter,oliver006,redis_exporter,v1.81.0,tag,sha256-liczKP4WlG2jGaKGJGoRSi6JKQ0Z6b8RENQHivaTXfY=,https://github.com/oliver006/redis_exporter/archive/v1.81.0.tar.gz
prometheus-squid-exporter,squid-exporter,1.13.0,fetchFromGitHub,https://github.com/boynux/squid-exporter,boynux,squid-exporter,v1.13.0,tag,sha256-UH/+YbUiAqgAJ8Xm/6cZg5imFSgA6LHU6+SHseq5IPw=,https://github.com/boynux/squid-exporter/archive/v1.13.0.tar.gz
prometheus-xmpp-alerts,prometheus-xmpp-alerts,0.6.0,fetchFromGitHub,https://github.com/jelmer/prometheus-xmpp-alerts,jelmer,prometheus-xmpp-alerts,v0.6.0,tag,sha256-kXcadJnPPhMKF/1CHMLdGCqWouAKDBFTdvPpn80yK4A=,https://github.com/jelmer/prometheus-xmpp-alerts/archive/v0.6.0.tar.gz
promscale,promscale,0.17.0,fetchFromGitHub,https://github.com/timescale/promscale,timescale,promscale,0.17.0,tag,sha256-JizUI9XRzOEHF1kAblYQRYB11z9KWX7od3lPiRN+JNI=,https://github.com/timescale/promscale/archive/0.17.0.tar.gz
promtail,promtail,3.6.6,fetchFromGitHub,https://github.com/grafana/loki,grafana,loki,v3.6.6,tag,sha256-Mdopa7Nhdcwn4VBz/R5zI3Zccuht2hIdnAeCsAS6B+0=,https://github.com/grafana/loki/archive/v3.6.6.tar.gz
protobuf,protobuf,33.5,fetchFromGitHub,https://github.com/protocolbuffers/protobuf,protocolbuffers,protobuf,refs/tags/v33.5,tag,sha256-bn8wMZSAqukZyo+fLT4O044ld53FvIfCdajr2WwM93E=,https://github.com/protocolbuffers/protobuf/archive/refs/tags/v33.5.tar.gz
protobuf_21,protobuf,21.12,fetchFromGitHub,https://github.com/protocolbuffers/protobuf,protocolbuffers,protobuf,refs/tags/v21.12,tag,sha256-VZQEFHq17UsTH5CZZOcJBKiScGV2xPJ/e6gkkVliRCU=,https://github.com/protocolbuffers/protobuf/archive/refs/tags/v21.12.tar.gz
protobuf_25,protobuf,25.8,fetchFromGitHub,https://github.com/protocolbuffers/protobuf,protocolbuffers,protobuf,refs/tags/v25.8,tag,sha256-UUUblMKN1xFknFtanq5MRVQ57dzhOV9sPqlw1J37aNE=,https://github.com/protocolbuffers/protobuf/archive/refs/tags/v25.8.tar.gz
protobuf_27,protobuf,27.5,fetchFromGitHub,https://github.com/protocolbuffers/protobuf,protocolbuffers,protobuf,refs/tags/v27.5,tag,sha256-wUXvdlz19VYpFGU9o0pap/PrwE2AkopLZJVUqfEpJVI=,https://github.com/protocolbuffers/protobuf/archive/refs/tags/v27.5.tar.gz
protobuf_29,protobuf,29.6,fetchFromGitHub,https://github.com/protocolbuffers/protobuf,protocolbuffers,protobuf,refs/tags/v29.6,tag,sha256-IIFqEKOlyQMuxzW3HNhCNM/x1gYmW7gaNu7IxY3VMAU=,https://github.com/protocolbuffers/protobuf/archive/refs/tags/v29.6.tar.gz
protobuf_30,protobuf,30.2,fetchFromGitHub,https://github.com/protocolbuffers/protobuf,protocolbuffers,protobuf,refs/tags/v30.2,tag,sha256-kkQQQPU6wk1/UMRwEMLVIR6JB29Fm6L3OrsvaeI6VAA=,https://github.com/protocolbuffers/protobuf/archive/refs/tags/v30.2.tar.gz
protobuf_31,protobuf,31.1,fetchFromGitHub,https://github.com/protocolbuffers/protobuf,protocolbuffers,protobuf,refs/tags/v31.1,tag,sha256-E8q8XupOXoCFpXyGNHArfBmVm6ebfDgaJlJyvMqpveU=,https://github.com/protocolbuffers/protobuf/archive/refs/tags/v31.1.tar.gz
protobuf_32,protobuf,32.1,fetchFromGitHub,https://github.com/protocolbuffers/protobuf,protocolbuffers,protobuf,refs/tags/v32.1,tag,sha256-wfu1MyCycGpxFB++eicA0F41j886/Y52I/4+ciRUg2o=,https://github.com/protocolbuffers/protobuf/archive/refs/tags/v32.1.tar.gz
protobuf_33,protobuf,33.5,fetchFromGitHub,https://github.com/protocolbuffers/protobuf,protocolbuffers,protobuf,refs/tags/v33.5,tag,sha256-bn8wMZSAqukZyo+fLT4O044ld53FvIfCdajr2WwM93E=,https://github.com/protocolbuffers/protobuf/archive/refs/tags/v33.5.tar.gz
protoc-gen-lint,protoc-gen-lint,0.3.0,fetchFromGitHub,https://github.com/ckaznocha/protoc-gen-lint,ckaznocha,protoc-gen-lint,refs/tags/v0.3.0,tag,sha256-8+fPkXmigP8ZqcFGCnw1KZhJQcahDjKnZUJ1eqaHhs0=,https://github.com/ckaznocha/protoc-gen-lint/archive/refs/tags/v0.3.0.tar.gz
protonmail-bridge,protonmail-bridge,3.21.2,fetchFromGitHub,https://github.com/ProtonMail/proton-bridge,ProtonMail,proton-bridge,v3.21.2,tag,sha256-IQgP+eWUCyViEBi0WFIOW2rXZLtoyVlrQrtAaqaLOv0=,https://github.com/ProtonMail/proton-bridge/archive/v3.21.2.tar.gz
protonmail-bridge-gui,protonmail-bridge-gui,3.21.2,fetchFromGitHub,https://github.com/ProtonMail/proton-bridge,ProtonMail,proton-bridge,v3.21.2,tag,sha256-IQgP+eWUCyViEBi0WFIOW2rXZLtoyVlrQrtAaqaLOv0=,https://github.com/ProtonMail/proton-bridge/archive/v3.21.2.tar.gz
ps3-disc-dumper,ps3-disc-dumper,4.4.2,fetchFromGitHub,https://github.com/13xforever/ps3-disc-dumper,13xforever,ps3-disc-dumper,refs/tags/v4.4.2,tag,sha256-IgO7MncnjL4eeaikDhOQyaEWNR3Ho1Cb56iQgf4e5Xc=,https://github.com/13xforever/ps3-disc-dumper/archive/refs/tags/v4.4.2.tar.gz
psitransfer,psitransfer,2.4.1,fetchFromGitHub,https://github.com/psi-4ward/psitransfer,psi-4ward,psitransfer,refs/tags/v2.4.1,tag,sha256-AOWtKfg7qdZhoUk6G1FphIu+7Uwaqq9dSGlV2NX+sX4=,https://github.com/psi-4ward/psitransfer/archive/refs/tags/v2.4.1.tar.gz
pueue,pueue,4.0.3,fetchFromGitHub,https://github.com/Nukesor/pueue,Nukesor,pueue,v4.0.3,tag,sha256-r28l6I12pJFRPZgVHhDEe+kPu6UXT/+j2EdeXBeTpFE=,https://github.com/Nukesor/pueue/archive/v4.0.3.tar.gz
pugixml,pugixml,1.15,fetchFromGitHub,https://github.com/zeux/pugixml,zeux,pugixml,refs/tags/v1.15,tag,sha256-t/57lg32KgKPc7qRGQtO/GOwHRqoj78lllSaE/A8Z9Q=,https://github.com/zeux/pugixml/archive/refs/tags/v1.15.tar.gz
pulsarctl,pulsarctl,4.0.4.3,fetchFromGitHub,https://github.com/streamnative/pulsarctl,streamnative,pulsarctl,v4.0.4.3,tag,sha256-acNd3nF1nHkYlw7tPoD01IjEc97dLvyAZ7yC1UDWN7s=,https://github.com/streamnative/pulsarctl/archive/v4.0.4.3.tar.gz
pw3270,pw3270,5.5.0,fetchFromGitHub,https://github.com/PerryWerneck/pw3270,PerryWerneck,pw3270,refs/tags/5.5.0,tag,sha256-thvurPyAsbcCRcanV6PwObO26LCmphdNrYYKhHDKnzE=,https://github.com/PerryWerneck/pw3270/archive/refs/tags/5.5.0.tar.gz
pwsafe,pwsafe,1.23.0,fetchFromGitHub,https://github.com/pwsafe/pwsafe,pwsafe,pwsafe,1.23.0,tag,sha256-54cwQZi93p32JxxLc2Mql2XbJPvwqA2Rfne5G+5i6eU=,https://github.com/pwsafe/pwsafe/archive/1.23.0.tar.gz
py7zr,py7zr,1.1.0,fetchFromGitHub,https://github.com/miurahr/py7zr,miurahr,py7zr,refs/tags/v1.1.0,tag,sha256-lWZni9yhS5otWL1cyi8qZx2JLExbDiTPTadKKnDB2Ds=,https://github.com/miurahr/py7zr/archive/refs/tags/v1.1.0.tar.gz
pychess,pychess,1.1.0,fetchFromGitHub,https://github.com/pychess/pychess,pychess,pychess,1.1.0,tag,sha256-MSz5RiPpmlySjljhDlkvXtO6t3UO58zx+uGsV9R6F1A=,https://github.com/pychess/pychess/archive/1.1.0.tar.gz
pyfa,pyfa,2.65.4,fetchFromGitHub,https://github.com/pyfa-org/Pyfa,pyfa-org,Pyfa,refs/tags/v2.65.4,tag,sha256-dBJmtKZD2MvQjLhz2Jcn/ldAEbo0wllXDItQu5pyrW8=,https://github.com/pyfa-org/Pyfa/archive/refs/tags/v2.65.4.tar.gz
pyglossary,pyglossary,5.2.1,fetchFromGitHub,https://github.com/ilius/pyglossary,ilius,pyglossary,refs/tags/5.2.1,tag,sha256-kxCJ5Sv/v7LOIgNrhpv2Q3ooWx/eciWOVV5YhjOWf70=,https://github.com/ilius/pyglossary/archive/refs/tags/5.2.1.tar.gz
pyglossary-gui,pyglossary,5.2.1,fetchFromGitHub,https://github.com/ilius/pyglossary,ilius,pyglossary,refs/tags/5.2.1,tag,sha256-kxCJ5Sv/v7LOIgNrhpv2Q3ooWx/eciWOVV5YhjOWf70=,https://github.com/ilius/pyglossary/archive/refs/tags/5.2.1.tar.gz
pyocd,pyocd,0.42.0,fetchFromGitHub,https://github.com/pyocd/pyOCD,pyocd,pyOCD,refs/tags/v0.42.0,tag,sha256-VSEItt+mXiV3u3SAKQc8uGiJdT6b4nER/u6BwfaX2CM=,https://github.com/pyocd/pyOCD/archive/refs/tags/v0.42.0.tar.gz
pyrseas,pyrseas,0.9.1,fetchFromGitHub,https://github.com/perseas/Pyrseas,perseas,Pyrseas,refs/tags/v0.9.1,tag,sha256-+MxnxvbLMxK1Ak+qKpKe3GHbzzC+XHO0eR7rl4ON9H4=,https://github.com/perseas/Pyrseas/archive/refs/tags/v0.9.1.tar.gz
python2,python,2.7.18.12,fetchFromGitHub,https://github.com/ActiveState/cpython,ActiveState,cpython,v2.7.18.12,tag,sha256-RuEgfpags9wJm9Xe0daotqUx4knABEUc7DvtgnQXEfE=,https://github.com/ActiveState/cpython/archive/v2.7.18.12.tar.gz
python27,python,2.7.18.12,fetchFromGitHub,https://github.com/ActiveState/cpython,ActiveState,cpython,v2.7.18.12,tag,sha256-RuEgfpags9wJm9Xe0daotqUx4knABEUc7DvtgnQXEfE=,https://github.com/ActiveState/cpython/archive/v2.7.18.12.tar.gz
python27Full,python,2.7.18.12,fetchFromGitHub,https://github.com/ActiveState/cpython,ActiveState,cpython,v2.7.18.12,tag,sha256-RuEgfpags9wJm9Xe0daotqUx4knABEUc7DvtgnQXEfE=,https://github.com/ActiveState/cpython/archive/v2.7.18.12.tar.gz
python2Full,python,2.7.18.12,fetchFromGitHub,https://github.com/ActiveState/cpython,ActiveState,cpython,v2.7.18.12,tag,sha256-RuEgfpags9wJm9Xe0daotqUx4knABEUc7DvtgnQXEfE=,https://github.com/ActiveState/cpython/archive/v2.7.18.12.tar.gz
python3Packages.adb-shell,adb-shell,0.4.4,fetchFromGitHub,https://github.com/JeffLIrion/adb_shell,JeffLIrion,adb_shell,v0.4.4,tag,sha256-pOkFUh3SEu/ch9R1lVoQn50nufQp8oI+D4/+Ybal5CA=,https://github.com/JeffLIrion/adb_shell/archive/v0.4.4.tar.gz
python3Packages.afdko,afdko,4.0.2,fetchFromGitHub,https://github.com/adobe-type-tools/afdko,adobe-type-tools,afdko,refs/tags/4.0.2,tag,0955dvbydifhgx9gswbf5drsmmghry7iyf6jwz6qczhj86clswcm,https://github.com/adobe-type-tools/afdko/archive/refs/tags/4.0.2.tar.gz
python3Packages.aiofiles,aiofiles,25.1.0,fetchFromGitHub,https://github.com/Tinche/aiofiles,Tinche,aiofiles,refs/tags/v25.1.0,tag,sha256-NBmzoUb2una3+eWqR1HraVPibaRb9I51aYwskrjxskQ=,https://github.com/Tinche/aiofiles/archive/refs/tags/v25.1.0.tar.gz
python3Packages.aiogram,aiogram,3.26.0,fetchFromGitHub,https://github.com/aiogram/aiogram,aiogram,aiogram,refs/tags/v3.26.0,tag,sha256-zhI84vLvL9enC5SGeK5u7OnFDxvlZDNkZ3MyVMFZTSU=,https://github.com/aiogram/aiogram/archive/refs/tags/v3.26.0.tar.gz
python3Packages.aiohttp-retry,aiohttp-retry,2.9.1,fetchFromGitHub,https://github.com/inyutin/aiohttp_retry,inyutin,aiohttp_retry,refs/tags/v2.9.1,tag,sha256-8S4gjeN8ktdDNd8GUsejaZdCaG/VXYPo0RJpwrrttGQ=,https://github.com/inyutin/aiohttp_retry/archive/refs/tags/v2.9.1.tar.gz
python3Packages.aiosmtplib,aiosmtplib,5.1.0,fetchFromGitHub,https://github.com/cole/aiosmtplib,cole,aiosmtplib,refs/tags/v5.1.0,tag,sha256-+aMtU8ea8yy1jxPPQGSu4kW3PX9N9qYQ90CSduPPgYc=,https://github.com/cole/aiosmtplib/archive/refs/tags/v5.1.0.tar.gz
python3Packages.aiosql,aiosql,15.0,fetchFromGitHub,https://github.com/nackjicholson/aiosql,nackjicholson,aiosql,refs/tags/15.0,tag,sha256-zKKp37tM0pBnWJuLmQhoQpWnUinLG/Nmnpv1rdM8wYM=,https://github.com/nackjicholson/aiosql/archive/refs/tags/15.0.tar.gz
python3Packages.aioswitcher,aioswitcher,6.1.0,fetchFromGitHub,https://github.com/TomerFi/aioswitcher,TomerFi,aioswitcher,refs/tags/6.1.0,tag,sha256-SCJV2r6VB1Y1ceywHkoYDsO+PRnjualGdetnQrlBKDI=,https://github.com/TomerFi/aioswitcher/archive/refs/tags/6.1.0.tar.gz
python3Packages.allure-behave,allure-behave,2.15.3,fetchFromGitHub,https://github.com/allure-framework/allure-python,allure-framework,allure-python,refs/tags/2.15.3,tag,sha256-06SKodvyoT0mYn4RmAIryZc+VyTI79KXFK+2/zuhzQ0=,https://github.com/allure-framework/allure-python/archive/refs/tags/2.15.3.tar.gz
python3Packages.allure-pytest,allure-pytest,2.15.3,fetchFromGitHub,https://github.com/allure-framework/allure-python,allure-framework,allure-python,refs/tags/2.15.3,tag,sha256-06SKodvyoT0mYn4RmAIryZc+VyTI79KXFK+2/zuhzQ0=,https://github.com/allure-framework/allure-python/archive/refs/tags/2.15.3.tar.gz
python3Packages.ament-package,ament-package,8,fetchFromGitHub,https://github.com/ament/ament_package,ament,ament_package,refs/tags/release-alpha8,tag,sha256-KaP75+95mRmSO0bRDy0LVG+kx1Z4YDn5edsvKq+UXeE=,https://github.com/ament/ament_package/archive/refs/tags/release-alpha8.tar.gz
python3Packages.annexremote,annexremote,1.6.6,fetchFromGitHub,https://github.com/Lykos153/AnnexRemote,Lykos153,AnnexRemote,refs/tags/v1.6.6,tag,sha256-RShDcqAjG+ujGzWu5S9za24WSsIWctqi3nWQ8EU4DTo=,https://github.com/Lykos153/AnnexRemote/archive/refs/tags/v1.6.6.tar.gz
python3Packages.ansimarkup,ansimarkup,2.1.0,fetchFromGitHub,https://github.com/gvalkov/python-ansimarkup,gvalkov,python-ansimarkup,refs/tags/v2.1.0,tag,sha256-+kZt8tv09RHrMRZtvJPBBiFaeCksXyrlHqIabPrXYDY=,https://github.com/gvalkov/python-ansimarkup/archive/refs/tags/v2.1.0.tar.gz
python3Packages.antlr4-python3-runtime,antlr4-python3-runtime,4.13.2,fetchFromGitHub,https://github.com/antlr/antlr4,antlr,antlr4,refs/tags/4.13.2,tag,sha256-DxxRL+FQFA+x0RudIXtLhewseU50aScHKSCDX7DE9bY=,https://github.com/antlr/antlr4/archive/refs/tags/4.13.2.tar.gz
python3Packages.anyio,anyio,4.12.1,fetchFromGitHub,https://github.com/agronholm/anyio,agronholm,anyio,refs/tags/4.12.1,tag,sha256-7rfQ6mwB2sNKc28ZPMZNgVs7TFgBUBzH6xGXmtfzX9k=,https://github.com/agronholm/anyio/archive/refs/tags/4.12.1.tar.gz
python3Packages.apache-beam,apache-beam,2.71.0,fetchFromGitHub,https://github.com/apache/beam,apache,beam,refs/tags/v2.71.0,tag,sha256-pIuRaBN1lmC3EMuUnBovl/pBmNwsDZ/vh/OM/sD9SrI=,https://github.com/apache/beam/archive/refs/tags/v2.71.0.tar.gz
python3Packages.apischema,apischema,0.18.3,fetchFromGitHub,https://github.com/wyfo/apischema,wyfo,apischema,refs/tags/v0.18.3,tag,sha256-YFJbNxCwDrJb603Bf8PDrvhVt4T53PNWOYs716c0f1I=,https://github.com/wyfo/apischema/archive/refs/tags/v0.18.3.tar.gz
python3Packages.arelle,arelle,2.38.7,fetchFromGitHub,https://github.com/Arelle/Arelle,Arelle,Arelle,refs/tags/2.38.7,tag,sha256-9ARMEXqoiBuAnj8hRrA1PqArmTMmRMP1BwASekOTQoc=,https://github.com/Arelle/Arelle/archive/refs/tags/2.38.7.tar.gz
python3Packages.arelle-headless,arelle-headless,2.38.7,fetchFromGitHub,https://github.com/Arelle/Arelle,Arelle,Arelle,refs/tags/2.38.7,tag,sha256-9ARMEXqoiBuAnj8hRrA1PqArmTMmRMP1BwASekOTQoc=,https://github.com/Arelle/Arelle/archive/refs/tags/2.38.7.tar.gz
python3Packages.argilla,argilla,2.8.0,fetchFromGitHub,https://github.com/argilla-io/argilla,argilla-io,argilla,refs/tags/v2.8.0,tag,sha256-8j7/Gtn4FnAZA3oIV7dLxKwNtigqB7AweHtQ/kzLwm4=,https://github.com/argilla-io/argilla/archive/refs/tags/v2.8.0.tar.gz
python3Packages.astropy,astropy,7.2.0,fetchFromGitHub,https://github.com/astropy/astropy,astropy,astropy,refs/tags/v7.2.0,tag,sha256-U9kCzyOZcttlUP0DUGkhJVkk96sBM/Gm/s5ZPJZcEoA=,https://github.com/astropy/astropy/archive/refs/tags/v7.2.0.tar.gz
python3Packages.astroquery,astroquery,0.4.11,fetchFromGitHub,https://github.com/astropy/astroquery,astropy,astroquery,refs/tags/v0.4.11,tag,sha256-BcdRBPnJfuW17p31xUhjBmP7Lv98CnmOTCO4aU0xpMM=,https://github.com/astropy/astroquery/archive/refs/tags/v0.4.11.tar.gz
python3Packages.asyncclick,asyncclick,8.3.0.5+async,fetchFromGitHub,https://github.com/python-trio/asyncclick,python-trio,asyncclick,refs/tags/8.3.0.5+async,tag,sha256-gKtxwI/vDB2pDrhiA+e1TClwW5nXvBRCMF3oCNoLaDo=,https://github.com/python-trio/asyncclick/archive/refs/tags/8.3.0.5+async.tar.gz
python3Packages.atlassian-python-api,atlassian-python-api,4.0.7,fetchFromGitHub,https://github.com/atlassian-api/atlassian-python-api,atlassian-api,atlassian-python-api,refs/tags/4.0.7,tag,sha256-8zfM/3apGMo6sTPA5ESu2SkgVOJUA09Wz/pGR12fA7c=,https://github.com/atlassian-api/atlassian-python-api/archive/refs/tags/4.0.7.tar.gz
python3Packages.axis,axis,66,fetchFromGitHub,https://github.com/Kane610/axis,Kane610,axis,refs/tags/v66,tag,sha256-h3ySZeGlWeWIywtZoK8LcnxaqRe6lvJ7VTds1J+Jc3M=,https://github.com/Kane610/axis/archive/refs/tags/v66.tar.gz
python3Packages.azure-ai-vision-imageanalysis,azure-ai-vision-imageanalysis,39.0.0,fetchFromGitHub,https://github.com/Azure/azure-sdk-for-python,Azure,azure-sdk-for-python,refs/tags/azure-mgmt-containerservice_39.0.0,tag,sha256-zufXc8LR4STHi/jjV0bcLsifcHIif2m+3Q/KZlsSkRw=,https://github.com/Azure/azure-sdk-for-python/archive/refs/tags/azure-mgmt-containerservice_39.0.0.tar.gz
python3Packages.azure-eventhub,azure-eventhub,39.0.0,fetchFromGitHub,https://github.com/Azure/azure-sdk-for-python,Azure,azure-sdk-for-python,refs/tags/azure-mgmt-containerservice_39.0.0,tag,sha256-zufXc8LR4STHi/jjV0bcLsifcHIif2m+3Q/KZlsSkRw=,https://github.com/Azure/azure-sdk-for-python/archive/refs/tags/azure-mgmt-containerservice_39.0.0.tar.gz
python3Packages.azure-search-documents,azure-search-documents,11.5.2,fetchFromGitHub,https://github.com/Azure/azure-sdk-for-python,Azure,azure-sdk-for-python,refs/tags/azure_search_documents_11.5.2,tag,sha256-RcVdqI50lsYed9L6Kz7faNLec1Y9zq685SGnwaEw6Qc=,https://github.com/Azure/azure-sdk-for-python/archive/refs/tags/azure_search_documents_11.5.2.tar.gz
python3Packages.bacpypes,bacpypes,0.18.6,fetchFromGitHub,https://github.com/JoelBender/bacpypes,JoelBender,bacpypes,refs/tags/v0.18.6,tag,sha256-BHCHI36nTqBj2dkHB/Y5qkC4uJCmzbHGzSFWKNsIdbc=,https://github.com/JoelBender/bacpypes/archive/refs/tags/v0.18.6.tar.gz
python3Packages.bambi,bambi,0.17.2,fetchFromGitHub,https://github.com/bambinos/bambi,bambinos,bambi,refs/tags/0.17.2,tag,sha256-Vjv62cYDIuTLE7MxRt4Havy7DMOiMTyIixbs4LGFGGs=,https://github.com/bambinos/bambi/archive/refs/tags/0.17.2.tar.gz
python3Packages.basemap,basemap,2.0.0,fetchFromGitHub,https://github.com/matplotlib/basemap,matplotlib,basemap,refs/tags/v2.0.0,tag,sha256-1T1FTcR99KbpqiYzrd2r5h1wTcygBEU7BLZXZ8uMthU=,https://github.com/matplotlib/basemap/archive/refs/tags/v2.0.0.tar.gz
python3Packages.basemap-data,basemap-data,2.0.0,fetchFromGitHub,https://github.com/matplotlib/basemap,matplotlib,basemap,refs/tags/v2.0.0,tag,sha256-1T1FTcR99KbpqiYzrd2r5h1wTcygBEU7BLZXZ8uMthU=,https://github.com/matplotlib/basemap/archive/refs/tags/v2.0.0.tar.gz
python3Packages.basemap-data-hires,basemap-data-hires,2.0.0,fetchFromGitHub,https://github.com/matplotlib/basemap,matplotlib,basemap,refs/tags/v2.0.0,tag,sha256-1T1FTcR99KbpqiYzrd2r5h1wTcygBEU7BLZXZ8uMthU=,https://github.com/matplotlib/basemap/archive/refs/tags/v2.0.0.tar.gz
python3Packages.batchspawner,batchspawner,1.3.0,fetchFromGitHub,https://github.com/jupyterhub/batchspawner,jupyterhub,batchspawner,refs/tags/v1.3.0,tag,sha256-Z7kB8b7s11wokTachLI/N+bdUV+FfCRTemL1KYQpzio=,https://github.com/jupyterhub/batchspawner/archive/refs/tags/v1.3.0.tar.gz
python3Packages.bayespy,bayespy,0.6.1,fetchFromGitHub,https://github.com/bayespy/bayespy,bayespy,bayespy,refs/tags/0.6.1,tag,sha256-kx87XY4GCL1PQIeZyovEbrPyCC/EVA6Hdvt+3P/D6VI=,https://github.com/bayespy/bayespy/archive/refs/tags/0.6.1.tar.gz
python3Packages.beancount,beancount,3.2.0,fetchFromGitHub,https://github.com/beancount/beancount,beancount,beancount,refs/tags/3.2.0,tag,sha256-XWTgaBvB4/SONL44afvprZwJUVrkoda5XLGNxad0kec=,https://github.com/beancount/beancount/archive/refs/tags/3.2.0.tar.gz
python3Packages.bentoml,bentoml,1.4.33,fetchFromGitHub,https://github.com/bentoml/BentoML,bentoml,BentoML,refs/tags/v1.4.33,tag,sha256-SR84EeZ9WNoaRDG4uklYhlFSDigZv81XX3VlKCn/7Zw=,https://github.com/bentoml/BentoML/archive/refs/tags/v1.4.33.tar.gz
python3Packages.bibtexparser,bibtexparser,1.4.4,fetchFromGitHub,https://github.com/sciunto-org/python-bibtexparser,sciunto-org,python-bibtexparser,refs/tags/v1.4.4,tag,sha256-9zLJZAk2IBYTL7lACh6erY7A44XFZGJCr8dcpYlwKRI=,https://github.com/sciunto-org/python-bibtexparser/archive/refs/tags/v1.4.4.tar.gz
python3Packages.bibtexparser_2,bibtexparser,2.0.0b9,fetchFromGitHub,https://github.com/sciunto-org/python-bibtexparser,sciunto-org,python-bibtexparser,refs/tags/v2.0.0b9,tag,sha256-viBY2hZXsXsfjpi7zMFh3CwQFOKL41F3x0IKULelo/o=,https://github.com/sciunto-org/python-bibtexparser/archive/refs/tags/v2.0.0b9.tar.gz
python3Packages.billiard,billiard,4.2.4,fetchFromGitHub,https://github.com/celery/billiard,celery,billiard,refs/tags/v4.2.4,tag,sha256-7DwS3fdYhMNVYR0RIoMFyxNpj56VrGlbF4mIgLKPrOQ=,https://github.com/celery/billiard/archive/refs/tags/v4.2.4.tar.gz
python3Packages.bitsandbytes,bitsandbytes,0.49.1,fetchFromGitHub,https://github.com/bitsandbytes-foundation/bitsandbytes,bitsandbytes-foundation,bitsandbytes,refs/tags/0.49.1,tag,sha256-nNhxDJITXNIZMXuZdzpF5dl1K1kFEVQ0gbTqZnOf/sI=,https://github.com/bitsandbytes-foundation/bitsandbytes/archive/refs/tags/0.49.1.tar.gz
python3Packages.blis,blis,1.3.3,fetchFromGitHub,https://github.com/explosion/cython-blis,explosion,cython-blis,refs/tags/release-v1.3.3,tag,sha256-CCy5vYjj4pCOfpKSEjdHsA6XTW7Wl3UVN8FHUsAhmVk=,https://github.com/explosion/cython-blis/archive/refs/tags/release-v1.3.3.tar.gz
python3Packages.blockdiag,blockdiag,3.0.0,fetchFromGitHub,https://github.com/blockdiag/blockdiag,blockdiag,blockdiag,refs/tags/3.0.0,tag,sha256-j8FoNUIJJOaahaol1MRPyY2jcPCEIlaAD4bmM2QKFFI=,https://github.com/blockdiag/blockdiag/archive/refs/tags/3.0.0.tar.gz
python3Packages.bork,bork,10.0.3,fetchFromGitHub,https://github.com/duckinator/bork,duckinator,bork,refs/tags/v10.0.3,tag,sha256-/euPRR6TRCAAl42CHePfUr+9Kh271iLjTayUR1S/FBg=,https://github.com/duckinator/bork/archive/refs/tags/v10.0.3.tar.gz
python3Packages.breezy,breezy,3.3.21,fetchFromGitHub,https://github.com/breezy-team/breezy,breezy-team,breezy,refs/tags/brz-3.3.21,tag,sha256-S8YHFEWiSnkBFO75jMuEcvVZSnoV9SGCH/Ueodq2zow=,https://github.com/breezy-team/breezy/archive/refs/tags/brz-3.3.21.tar.gz
python3Packages.brother,brother,6.0.0,fetchFromGitHub,https://github.com/bieniu/brother,bieniu,brother,refs/tags/6.0.0,tag,sha256-kvR4891kaZFHKZhtgrrgtGJZUIwoYE5CsGUEQM7eKvs=,https://github.com/bieniu/brother/archive/refs/tags/6.0.0.tar.gz
python3Packages.buienradar,buienradar,1.0.9,fetchFromGitHub,https://github.com/mjj4791/python-buienradar,mjj4791,python-buienradar,refs/tags/1.0.9,tag,sha256-DTdxzBe9fBOH5fHME++oq62xMtBKnjY7BCevwjl8VZ8=,https://github.com/mjj4791/python-buienradar/archive/refs/tags/1.0.9.tar.gz
python3Packages.build,build,1.4.0,fetchFromGitHub,https://github.com/pypa/build,pypa,build,refs/tags/1.4.0,tag,sha256-otaAFL87o+1YB5/ar2rlOpDjFCWOKs+gfqZImuWH8IA=,https://github.com/pypa/build/archive/refs/tags/1.4.0.tar.gz
python3Packages.bump-my-version,bump-my-version,1.2.7,fetchFromGitHub,https://github.com/callowayproject/bump-my-version,callowayproject,bump-my-version,refs/tags/1.2.7,tag,sha256-fqbh1Ul1TzB2/HkTTlGFoUO6/hLNLNykcXjNb6I+Kpc=,https://github.com/callowayproject/bump-my-version/archive/refs/tags/1.2.7.tar.gz
python3Packages.busypie,busypie,0.6.1,fetchFromGitHub,https://github.com/rockem/busypie,rockem,busypie,refs/tags/v0.6.1,tag,sha256-MIwME5QM0BDpYP9frraJP/1v0lTZpPzgbqAawpGAcU0=,https://github.com/rockem/busypie/archive/refs/tags/v0.6.1.tar.gz
python3Packages.bx-python,bx-python,0.14.0,fetchFromGitHub,https://github.com/bxlab/bx-python,bxlab,bx-python,refs/tags/v0.14.0,tag,sha256-WZjCPggAlC+L/SagC4TXJXNrFG85BmjO7FaV2GxrYYA=,https://github.com/bxlab/bx-python/archive/refs/tags/v0.14.0.tar.gz
python3Packages.bytewax,bytewax,0.21.1,fetchFromGitHub,https://github.com/bytewax/bytewax,bytewax,bytewax,refs/tags/v0.21.1,tag,sha256-O5q1Jd3AMUaQwfQM249CUnkjqEkXybxtM9SOISoULZk=,https://github.com/bytewax/bytewax/archive/refs/tags/v0.21.1.tar.gz
python3Packages.cachetools,cachetools,6.2.4,fetchFromGitHub,https://github.com/tkem/cachetools,tkem,cachetools,refs/tags/v6.2.4,tag,sha256-LlDyrjiRYCD9btDl5NA0Seb3jk3hlpNhwu0jAQp9YZE=,https://github.com/tkem/cachetools/archive/refs/tags/v6.2.4.tar.gz
python3Packages.casadi,casadi,3.7.2,fetchFromGitHub,https://github.com/casadi/casadi,casadi,casadi,refs/tags/3.7.2,tag,sha256-I6CYtKVvE67NSYH/JGJFP5wHhm1xACctz7uTwOFFihA=,https://github.com/casadi/casadi/archive/refs/tags/3.7.2.tar.gz
python3Packages.celery,celery,5.6.2,fetchFromGitHub,https://github.com/celery/celery,celery,celery,refs/tags/v5.6.2,tag,sha256-S84hLGwVVgxnUB6wnqU58tN56t/tQ79ZUni/iP5sx94=,https://github.com/celery/celery/archive/refs/tags/v5.6.2.tar.gz
python3Packages.cement,cement,3.0.14,fetchFromGitHub,https://github.com/datafolklabs/cement,datafolklabs,cement,refs/tags/3.0.14,tag,sha256-hZ9kKQmMomjy5nnHKQ2RWB+6vIID8XMn3qutg0wCBq8=,https://github.com/datafolklabs/cement/archive/refs/tags/3.0.14.tar.gz
python3Packages.cflib,cflib,0.1.31,fetchFromGitHub,https://github.com/bitcraze/crazyflie-lib-python,bitcraze,crazyflie-lib-python,refs/tags/0.1.31,tag,sha256-PYAkN52dx1qeRKoe5FwpKj1A4oJNYb7Dx8vko9Pwspw=,https://github.com/bitcraze/crazyflie-lib-python/archive/refs/tags/0.1.31.tar.gz
python3Packages.checkdmarc,checkdmarc,5.13.4,fetchFromGitHub,https://github.com/domainaware/checkdmarc,domainaware,checkdmarc,refs/tags/5.13.4,tag,sha256-Ve7kGCD/4NMAOGTULvCYt1NTicD8+gSgy5eu0dAu5RA=,https://github.com/domainaware/checkdmarc/archive/refs/tags/5.13.4.tar.gz
python3Packages.chess,chess,1.11.2,fetchFromGitHub,https://github.com/niklasf/python-chess,niklasf,python-chess,refs/tags/v1.11.2,tag,sha256-8LOp4HQI9UOdaj4/jwd79ftdnaO4HtzMVf1cwcYFCiA=,https://github.com/niklasf/python-chess/archive/refs/tags/v1.11.2.tar.gz
python3Packages.chipwhisperer,chipwhisperer,5.7.0,fetchFromGitHub,https://github.com/newaetech/chipwhisperer,newaetech,chipwhisperer,refs/tags/5.7.0,tag,sha256-C7QP044QEP7vmz1lMseLtMTYoKn5SoFV/q9URY7yQ6I=,https://github.com/newaetech/chipwhisperer/archive/refs/tags/5.7.0.tar.gz
python3Packages.chromadb,chromadb,1.5.0,fetchFromGitHub,https://github.com/chroma-core/chroma,chroma-core,chroma,refs/tags/1.5.0,tag,sha256-cjSWgXE5FiTIHzTjkpnaikKCgzLazG1wZYh2J0JbJ2Y=,https://github.com/chroma-core/chroma/archive/refs/tags/1.5.0.tar.gz
python3Packages.click,click,8.3.1,fetchFromGitHub,https://github.com/pallets/click,pallets,click,refs/tags/8.3.1,tag,sha256-MbaIQJr6GbM8JwdbUkbeC8TqWN5dH82pFOqHwJE2PBA=,https://github.com/pallets/click/archive/refs/tags/8.3.1.tar.gz
python3Packages.click-odoo,click-odoo,1.8.0,fetchFromGitHub,https://github.com/acsone/click-odoo,acsone,click-odoo,refs/tags/1.8.0,tag,sha256-dUTAu02iSA0YvF/nQYOyb5gzbT8zMedXXwU7yONBrl4=,https://github.com/acsone/click-odoo/archive/refs/tags/1.8.0.tar.gz
python3Packages.clingo,clingo,5.8.0,fetchFromGitHub,https://github.com/potassco/clingo,potassco,clingo,refs/tags/v5.8.0,tag,sha256-VhfWGAcrq4aN5Tgz84v7vLOWexsA89vRaang58SXVyI=,https://github.com/potassco/clingo/archive/refs/tags/v5.8.0.tar.gz
python3Packages.cma,cma,4.4.1,fetchFromGitHub,https://github.com/CMA-ES/pycma,CMA-ES,pycma,refs/tags/r4.4.1,tag,sha256-06QPs2hbrIbrPRWidlZYf0jcMGdcDYfg89Ad+4IX/Co=,https://github.com/CMA-ES/pycma/archive/refs/tags/r4.4.1.tar.gz
python3Packages.cobble,cobble,0.1.4,fetchFromGitHub,https://github.com/mwilliamson/python-cobble,mwilliamson,python-cobble,refs/tags/0.1.4,tag,sha256-xi6cCSUnMYc5Tp6+TQlC9Oo9kpam5C7QGCul/IoTW1k=,https://github.com/mwilliamson/python-cobble/archive/refs/tags/0.1.4.tar.gz
python3Packages.conduit,conduit,0.9.5,fetchFromGitHub,https://github.com/LLNL/conduit,LLNL,conduit,refs/tags/v0.9.5,tag,sha256-mX7/5C4wd70Kx1rQyo2BcZMwDRqvxo4fBdz3pq7PuvM=,
python3Packages.conduit-mpi,conduit,0.9.5,fetchFromGitHub,https://github.com/LLNL/conduit,LLNL,conduit,refs/tags/v0.9.5,tag,sha256-mX7/5C4wd70Kx1rQyo2BcZMwDRqvxo4fBdz3pq7PuvM=,
python3Packages.configshell-fb,configshell-fb,2.0.2,fetchFromGitHub,https://github.com/open-iscsi/configshell-fb,open-iscsi,configshell-fb,refs/tags/v2.0.2,tag,sha256-B5VEihg97r8BsKJdk1+LGyKb64QC+u/3ftumFXYTn6s=,https://github.com/open-iscsi/configshell-fb/archive/refs/tags/v2.0.2.tar.gz
python3Packages.confluent-kafka,confluent-kafka,2.13.0,fetchFromGitHub,https://github.com/confluentinc/confluent-kafka-python,confluentinc,confluent-kafka-python,refs/tags/v2.13.0,tag,sha256-VnZf6YvvpOs9/9uJHJvcmF56Ra9hhsoqrVisDuf+C6w=,https://github.com/confluentinc/confluent-kafka-python/archive/refs/tags/v2.13.0.tar.gz
python3Packages.connexion,connexion,3.3.0,fetchFromGitHub,https://github.com/spec-first/connexion,spec-first,connexion,refs/tags/3.3.0,tag,sha256-mUnot9kdUgpxMXjKnkRzK9Dp2c7ibJzv4qX61ZPuJHM=,https://github.com/spec-first/connexion/archive/refs/tags/3.3.0.tar.gz
python3Packages.construct,construct,2.10.70,fetchFromGitHub,https://github.com/construct/construct,construct,construct,refs/tags/v2.10.70,tag,sha256-5otjjIyje0+z/Y/C2ivmu08PNm0oJcSSvZkQfGxHDuQ=,https://github.com/construct/construct/archive/refs/tags/v2.10.70.tar.gz
python3Packages.coolname,coolname,2.2.0,fetchFromGitHub,https://github.com/alexanderlukanin13/coolname,alexanderlukanin13,coolname,refs/tags/2.2.0,tag,sha256-6po9SJGVvOEoSSBtRsbbFE59APFrSkF7uQqaJA8ejoU=,https://github.com/alexanderlukanin13/coolname/archive/refs/tags/2.2.0.tar.gz
python3Packages.cuda-bindings,cuda-bindings,12.8.0,fetchFromGitHub,https://github.com/NVIDIA/cuda-python,NVIDIA,cuda-python,refs/tags/v12.8.0,tag,sha256-7e9w70KkC6Pcvyu6Cwt5Asrc3W9TgsjiGvArRTer6Oc=,https://github.com/NVIDIA/cuda-python/archive/refs/tags/v12.8.0.tar.gz
python3Packages.cvxpy,cvxpy,1.8.1,fetchFromGitHub,https://github.com/cvxpy/cvxpy,cvxpy,cvxpy,refs/tags/v1.8.1,tag,sha256-7bLvVvOthbEe+Ry/NQCxP5El9K8qITIGwJzypooT2mw=,https://github.com/cvxpy/cvxpy/archive/refs/tags/v1.8.1.tar.gz
python3Packages.cwl-upgrader,cwl-upgrader,1.2.14,fetchFromGitHub,https://github.com/common-workflow-language/cwl-upgrader,common-workflow-language,cwl-upgrader,refs/tags/v1.2.14,tag,sha256-bkICax7HIEo8ypttXgDmCl82JfVkV2T11fLRK1/0hz8=,https://github.com/common-workflow-language/cwl-upgrader/archive/refs/tags/v1.2.14.tar.gz
python3Packages.cx-freeze,cx-freeze,8.5.3,fetchFromGitHub,https://github.com/marcelotduarte/cx_Freeze,marcelotduarte,cx_Freeze,refs/tags/8.5.3,tag,sha256-tV2i0o6D/Cz0ePYgJN+c4VgMkhVhO/2xhPX8vsasFPs=,https://github.com/marcelotduarte/cx_Freeze/archive/refs/tags/8.5.3.tar.gz
python3Packages.cymem,cymem,2.0.13,fetchFromGitHub,https://github.com/explosion/cymem,explosion,cymem,refs/tags/release-v2.0.13,tag,sha256-n65tkACZi1G4qS/VQWB5ghopzCd5QHRyp9qit+yENIs=,https://github.com/explosion/cymem/archive/refs/tags/release-v2.0.13.tar.gz
python3Packages.cython,cython,3.2.4,fetchFromGitHub,https://github.com/cython/cython,cython,cython,refs/tags/3.2.4,tag,sha256-8J5EcaQXexWEA+se5rCR06CwlEYao2XK5TnVNgFGHYQ=,https://github.com/cython/cython/archive/refs/tags/3.2.4.tar.gz
python3Packages.cython_0,cython,0.29.37.1,fetchFromGitHub,https://github.com/cython/cython,cython,cython,refs/tags/0.29.37.1,tag,sha256-XsEy2NrG7hq+VXRCRbD4BRaBieU6mVoE0GT52L3mMhs=,https://github.com/cython/cython/archive/refs/tags/0.29.37.1.tar.gz
python3Packages.cython_3_1,cython,3.1.8,fetchFromGitHub,https://github.com/cython/cython,cython,cython,refs/tags/3.1.8,tag,sha256-U/vxKpLT4BvjpIfwvZTJ93oiZJT7fvh+doz51KPRGAs=,https://github.com/cython/cython/archive/refs/tags/3.1.8.tar.gz
python3Packages.dartsim,dartsim,6.15.0,fetchFromGitHub,https://github.com/dartsim/dart,dartsim,dart,refs/tags/v6.15.0,tag,sha256-ik6FwrN5Ta1LinrXpZZc7AmzdFPoLjG07/zo1IZdmgI=,https://github.com/dartsim/dart/archive/refs/tags/v6.15.0.tar.gz
python3Packages.dask,dask,2026.1.2,fetchFromGitHub,https://github.com/dask/dask,dask,dask,refs/tags/2026.1.2,tag,sha256-cyeAU5r8uYb7aAII9HztKY+3On44/nOC9eU9stYYWzE=,https://github.com/dask/dask/archive/refs/tags/2026.1.2.tar.gz
python3Packages.dask-ml,dask-ml,2025.1.0,fetchFromGitHub,https://github.com/dask/dask-ml,dask,dask-ml,refs/tags/v2025.1.0,tag,sha256-DHxx0LFuJmGWYuG/WGHj+a5XHAEekBmlHUUb90rl2IY=,https://github.com/dask/dask-ml/archive/refs/tags/v2025.1.0.tar.gz
python3Packages.dask-yarn,dask-yarn,0.9,fetchFromGitHub,https://github.com/dask/dask-yarn,dask,dask-yarn,refs/tags/0.9,tag,sha256-/BTsxQSiVQrihrCa9DE7pueyg3aPAdjd/Dt4dpUwdtM=,https://github.com/dask/dask-yarn/archive/refs/tags/0.9.tar.gz
python3Packages.datasets,datasets,4.5.0,fetchFromGitHub,https://github.com/huggingface/datasets,huggingface,datasets,refs/tags/4.5.0,tag,sha256-K8JqIbYz3ZfT1t1h5dRGCo9kBQp0E+kElqzaw2InaOI=,https://github.com/huggingface/datasets/archive/refs/tags/4.5.0.tar.gz
python3Packages.dazl,dazl,8.8.0,fetchFromGitHub,https://github.com/digital-asset/dazl-client,digital-asset,dazl-client,refs/tags/v8.8.0,tag,sha256-8J7sSGOZSE/U8NPuOKIXtpEpvJwMUG/mctp/nN4OK5A=,https://github.com/digital-asset/dazl-client/archive/refs/tags/v8.8.0.tar.gz
python3Packages.debugpy,debugpy,1.8.20,fetchFromGitHub,https://github.com/microsoft/debugpy,microsoft,debugpy,refs/tags/v1.8.20,tag,sha256-0h2VQU5eYb0heXSFmKnwAFW0jcWc+bYllhwxfdzkGWc=,https://github.com/microsoft/debugpy/archive/refs/tags/v1.8.20.tar.gz
python3Packages.defusedxml,defusedxml,0.8.0rc2,fetchFromGitHub,https://github.com/tiran/defusedxml,tiran,defusedxml,refs/tags/v0.8.0rc2,tag,sha256-X88A5V9uXP3wJQ+olK6pZJT66LP2uCXLK8goa5bPARA=,https://github.com/tiran/defusedxml/archive/refs/tags/v0.8.0rc2.tar.gz
python3Packages.dftd4,dftd4,3.7.0,fetchFromGitHub,https://github.com/dftd4/dftd4,dftd4,dftd4,v3.7.0,tag,sha256-dixPCLH5dWkE2/7ghGEXJmX2/g1DN30dB4jX2d7fmio=,https://github.com/dftd4/dftd4/archive/v3.7.0.tar.gz
python3Packages.diofant,diofant,0.15.0,fetchFromGitHub,https://github.com/diofant/diofant,diofant,diofant,refs/tags/v0.15.0,tag,sha256-uQvAYSURDhuAKcX0WVMk4y2ZXiiq0lPZct/7A5n5t34=,https://github.com/diofant/diofant/archive/refs/tags/v0.15.0.tar.gz
python3Packages.dissect-cstruct,dissect-cstruct,4.7,fetchFromGitHub,https://github.com/fox-it/dissect.cstruct,fox-it,dissect.cstruct,refs/tags/4.7,tag,sha256-eEaKGFpArg0p3+/I2dH3mQ+eNIVJ8KsUbRcw4Ecrl7g=,https://github.com/fox-it/dissect.cstruct/archive/refs/tags/4.7.tar.gz
python3Packages.django,django,5.2.11,fetchFromGitHub,https://github.com/django/django,django,django,refs/tags/5.2.11,tag,sha256-Ldscb87ts0CPbt5uBiL3DK3qhU6SzTmsEUl90Afko84=,https://github.com/django/django/archive/refs/tags/5.2.11.tar.gz
python3Packages.django-appconf,django-appconf,1.2.0,fetchFromGitHub,https://github.com/django-compressor/django-appconf,django-compressor,django-appconf,refs/tags/v1.2.0,tag,sha256-kpytEpvibnumkQGfHBDKA0GzSB0R8o0g0f51Rv6KEhA=,https://github.com/django-compressor/django-appconf/archive/refs/tags/v1.2.0.tar.gz
python3Packages.django-auditlog,django-auditlog,3.4.1,fetchFromGitHub,https://github.com/jazzband/django-auditlog,jazzband,django-auditlog,refs/tags/v3.4.1,tag,sha256-/IOzMGRR8EP/AGP7fcqwP4GeSKXPwE6NF6AZmiF1+lA=,https://github.com/jazzband/django-auditlog/archive/refs/tags/v3.4.1.tar.gz
python3Packages.django-cache-url,django-cache-url,3.4.6,fetchFromGitHub,https://github.com/epicserve/django-cache-url,epicserve,django-cache-url,refs/tags/v3.4.6,tag,sha256-nXn/aDTMla4Pi6v93LoElxCpL6AFbbWKTd4TMFaK+Nk=,https://github.com/epicserve/django-cache-url/archive/refs/tags/v3.4.6.tar.gz
python3Packages.django-crispy-forms,django-crispy-forms,2.5,fetchFromGitHub,https://github.com/django-crispy-forms/django-crispy-forms,django-crispy-forms,django-crispy-forms,refs/tags/2.5,tag,sha256-UZw860dOmQOAHcOPn5JO5OPe0kei4Mivy5FTh25Zo1s=,https://github.com/django-crispy-forms/django-crispy-forms/archive/refs/tags/2.5.tar.gz
python3Packages.django-extensions,django-extensions,4.1,fetchFromGitHub,https://github.com/django-extensions/django-extensions,django-extensions,django-extensions,refs/tags/4.1,tag,sha256-WgO/bDe4anQCc1q2Gdq3W70yDqDgmsvn39Qf9ZNVXuE=,https://github.com/django-extensions/django-extensions/archive/refs/tags/4.1.tar.gz
python3Packages.django-maintenance-mode,django-maintenance-mode,0.22.0,fetchFromGitHub,https://github.com/fabiocaccamo/django-maintenance-mode,fabiocaccamo,django-maintenance-mode,refs/tags/0.22.0,tag,sha256-Gd6Bmir0bHsD7Xaq1N9S8bSMGQWbVCBIA8Cftzu6QB0=,https://github.com/fabiocaccamo/django-maintenance-mode/archive/refs/tags/0.22.0.tar.gz
python3Packages.django-markup,django-markup,1.10,fetchFromGitHub,https://github.com/bartTC/django-markup,bartTC,django-markup,refs/tags/v1.10,tag,sha256-LcEbN5/LbY3xWellBVK2Kfvt/XLzRJjGWcEk8h722Og=,https://github.com/bartTC/django-markup/archive/refs/tags/v1.10.tar.gz
python3Packages.django_4,django,4.2.28,fetchFromGitHub,https://github.com/django/django,django,django,refs/tags/4.2.28,tag,sha256-dxlTonT8zFIFGFrrOW4GFKOy5b0chcESxt9i9xHO8h4=,https://github.com/django/django/archive/refs/tags/4.2.28.tar.gz
python3Packages.django_5,django,5.2.11,fetchFromGitHub,https://github.com/django/django,django,django,refs/tags/5.2.11,tag,sha256-Ldscb87ts0CPbt5uBiL3DK3qhU6SzTmsEUl90Afko84=,https://github.com/django/django/archive/refs/tags/5.2.11.tar.gz
python3Packages.django_5_2,django,5.2.11,fetchFromGitHub,https://github.com/django/django,django,django,refs/tags/5.2.11,tag,sha256-Ldscb87ts0CPbt5uBiL3DK3qhU6SzTmsEUl90Afko84=,https://github.com/django/django/archive/refs/tags/5.2.11.tar.gz
python3Packages.django_6,django,6.0.2,fetchFromGitHub,https://github.com/django/django,django,django,refs/tags/6.0.2,tag,sha256-59zbILbU+G9q7hwF8IbipykZLCWEHEx+cLRglJpvuQw=,https://github.com/django/django/archive/refs/tags/6.0.2.tar.gz
python3Packages.dllogger,dllogger,1.1.0,fetchFromGitHub,https://github.com/NVIDIA/dllogger,NVIDIA,dllogger,refs/tags/v1.1.0,tag,sha256-kT6FhAl4JZlFPdzKYopAJBurYVMaU5umn/qZADfPjkE=,https://github.com/NVIDIA/dllogger/archive/refs/tags/v1.1.0.tar.gz
python3Packages.docformatter,docformatter,1.7.7,fetchFromGitHub,https://github.com/PyCQA/docformatter,PyCQA,docformatter,refs/tags/v1.7.7,tag,sha256-eLjaHso1p/nD9K0E+HkeBbnCnvjZ1sdpfww9tzBh0TI=,https://github.com/PyCQA/docformatter/archive/refs/tags/v1.7.7.tar.gz
python3Packages.docx2python,docx2python,4.0.0,fetchFromGitHub,https://github.com/ShayHill/docx2python,ShayHill,docx2python,refs/tags/4.0.0,tag,sha256-seOm5u5PDqDaPytQ8kfVr0CJV/Uv4NtWhmANWcSLp/M=,https://github.com/ShayHill/docx2python/archive/refs/tags/4.0.0.tar.gz
python3Packages.dohq-artifactory,dohq-artifactory,1.0.1,fetchFromGitHub,https://github.com/devopshq/artifactory,devopshq,artifactory,refs/tags/1.0.1,tag,sha256-oGv7sZWi/e9WWa5W82pJ6d8S2d2e9gaoGZ3P/97IWoI=,https://github.com/devopshq/artifactory/archive/refs/tags/1.0.1.tar.gz
python3Packages.dragonfly,dragonfly,0.35.0,fetchFromGitHub,https://github.com/dictation-toolbox/dragonfly,dictation-toolbox,dragonfly,refs/tags/0.35.0,tag,sha256-sqEEEr5/KG3cn4rmOGJt9zMNAjeLO6h3NJgg0EyewrM=,https://github.com/dictation-toolbox/dragonfly/archive/refs/tags/0.35.0.tar.gz
python3Packages.dulwich,dulwich,1.0.0,fetchFromGitHub,https://github.com/jelmer/dulwich,jelmer,dulwich,refs/tags/dulwich-1.0.0,tag,sha256-7/aXxwK6LmERD8CSo+b1uuNVBrXcbBvksZ1YY28vB8A=,https://github.com/jelmer/dulwich/archive/refs/tags/dulwich-1.0.0.tar.gz
python3Packages.dvc,dvc,3.66.1,fetchFromGitHub,https://github.com/iterative/dvc,iterative,dvc,refs/tags/3.66.1,tag,sha256-IvO5JEM3P0ggmufrBFv7fUBwoKzNIgWMUnOo31rYJRk=,https://github.com/iterative/dvc/archive/refs/tags/3.66.1.tar.gz
python3Packages.dynaconf,dynaconf,3.2.12,fetchFromGitHub,https://github.com/dynaconf/dynaconf,dynaconf,dynaconf,refs/tags/3.2.12,tag,sha256-DtZ4rJ425a7ootpWtMXbezyH215dJwW4HTzvGgAUnsc=,https://github.com/dynaconf/dynaconf/archive/refs/tags/3.2.12.tar.gz
python3Packages.e3-testsuite,e3-testsuite,27.2,fetchFromGitHub,https://github.com/AdaCore/e3-testsuite,AdaCore,e3-testsuite,refs/tags/v27.2,tag,sha256-qG8SHwogBle3demgFJCqcfCh5ktLvOqh2XSwxPCANFk=,https://github.com/AdaCore/e3-testsuite/archive/refs/tags/v27.2.tar.gz
python3Packages.elastic-apm,elastic-apm,6.25.0,fetchFromGitHub,https://github.com/elastic/apm-agent-python,elastic,apm-agent-python,refs/tags/v6.25.0,tag,sha256-0RNZqQqXVI7CkzcKE0qA+iOBkjkH0s7Tre/a38LPW7c=,https://github.com/elastic/apm-agent-python/archive/refs/tags/v6.25.0.tar.gz
python3Packages.emoji,emoji,2.15.0,fetchFromGitHub,https://github.com/carpedm20/emoji,carpedm20,emoji,refs/tags/v2.15.0,tag,sha256-YHf5UIxbdBS4JEPrD4BWE+wzYkzAboMpGmuMbOgR7s0=,https://github.com/carpedm20/emoji/archive/refs/tags/v2.15.0.tar.gz
python3Packages.es-client,es-client,9.0.2,fetchFromGitHub,https://github.com/untergeek/es_client,untergeek,es_client,refs/tags/v9.0.2,tag,sha256-83EBDmbZuOAVT2oYn98s6XTZrB38lx03nozAkBqHfgg=,https://github.com/untergeek/es_client/archive/refs/tags/v9.0.2.tar.gz
python3Packages.esper,esper,3.7,fetchFromGitHub,https://github.com/benmoran56/esper,benmoran56,esper,refs/tags/v3.7,tag,sha256-dOeF1CyWcR1wLjO0rTjBq6piJN8QXae4dBK4akdQIjk=,https://github.com/benmoran56/esper/archive/refs/tags/v3.7.tar.gz
python3Packages.eth-abi,eth-abi,5.2.0,fetchFromGitHub,https://github.com/ethereum/eth-abi,ethereum,eth-abi,refs/tags/v5.2.0,tag,sha256-/tyGm/lH72oZEKfTd25t+k0y3TuAZQg+hUABT4YCP2g=,https://github.com/ethereum/eth-abi/archive/refs/tags/v5.2.0.tar.gz
python3Packages.eth-typing,eth-typing,5.2.1,fetchFromGitHub,https://github.com/ethereum/eth-typing,ethereum,eth-typing,refs/tags/v5.2.1,tag,sha256-w/xYqDmtlNs9dk4lTX0zxjdlUc7l7vi8ZnSE62W0m8o=,https://github.com/ethereum/eth-typing/archive/refs/tags/v5.2.1.tar.gz
python3Packages.evohome-async,evohome-async,1.1.3,fetchFromGitHub,https://github.com/zxdavb/evohome-async,zxdavb,evohome-async,refs/tags/v1.1.3,tag,sha256-Xc5GWbKqgcIIHKBvcAIS8zL9rZeEDEkwHOhhUdnImbE=,https://github.com/zxdavb/evohome-async/archive/refs/tags/v1.1.3.tar.gz
python3Packages.evtx,evtx,0.11.0,fetchFromGitHub,https://github.com/omerbenamram/pyevtx-rs,omerbenamram,pyevtx-rs,refs/tags/0.11.0,tag,sha256-06pRNGEUmk2llD5CPbgHiJSHTR8tm/nv0eJL1UKHPEM=,https://github.com/omerbenamram/pyevtx-rs/archive/refs/tags/0.11.0.tar.gz
python3Packages.executorch,executorch,1.0.1,fetchFromGitHub,https://github.com/pytorch/executorch,pytorch,executorch,refs/tags/v1.0.1,tag,sha256-h+nmipFDO/cdPTQXrjM5EkH//wHKBAvlDIp6SBbGN/8=,
python3Packages.eyed3,eyed3,0.9.9,fetchFromGitHub,https://github.com/nicfit/eyeD3,nicfit,eyeD3,refs/tags/v0.9.9,tag,sha256-Brtxi0B52kvSU12va5X+KNtNV9cyK2TUefyZYZI87JQ=,https://github.com/nicfit/eyeD3/archive/refs/tags/v0.9.9.tar.gz
python3Packages.f3d,f3d,3.4.1,fetchFromGitHub,https://github.com/f3d-app/f3d,f3d-app,f3d,refs/tags/v3.4.1,tag,sha256-2Kcy9CF0K9jBfVc944i289jbMQdQWXW+gOiaHHchF6U=,https://github.com/f3d-app/f3d/archive/refs/tags/v3.4.1.tar.gz
python3Packages.f3d_egl,f3d,3.4.1,fetchFromGitHub,https://github.com/f3d-app/f3d,f3d-app,f3d,refs/tags/v3.4.1,tag,sha256-2Kcy9CF0K9jBfVc944i289jbMQdQWXW+gOiaHHchF6U=,https://github.com/f3d-app/f3d/archive/refs/tags/v3.4.1.tar.gz
python3Packages.fairscale,fairscale,0.4.13,fetchFromGitHub,https://github.com/facebookresearch/fairscale,facebookresearch,fairscale,refs/tags/v0.4.13,tag,sha256-L2Rl/qL6l0OLAofygzJBGQdp/2ZrgDFarwZRjyAR3dw=,https://github.com/facebookresearch/fairscale/archive/refs/tags/v0.4.13.tar.gz
python3Packages.fastnumbers,fastnumbers,5.1.1,fetchFromGitHub,https://github.com/SethMMorton/fastnumbers,SethMMorton,fastnumbers,refs/tags/5.1.1,tag,sha256-7UjUkZPGsrtdQhgisI5IA37WvgGGiEXsey9NhATy064=,https://github.com/SethMMorton/fastnumbers/archive/refs/tags/5.1.1.tar.gz
python3Packages.fastparquet,fastparquet,2025.12.0,fetchFromGitHub,https://github.com/dask/fastparquet,dask,fastparquet,refs/tags/2025.12.0,tag,sha256-cebu3E2sbVWRUYbSeuslCZhaF+zWV7E56iSwB7Ms3ts=,https://github.com/dask/fastparquet/archive/refs/tags/2025.12.0.tar.gz
python3Packages.fastremap,fastremap,1.17.7,fetchFromGitHub,https://github.com/seung-lab/fastremap,seung-lab,fastremap,refs/tags/1.17.7,tag,sha256-k3MneLLpClx0hkOqm+botD/LozyoUJW89qf0VJ3P05M=,https://github.com/seung-lab/fastremap/archive/refs/tags/1.17.7.tar.gz
python3Packages.fastrlock,fastrlock,0.8.3,fetchFromGitHub,https://github.com/scoder/fastrlock,scoder,fastrlock,refs/tags/v0.8.3,tag,sha256-NB/AR6g1ZP5Atc0zwZNuXLsxg8BM67rWnx3Q6Pb0k5k=,https://github.com/scoder/fastrlock/archive/refs/tags/v0.8.3.tar.gz
python3Packages.fedora-messaging,fedora-messaging,3.9.0,fetchFromGitHub,https://github.com/fedora-infra/fedora-messaging,fedora-infra,fedora-messaging,refs/tags/v3.9.0,tag,sha256-eQ0grcp/Cd9yKNbeUtftSmqv3uwOJCh36E6CC1Si1aY=,https://github.com/fedora-infra/fedora-messaging/archive/refs/tags/v3.9.0.tar.gz
python3Packages.findspark,findspark,2.0.1,fetchFromGitHub,https://github.com/minrk/findspark,minrk,findspark,refs/tags/2.0.1,tag,sha256-/+b1Pf+ySwlv6XP1wtHx1tx4WfYdu6GuxJVQkcX3MY8=,https://github.com/minrk/findspark/archive/refs/tags/2.0.1.tar.gz
python3Packages.fiona,fiona,1.10.1,fetchFromGitHub,https://github.com/Toblerity/Fiona,Toblerity,Fiona,refs/tags/1.10.1,tag,sha256-5NN6PBh+6HS9OCc9eC2TcBvkcwtI4DV8qXnz4tlaMXc=,https://github.com/Toblerity/Fiona/archive/refs/tags/1.10.1.tar.gz
python3Packages.fire,fire,0.7.1,fetchFromGitHub,https://github.com/google/python-fire,google,python-fire,refs/tags/v0.7.1,tag,sha256-TZLL7pzX8xPtB/9k3l5395eHrNojmqTH7PfB1kf99Io=,https://github.com/google/python-fire/archive/refs/tags/v0.7.1.tar.gz
python3Packages.fireflyalgorithm,fireflyalgorithm,0.4.6,fetchFromGitHub,https://github.com/firefly-cpp/FireflyAlgorithm,firefly-cpp,FireflyAlgorithm,refs/tags/0.4.6,tag,sha256-NMmwjKtIk8KR0YXXSXkJhiQsbjMusaLnstUWx0izCNA=,https://github.com/firefly-cpp/FireflyAlgorithm/archive/refs/tags/0.4.6.tar.gz
python3Packages.flake8-deprecated,flake8-deprecated,2.3.0,fetchFromGitHub,https://github.com/gforcada/flake8-deprecated,gforcada,flake8-deprecated,refs/tags/2.3.0,tag,sha256-KF0hWhMZEWuSPUyfStayNa5Nfss9NpTvMXPeemWbQXU=,https://github.com/gforcada/flake8-deprecated/archive/refs/tags/2.3.0.tar.gz
python3Packages.flake8-docstrings,flake8-docstrings,1.7.0,fetchFromGitHub,https://github.com/PyCQA/flake8-docstrings,PyCQA,flake8-docstrings,refs/tags/1.7.0,tag,sha256-EafLWySeHB81HRcXiDs56lbUZzGvnT87WVqln0PoLCk=,https://github.com/PyCQA/flake8-docstrings/archive/refs/tags/1.7.0.tar.gz
python3Packages.flake8-import-order,flake8-import-order,0.19.2,fetchFromGitHub,https://github.com/PyCQA/flake8-import-order,PyCQA,flake8-import-order,refs/tags/0.19.2,tag,sha256-mXw3+pQMr2Ut1prj9sCZc4jyErDOyWJgq6OBPU1nZxs=,https://github.com/PyCQA/flake8-import-order/archive/refs/tags/0.19.2.tar.gz
python3Packages.flask-cors,flask-cors,6.0.2,fetchFromGitHub,https://github.com/corydolphin/flask-cors,corydolphin,flask-cors,refs/tags/6.0.2,tag,sha256-9WlD5Qd0WiBDrVHf5nT1qAK2gtYavlPnY7qFkiAgxws=,https://github.com/corydolphin/flask-cors/archive/refs/tags/6.0.2.tar.gz
python3Packages.flowlogs-reader,flowlogs-reader,5.0.1,fetchFromGitHub,https://github.com/obsrvbl/flowlogs-reader,obsrvbl,flowlogs-reader,refs/tags/v5.0.1,tag,sha256-9UwCRLRKuIFRTh3ntAzlXCyN175J1wobT3GSLAhl+08=,https://github.com/obsrvbl/flowlogs-reader/archive/refs/tags/v5.0.1.tar.gz
python3Packages.flowmc,flowmc,0.4.5,fetchFromGitHub,https://github.com/kazewong/flowMC,kazewong,flowMC,refs/tags/flowMC-0.4.5,tag,sha256-D3K9cvmUvwsVAjvXdSDgYlqrzTYXVlSVQbfx7TANz8A=,https://github.com/kazewong/flowMC/archive/refs/tags/flowMC-0.4.5.tar.gz
python3Packages.folium,folium,0.20.0,fetchFromGitHub,https://github.com/python-visualization/folium,python-visualization,folium,refs/tags/v0.20.0,tag,sha256-yLF4TdrMVEtWvGXZGbwa3OxCkdXMsN4m45rPrGDHlCU=,https://github.com/python-visualization/folium/archive/refs/tags/v0.20.0.tar.gz
python3Packages.formulaic,formulaic,1.2.1,fetchFromGitHub,https://github.com/matthewwardrop/formulaic,matthewwardrop,formulaic,refs/tags/v1.2.1,tag,sha256-mZt+cwk/AaUmmeCj7aLu1QEBqlPUVUqQbYdgETMj/vY=,https://github.com/matthewwardrop/formulaic/archive/refs/tags/v1.2.1.tar.gz
python3Packages.freud,freud,3.5.0,fetchFromGitHub,https://github.com/glotzerlab/freud,glotzerlab,freud,refs/tags/v3.5.0,tag,sha256-NRI3cv3yQxAwkGxh0CFYEERNkjP51Z58vtCV9GlIESY=,
python3Packages.garminconnect,garminconnect,0.2.38,fetchFromGitHub,https://github.com/cyberjunky/python-garminconnect,cyberjunky,python-garminconnect,refs/tags/0.2.38,tag,sha256-d2R/ir/dxFnC4ZjLBHP+mm9JMtfPZ9VMxSRv35rE+CU=,https://github.com/cyberjunky/python-garminconnect/archive/refs/tags/0.2.38.tar.gz
python3Packages.gdal,gdal,3.12.2,fetchFromGitHub,https://github.com/OSGeo/gdal,OSGeo,gdal,refs/tags/v3.12.2,tag,sha256-W9MSZP+qmG7r2SzjOXbeYebY5vx8z8cpySv/sGyj42Y=,https://github.com/OSGeo/gdal/archive/refs/tags/v3.12.2.tar.gz
python3Packages.gdcm,python-gdcm,3.2.2,fetchFromGitHub,https://github.com/malaterre/GDCM,malaterre,GDCM,refs/tags/v3.2.2,tag,sha256-iUJrXcVHdCmL5atm6in4KvgPXbYmAYFxM6TGoZeY9EE=,https://github.com/malaterre/GDCM/archive/refs/tags/v3.2.2.tar.gz
python3Packages.geniushub-client,geniushub-client,0.7.3,fetchFromGitHub,https://github.com/manzanotti/geniushub-client,manzanotti,geniushub-client,refs/tags/v0.7.3,tag,sha256-9/LOybFJdVxImr/i/RIbrYSPZ7vA5ffdSBxzg51UM8s=,https://github.com/manzanotti/geniushub-client/archive/refs/tags/v0.7.3.tar.gz
python3Packages.gensim,gensim,4.4.0,fetchFromGitHub,https://github.com/piskvorky/gensim,piskvorky,gensim,refs/tags/4.4.0,tag,sha256-TXutcU43ReBj9ss9+zBJFUxb5JqVHpl+B0c7hqcJAJY=,https://github.com/piskvorky/gensim/archive/refs/tags/4.4.0.tar.gz
python3Packages.geometric,geometric,1.1,fetchFromGitHub,https://github.com/leeping/geomeTRIC,leeping,geomeTRIC,refs/tags/1.1,tag,sha256-hxNzyuupktUWDzZXXJNsVoC6m/kyE1fbfY5K6LiO+x0=,https://github.com/leeping/geomeTRIC/archive/refs/tags/1.1.tar.gz
python3Packages.geventhttpclient,geventhttpclient,2.3.7,fetchFromGitHub,https://github.com/geventhttpclient/geventhttpclient,geventhttpclient,geventhttpclient,refs/tags/2.3.7,tag,sha256-vca2uCQ1S21xQmAXdpLhI0DFZYUSyKhSkvETa2VqbkA=,
python3Packages.gfal2-util,gfal2-util,1.9.1,fetchFromGitHub,https://github.com/cern-fts/gfal2-util,cern-fts,gfal2-util,v1.9.1,tag,sha256-KKtbxr64FsMUIGXPk3yz66dbQVNCWoGbq3/+q47tS6Q=,https://github.com/cern-fts/gfal2-util/archive/v1.9.1.tar.gz
python3Packages.glcontext,glcontext,3.0.0,fetchFromGitHub,https://github.com/moderngl/glcontext,moderngl,glcontext,refs/tags/3.0.0,tag,sha256-GC2sb6xQjg99xLcXSynLOOyyqNwCHZwZqrs9RZh99pY=,https://github.com/moderngl/glcontext/archive/refs/tags/3.0.0.tar.gz
python3Packages.glueviz,glueviz,1.24.1,fetchFromGitHub,https://github.com/glue-viz/glue,glue-viz,glue,refs/tags/v1.24.1,tag,sha256-21XFH1fIt8vLd0blZJn6ZRmLJaof/E30zHrBVLjXOaA=,https://github.com/glue-viz/glue/archive/refs/tags/v1.24.1.tar.gz
python3Packages.graphql-core,graphql-core,3.2.7,fetchFromGitHub,https://github.com/graphql-python/graphql-core,graphql-python,graphql-core,refs/tags/v3.2.7,tag,sha256-ag8yFf6254dX2xNZMKtVBW5QtI5JOZjzgcZveuoeAss=,https://github.com/graphql-python/graphql-core/archive/refs/tags/v3.2.7.tar.gz
python3Packages.gremlinpython,gremlinpython,3.8.0,fetchFromGitHub,https://github.com/apache/tinkerpop,apache,tinkerpop,refs/tags/3.8.0,tag,sha256-dslSvtne+0mobjhjZDiO7crQE3aW5wEMWw7l3LkBTV8=,https://github.com/apache/tinkerpop/archive/refs/tags/3.8.0.tar.gz
python3Packages.habitipy,habitipy,0.3.3,fetchFromGitHub,https://github.com/ASMfreaK/habitipy,ASMfreaK,habitipy,refs/tags/v0.3.3,tag,sha256-AEeTCrxLXkokRRnNUfW4y23Qdh8ek1F88GmCPLGb84A=,https://github.com/ASMfreaK/habitipy/archive/refs/tags/v0.3.3.tar.gz
python3Packages.halide,halide,21.0.0,fetchFromGitHub,https://github.com/halide/Halide,halide,Halide,refs/tags/v21.0.0,tag,sha256-A5EnZgXc9+L+bzWHftaL74nHmP8Jf0rnT5KJAAWvKis=,https://github.com/halide/Halide/archive/refs/tags/v21.0.0.tar.gz
python3Packages.hf-transfer,hf-transfer,0.1.9,fetchFromGitHub,https://github.com/huggingface/hf_transfer,huggingface,hf_transfer,refs/tags/v0.1.9,tag,sha256-mcU3YuJVfuwBvtLfqceV3glcJcpjSX7M3VjvbvLCxZg=,https://github.com/huggingface/hf_transfer/archive/refs/tags/v0.1.9.tar.gz
python3Packages.hier-config,hier-config,3.4.1,fetchFromGitHub,https://github.com/netdevops/hier_config,netdevops,hier_config,refs/tags/v3.4.1,tag,sha256-XIRR73H2OnTqDNrwP/GkMVUGnCyWSecwMj/AOeRvpyQ=,https://github.com/netdevops/hier_config/archive/refs/tags/v3.4.1.tar.gz
python3Packages.hiredis,hiredis,3.3.0,fetchFromGitHub,https://github.com/redis/hiredis-py,redis,hiredis-py,refs/tags/v3.3.0,tag,sha256-9KIbXmEk4K2xdGM7SUV64mcSEPGQdDez9mAb/920gZs=,
python3Packages.hjson,hjson,3.0.2,fetchFromGitHub,https://github.com/hjson/hjson-py,hjson,hjson-py,refs/tags/v3.0.2,tag,sha256-VrCLHfXShF45IEhGVQpryBzjxreQEunyghazDNKRh8k=,https://github.com/hjson/hjson-py/archive/refs/tags/v3.0.2.tar.gz
python3Packages.horizon-eda,horizon-eda,2.7.2,fetchFromGitHub,https://github.com/horizon-eda/horizon,horizon-eda,horizon,v2.7.2,tag,sha256-YiTdY5FVbCSzohz0pZu8vLI2lohIbQYGAQIdQJwXAps=,https://github.com/horizon-eda/horizon/archive/v2.7.2.tar.gz
python3Packages.hstspreload,hstspreload,2026.2.1,fetchFromGitHub,https://github.com/sethmlarson/hstspreload,sethmlarson,hstspreload,refs/tags/2026.2.1,tag,sha256-sqmzV9JJy71EF1wtLlKc98KGbe8gqsKaAq+VlqXK7kg=,https://github.com/sethmlarson/hstspreload/archive/refs/tags/2026.2.1.tar.gz
python3Packages.hydra-core,hydra-core,1.3.2,fetchFromGitHub,https://github.com/facebookresearch/hydra,facebookresearch,hydra,refs/tags/v1.3.2,tag,sha256-kD4BStnstr5hwyAOxdpPzLAJ9MZqU/CPiHkaD2HnUPI=,https://github.com/facebookresearch/hydra/archive/refs/tags/v1.3.2.tar.gz
python3Packages.hydra-joblib-launcher,hydra-joblib-launcher,1.3.2,fetchFromGitHub,https://github.com/facebookresearch/hydra,facebookresearch,hydra,refs/tags/v1.3.2,tag,sha256-kD4BStnstr5hwyAOxdpPzLAJ9MZqU/CPiHkaD2HnUPI=,https://github.com/facebookresearch/hydra/archive/refs/tags/v1.3.2.tar.gz
python3Packages.hyperscan,hyperscan,0.8.0,fetchFromGitHub,https://github.com/darvid/python-hyperscan,darvid,python-hyperscan,refs/tags/v0.8.0,tag,sha256-on++eSNaVY2Q6yT/O+unvE0x/Pt/SsIQFQblIqii2sM=,https://github.com/darvid/python-hyperscan/archive/refs/tags/v0.8.0.tar.gz
python3Packages.iaqualink,iaqualink,0.6.0,fetchFromGitHub,https://github.com/flz/iaqualink-py,flz,iaqualink-py,refs/tags/v0.6.0,tag,sha256-s/ZhcbTaCvn7ei1O4+P4fKPojitl+4gsatc9PZx+W2g=,https://github.com/flz/iaqualink-py/archive/refs/tags/v0.6.0.tar.gz
python3Packages.intake,intake,2.0.8,fetchFromGitHub,https://github.com/intake/intake,intake,intake,refs/tags/2.0.8,tag,sha256-Mjf4CKLFrIti9pFP6HTt1D/iYw0WMowLIfMdfM7Db+E=,https://github.com/intake/intake/archive/refs/tags/2.0.8.tar.gz
python3Packages.invocations,invocations,4.0.2,fetchFromGitHub,https://github.com/pyinvoke/invocations,pyinvoke,invocations,refs/tags/4.0.2,tag,sha256-G6EKypqP2/coPChLwwEKZ2WIEay0qfyM8M5jKb0oS2c=,https://github.com/pyinvoke/invocations/archive/refs/tags/4.0.2.tar.gz
python3Packages.iteration-utilities,iteration-utilities,0.13.0,fetchFromGitHub,https://github.com/MSeifert04/iteration_utilities,MSeifert04,iteration_utilities,refs/tags/v0.13.0,tag,sha256-SiqNUyuvsD5m5qz5ByYyVln3SSa4/D4EHpmM+pf8ngM=,https://github.com/MSeifert04/iteration_utilities/archive/refs/tags/v0.13.0.tar.gz
python3Packages.itk,itk,5.4.5,fetchFromGitHub,https://github.com/InsightSoftwareConsortium/ITK,InsightSoftwareConsortium,ITK,refs/tags/v5.4.5,tag,sha256-THGtG3gc4LnUEn8tU735dCyIKoaIxPYPzeXCvKKGRRk=,https://github.com/InsightSoftwareConsortium/ITK/archive/refs/tags/v5.4.5.tar.gz
python3Packages.jaraco-context,jaraco-context,6.1.0,fetchFromGitHub,https://github.com/jaraco/jaraco.context,jaraco,jaraco.context,refs/tags/v6.1.0,tag,sha256-2UYG1xXnH1kjYNvB6EKJPRZJ1Zd0yYhTDBTdrNFN1p4=,https://github.com/jaraco/jaraco.context/archive/refs/tags/v6.1.0.tar.gz
python3Packages.jax,jax,0.8.2,fetchFromGitHub,https://github.com/google/jax,google,jax,refs/tags/jax-v0.8.2,tag,sha256-WKdFEhOxJPLjOXOChZbLRGcw0GFeg/TT/FT6M72C6bo=,https://github.com/google/jax/archive/refs/tags/jax-v0.8.2.tar.gz
python3Packages.jedi,jedi,0.19.2,fetchFromGitHub,https://github.com/davidhalter/jedi,davidhalter,jedi,v0.19.2,tag,sha256-2nDQJS6LIaq91PG3Av85OMFfs1ZwId00K/kvog3PGXE=,
python3Packages.jellyfish,jellyfish,1.2.1,fetchFromGitHub,https://github.com/jamesturk/jellyfish,jamesturk,jellyfish,v1.2.1,tag,sha256-jKz7FYzV66TUkJZfWDTy8GXmTZ6SU5jEdtkjYLDfS/8=,https://github.com/jamesturk/jellyfish/archive/v1.2.1.tar.gz
python3Packages.jenkinsapi,jenkinsapi,0.3.17,fetchFromGitHub,https://github.com/pycontribs/jenkinsapi,pycontribs,jenkinsapi,refs/tags/0.3.17,tag,sha256-1dTcT84cDpP9V4tVrgW2MTYx4jQj0/tZiAuakC+orUQ=,https://github.com/pycontribs/jenkinsapi/archive/refs/tags/0.3.17.tar.gz
python3Packages.jira,jira,3.10.5,fetchFromGitHub,https://github.com/pycontribs/jira,pycontribs,jira,refs/tags/3.10.5,tag,sha256-Gj9RmNJwmYQviXeNLL6WWFIO91jy6zY/s29Gy18lzyA=,https://github.com/pycontribs/jira/archive/refs/tags/3.10.5.tar.gz
python3Packages.json5,json5,0.13.0,fetchFromGitHub,https://github.com/dpranke/pyjson5,dpranke,pyjson5,refs/tags/v0.13.0,tag,sha256-KL5YsWSHS8xI+lQB+ZtdEKUHGKICOduZsBd51z4jItw=,https://github.com/dpranke/pyjson5/archive/refs/tags/v0.13.0.tar.gz
python3Packages.jsonpath-ng,jsonpath-ng,1.7.0,fetchFromGitHub,https://github.com/h2non/jsonpath-ng,h2non,jsonpath-ng,refs/tags/v1.7.0,tag,sha256-sfIqEc5SsNQYxK+Ur00fFdVoC0ysOkHrx4Cq/3SpGHw=,https://github.com/h2non/jsonpath-ng/archive/refs/tags/v1.7.0.tar.gz
python3Packages.jupyter-console,jupyter-console,6.6.3,fetchFromGitHub,https://github.com/jupyter/jupyter_console,jupyter,jupyter_console,refs/tags/v6.6.3,tag,sha256-jdSeZCspcjEQVBpJyxVnwJ5SAq+SS1bW9kqp/F/zwCQ=,https://github.com/jupyter/jupyter_console/archive/refs/tags/v6.6.3.tar.gz
python3Packages.kahip,kahip,3.22,fetchFromGitHub,https://github.com/KaHIP/KaHIP,KaHIP,KaHIP,refs/tags/v3.22,tag,sha256-uZRNATfrQgAn5Wsmpk9tU0ojXHbLJ8DOOuXRJJhkhFM=,https://github.com/KaHIP/KaHIP/archive/refs/tags/v3.22.tar.gz
python3Packages.kanidm,kanidm,1.8.5,fetchFromGitHub,https://github.com/kanidm/kanidm,kanidm,kanidm,refs/tags/v1.8.5,tag,sha256-lJX/eObXi468iFOzeFjAnNkPiQ8VbBnfqD1518LDm2s=,https://github.com/kanidm/kanidm/archive/refs/tags/v1.8.5.tar.gz
python3Packages.kivy,kivy,2.3.1,fetchFromGitHub,https://github.com/kivy/kivy,kivy,kivy,refs/tags/2.3.1,tag,sha256-q8BoF/pUTW2GMKBhNsqWDBto5+nASanWifS9AcNRc8Q=,https://github.com/kivy/kivy/archive/refs/tags/2.3.1.tar.gz
python3Packages.klayout,klayout,0.30.5,fetchFromGitHub,https://github.com/KLayout/klayout,KLayout,klayout,refs/tags/v0.30.5,tag,sha256-WigRictn6CxOPId2YitlEm43vEw+dSRWdoareD9HtMc=,https://github.com/KLayout/klayout/archive/refs/tags/v0.30.5.tar.gz
python3Packages.kombu,kombu,5.6.2,fetchFromGitHub,https://github.com/celery/kombu,celery,kombu,refs/tags/v5.6.2,tag,sha256-J0cEQsMHKethrfDVDDvIjc/iZpoCYLH9INHtgKmH9Pk=,https://github.com/celery/kombu/archive/refs/tags/v5.6.2.tar.gz
python3Packages.krakenex,krakenex,2.2.2,fetchFromGitHub,https://github.com/veox/python3-krakenex,veox,python3-krakenex,v2.2.2,tag,sha256-htldEds3vf9bjFkJAew0e0fHDLD15OTcVYybSmIp3DI=,https://github.com/veox/python3-krakenex/archive/v2.2.2.tar.gz
python3Packages.labelbox,labelbox,7.3.0,fetchFromGitHub,https://github.com/Labelbox/labelbox-python,Labelbox,labelbox-python,refs/tags/v7.3.0,tag,sha256-3xsV7X5M6s1wXYrThFC2SdvWgXAt1Hlw4OGQB/bKCCY=,https://github.com/Labelbox/labelbox-python/archive/refs/tags/v7.3.0.tar.gz
python3Packages.lammps,lammps,22Jul2025_update3,fetchFromGitHub,https://github.com/lammps/lammps,lammps,lammps,stable_22Jul2025_update3,tag,sha256-W1fy7RctSpYeQr1hAwKtrerISaQw8JAvCSJaaQicYMc=,https://github.com/lammps/lammps/archive/stable_22Jul2025_update3.tar.gz
python3Packages.ledgerwallet,ledgerwallet,0.5.3,fetchFromGitHub,https://github.com/LedgerHQ/ledgerctl,LedgerHQ,ledgerctl,v0.5.3,tag,sha256-roDfj+igDBS+sTJL4hwYNg5vZzaq+F8QvDA9NucnrMA=,https://github.com/LedgerHQ/ledgerctl/archive/v0.5.3.tar.gz
python3Packages.libarcus,libarcus,4.12.0,fetchFromGitHub,https://github.com/Ultimaker/libArcus,Ultimaker,libArcus,4.12.0,tag,sha256-X33ptwYj9YkVWqUDPP+Ic+hoIb+rwsLdQXvHLA9z+3w=,https://github.com/Ultimaker/libArcus/archive/4.12.0.tar.gz
python3Packages.libclang,libclang,21.1.8,fetchFromGitHub,https://github.com/llvm/llvm-project,llvm,llvm-project,llvmorg-21.1.8,tag,,https://github.com/llvm/llvm-project/archive/llvmorg-21.1.8.tar.gz
python3Packages.libcomps,libcomps,0.1.24,fetchFromGitHub,https://github.com/rpm-software-management/libcomps,rpm-software-management,libcomps,0.1.24,tag,sha256-O60+k3ZnSfP+wFI55s/WfgrPbvu52uXZh88Ebg3Nf+c=,https://github.com/rpm-software-management/libcomps/archive/0.1.24.tar.gz
python3Packages.libiio,libiio,0.26,fetchFromGitHub,https://github.com/analogdevicesinc/libiio,analogdevicesinc,libiio,refs/tags/v0.26,tag,sha256-nrpGccj9Q3S9wYs0/dHC3YAy5ZvTiPiSUtPY6r5WlaE=,https://github.com/analogdevicesinc/libiio/archive/refs/tags/v0.26.tar.gz
python3Packages.libpysal,libpysal,4.14.1,fetchFromGitHub,https://github.com/pysal/libpysal,pysal,libpysal,refs/tags/v4.14.1,tag,sha256-epwviJtQ97MxUA4Gpw6SJceCdBPFXnZBF13A1HiJcOo=,https://github.com/pysal/libpysal/archive/refs/tags/v4.14.1.tar.gz
python3Packages.libredwg,libredwg,0.13.3,fetchFromGitHub,https://github.com/LibreDWG/libredwg,LibreDWG,libredwg,refs/tags/0.13.3,tag,sha256-FlBHwNsqVSBE8dTDewoKkCbs8Jd/4d69MPpEFzg6Ruc=,
python3Packages.librosa,librosa,0.11.0,fetchFromGitHub,https://github.com/librosa/librosa,librosa,librosa,refs/tags/0.11.0,tag,sha256-T58J/Gi3tHzelr4enbYJi1KmO46QxE5Zlhkc0+EgvRg=,
python3Packages.libtmux,libtmux,0.53.1,fetchFromGitHub,https://github.com/tmux-python/libtmux,tmux-python,libtmux,refs/tags/v0.53.1,tag,sha256-mI6oqZ4FiWG8Xe70XV3JAm4Ula1r8JnNKLSVbs2QrGw=,https://github.com/tmux-python/libtmux/archive/refs/tags/v0.53.1.tar.gz
python3Packages.lief,lief,0.17.0,fetchFromGitHub,https://github.com/lief-project/LIEF,lief-project,LIEF,refs/tags/0.17.0,tag,sha256-icwRW9iY/MiG/x3VHqRfAU2Yk4q2hXLJsfN5Lwx37gw=,https://github.com/lief-project/LIEF/archive/refs/tags/0.17.0.tar.gz
python3Packages.llama-index,llama-index,0.14.12,fetchFromGitHub,https://github.com/run-llama/llama_index,run-llama,llama_index,refs/tags/v0.14.12,tag,sha256-grF9IToAMc3x5/40+u3lHU9RyjROWu1e3M6N1owq0f4=,https://github.com/run-llama/llama_index/archive/refs/tags/v0.14.12.tar.gz
python3Packages.llama-index-core,llama-index-core,0.14.12,fetchFromGitHub,https://github.com/run-llama/llama_index,run-llama,llama_index,refs/tags/v0.14.12,tag,sha256-grF9IToAMc3x5/40+u3lHU9RyjROWu1e3M6N1owq0f4=,https://github.com/run-llama/llama_index/archive/refs/tags/v0.14.12.tar.gz
python3Packages.lm-eval,lm-eval,0.4.11,fetchFromGitHub,https://github.com/EleutherAI/lm-evaluation-harness,EleutherAI,lm-evaluation-harness,refs/tags/v0.4.11,tag,sha256-+zhZ+I+gzoF7g0xYvlPbZFcFy2PuFOgNTFLvbmdE1R0=,https://github.com/EleutherAI/lm-evaluation-harness/archive/refs/tags/v0.4.11.tar.gz
python3Packages.locust,locust,2.43.1,fetchFromGitHub,https://github.com/locustio/locust,locustio,locust,refs/tags/2.43.1,tag,sha256-+0B4S524UjvaYl7VTZ1IY7UuBuDjUBqOvjHu0UVOi6A=,https://github.com/locustio/locust/archive/refs/tags/2.43.1.tar.gz
python3Packages.magicgui,magicgui,0.10.1,fetchFromGitHub,https://github.com/pyapp-kit/magicgui,pyapp-kit,magicgui,refs/tags/v0.10.1,tag,sha256-jpM5OpQ10cF+HBhAI9cI/gXdHMzYsgY9vtpfNq+5fIw=,https://github.com/pyapp-kit/magicgui/archive/refs/tags/v0.10.1.tar.gz
python3Packages.mail-parser,mail-parser,4.1.4,fetchFromGitHub,https://github.com/SpamScope/mail-parser,SpamScope,mail-parser,refs/tags/4.1.4,tag,sha256-wwLUD/k26utugK/Yx9eXYEdSOvrk0Cy6RkXGDnzZ+fE=,https://github.com/SpamScope/mail-parser/archive/refs/tags/4.1.4.tar.gz
python3Packages.marisa-trie,marisa-trie,1.3.1,fetchFromGitHub,https://github.com/pytries/marisa-trie,pytries,marisa-trie,refs/tags/1.3.1,tag,sha256-7T0V5levh9xjWmjJdFix0p8L3lZhfurikSWMI7Hotbs=,https://github.com/pytries/marisa-trie/archive/refs/tags/1.3.1.tar.gz
python3Packages.markdown-inline-graphviz,markdown-inline-graphviz,1.1.3,fetchFromGitHub,https://github.com/cesaremorel/markdown-inline-graphviz,cesaremorel,markdown-inline-graphviz,refs/tags/v1.1.3,tag,sha256-FUBRFImX5NOxyYAK7z5Bo8VKVQllTbEewEGZXtVMBQE=,https://github.com/cesaremorel/markdown-inline-graphviz/archive/refs/tags/v1.1.3.tar.gz
python3Packages.markupsafe,markupsafe,3.0.3,fetchFromGitHub,https://github.com/pallets/markupsafe,pallets,markupsafe,refs/tags/3.0.3,tag,sha256-2d64cItemqVM25WJIKrjExKz6v4UW2wVxM6phH1g1sE=,https://github.com/pallets/markupsafe/archive/refs/tags/3.0.3.tar.gz
python3Packages.md2pdf,md2pdf,3.1.0,fetchFromGitHub,https://github.com/jmaupetit/md2pdf,jmaupetit,md2pdf,refs/tags/v3.1.0,tag,sha256-ksccl9K0o0mZleyLe1K1ob78W2MKZksTFtu6/dZUWeg=,https://github.com/jmaupetit/md2pdf/archive/refs/tags/v3.1.0.tar.gz
python3Packages.mdtraj,mdtraj,1.11.1,fetchFromGitHub,https://github.com/mdtraj/mdtraj,mdtraj,mdtraj,refs/tags/1.11.1,tag,sha256-xSXfV/lrUy33RSOpz3FsX5HP1Wr84rKCYmEKNVVnQao=,https://github.com/mdtraj/mdtraj/archive/refs/tags/1.11.1.tar.gz
python3Packages.mdutils,mdutils,1.8.1,fetchFromGitHub,https://github.com/didix21/mdutils,didix21,mdutils,refs/tags/v1.8.1,tag,sha256-qUCiiFzbOccS7wy0LqgyZH04KlwG/FzE3a+R3z7tPF8=,https://github.com/didix21/mdutils/archive/refs/tags/v1.8.1.tar.gz
python3Packages.memray,memray,1.19.1,fetchFromGitHub,https://github.com/bloomberg/memray,bloomberg,memray,refs/tags/v1.19.1,tag,sha256-RdOtgNSkFIVl8Uve2iaJ7G0X1IHJ/Yo4h8hWP3pTV8g=,https://github.com/bloomberg/memray/archive/refs/tags/v1.19.1.tar.gz
python3Packages.meross-iot,meross-iot,0.4.10.4,fetchFromGitHub,https://github.com/albertogeniola/MerossIot,albertogeniola,MerossIot,refs/tags/0.4.10.4,tag,sha256-9y8/q218hD7BZIbjJvzwmc9bEzWZI+OrA8ERW36ya3w=,https://github.com/albertogeniola/MerossIot/archive/refs/tags/0.4.10.4.tar.gz
python3Packages.meshio,meshio,5.3.5,fetchFromGitHub,https://github.com/nschloe/meshio,nschloe,meshio,refs/tags/v5.3.5,tag,sha256-2j+5BYftCiy+g33UbsgCMWBRggGBJBx5VoEdSqQ/mV0=,https://github.com/nschloe/meshio/archive/refs/tags/v5.3.5.tar.gz
python3Packages.mininet-python,mininet,2.3.1b4,fetchFromGitHub,https://github.com/mininet/mininet,mininet,mininet,2.3.1b4,tag,sha256-Z7Vbfu0EJ4+rCpckXrt3hgxeB9N2nnyPIXgPBnpV4uw=,https://github.com/mininet/mininet/archive/2.3.1b4.tar.gz
python3Packages.mitmproxy,mitmproxy,12.2.1,fetchFromGitHub,https://github.com/mitmproxy/mitmproxy,mitmproxy,mitmproxy,refs/tags/v12.2.1,tag,sha256-z3JJOql4JacXSeo6dRbKOaL+kLlSnpKQkeXzZdzLQJo=,https://github.com/mitmproxy/mitmproxy/archive/refs/tags/v12.2.1.tar.gz
python3Packages.mitmproxy-linux,mitmproxy-linux,0.12.8,fetchFromGitHub,https://github.com/mitmproxy/mitmproxy_rs,mitmproxy,mitmproxy_rs,refs/tags/v0.12.8,tag,sha256-UKvag65KP58/4lZzbwR1sM90z8TOw/0BY3NTLZ4LKxM=,https://github.com/mitmproxy/mitmproxy_rs/archive/refs/tags/v0.12.8.tar.gz
python3Packages.mitmproxy-rs,mitmproxy-rs,0.12.8,fetchFromGitHub,https://github.com/mitmproxy/mitmproxy_rs,mitmproxy,mitmproxy_rs,refs/tags/v0.12.8,tag,sha256-UKvag65KP58/4lZzbwR1sM90z8TOw/0BY3NTLZ4LKxM=,https://github.com/mitmproxy/mitmproxy_rs/archive/refs/tags/v0.12.8.tar.gz
python3Packages.mixpanel,mixpanel,5.0.0,fetchFromGitHub,https://github.com/mixpanel/mixpanel-python,mixpanel,mixpanel-python,refs/tags/v5.0.0,tag,sha256-Q8Kn2dyID1hYjKmEv0e+R/y5dsp/JEkqCdNqQHJsOrI=,https://github.com/mixpanel/mixpanel-python/archive/refs/tags/v5.0.0.tar.gz
python3Packages.mizani,mizani,0.14.4,fetchFromGitHub,https://github.com/has2k1/mizani,has2k1,mizani,refs/tags/v0.14.4,tag,sha256-aBBT0zrBFi2LW1pU83sxeRJh0B2IXa/0UNyXMfWSyAI=,https://github.com/has2k1/mizani/archive/refs/tags/v0.14.4.tar.gz
python3Packages.mkl-service,mkl-service,2.6.1,fetchFromGitHub,https://github.com/IntelPython/mkl-service,IntelPython,mkl-service,refs/tags/2.6.1,tag,sha256-qiypoeCWUIghLmEYVOJaT4XUT7TNAJjWxnIq7HOZlkY=,https://github.com/IntelPython/mkl-service/archive/refs/tags/2.6.1.tar.gz
python3Packages.mlflow,mlflow,3.8.1,fetchFromGitHub,https://github.com/mlflow/mlflow,mlflow,mlflow,refs/tags/v3.8.1,tag,sha256-QjRFQRShVjTnCN7/+LJ0iiB/h0+P4GJJV4RaviQdS2U=,https://github.com/mlflow/mlflow/archive/refs/tags/v3.8.1.tar.gz
python3Packages.mne,mne,1.11.0,fetchFromGitHub,https://github.com/mne-tools/mne-python,mne-tools,mne-python,refs/tags/v1.11.0,tag,sha256-lssSHlWUj3TU0F/31jTFc+oFdBx1C+9aolee6M8mJtw=,https://github.com/mne-tools/mne-python/archive/refs/tags/v1.11.0.tar.gz
python3Packages.mock-open,mock-open,1.4.0,fetchFromGitHub,https://github.com/nivbend/mock-open,nivbend,mock-open,v1.4.0,tag,0qlz4y8jqxsnmqg03yp9f87rmnjrvmxm5qvm6n1218gm9k5dixbm,https://github.com/nivbend/mock-open/archive/v1.4.0.tar.gz
python3Packages.monai,monai,1.5.2,fetchFromGitHub,https://github.com/Project-MONAI/MONAI,Project-MONAI,MONAI,refs/tags/1.5.2,tag,sha256-tRHHldNQc8Rx/oXyAEMQwIYOVtzzNpwQo8V9TdWLtO8=,https://github.com/Project-MONAI/MONAI/archive/refs/tags/1.5.2.tar.gz
python3Packages.monosat,monosat,1.8.0,fetchFromGitHub,https://github.com/sambayless/monosat,sambayless,monosat,refs/tags/1.8.0,tag,0q3a8x3iih25xkp2bm842sm2hxlb8hxlls4qmvj7vzwrh4lvsl7b,https://github.com/sambayless/monosat/archive/refs/tags/1.8.0.tar.gz
python3Packages.mpi4py,mpi4py,4.1.1,fetchFromGitHub,https://github.com/mpi4py/mpi4py,mpi4py,mpi4py,refs/tags/4.1.1,tag,sha256-I7b4x3pxtfbmlbno5OIxo4HutRX3/RjdsoNtBRKgE5w=,https://github.com/mpi4py/mpi4py/archive/refs/tags/4.1.1.tar.gz
python3Packages.msticpy,msticpy,2.17.2,fetchFromGitHub,https://github.com/microsoft/msticpy,microsoft,msticpy,refs/tags/v2.17.2,tag,sha256-tzAfynPyIqvWHxzLZ67r/Q5hNBKZAJhllhEVJ69L43k=,https://github.com/microsoft/msticpy/archive/refs/tags/v2.17.2.tar.gz
python3Packages.multipart,multipart,1.3.0,fetchFromGitHub,https://github.com/defnull/multipart,defnull,multipart,refs/tags/v1.3.0,tag,sha256-6vlyoi4nayZOKyfO4jbKNzUy7G6K7mySYzkqfp+45O4=,https://github.com/defnull/multipart/archive/refs/tags/v1.3.0.tar.gz
python3Packages.mysql-connector,mysql-connector,9.6.0,fetchFromGitHub,https://github.com/mysql/mysql-connector-python,mysql,mysql-connector-python,refs/tags/9.6.0,tag,sha256-EwdJpiyplck26Tc9SiczxGieJ3GcTGMQva/fDzhzWn4=,https://github.com/mysql/mysql-connector-python/archive/refs/tags/9.6.0.tar.gz
python3Packages.napari,napari,0.6.6,fetchFromGitHub,https://github.com/napari/napari,napari,napari,refs/tags/v0.6.6,tag,sha256-F0l6GWyZ6n4HNZW7XyUk4ZBPQfrAW4DWixCaRHViDPI=,https://github.com/napari/napari/archive/refs/tags/v0.6.6.tar.gz
python3Packages.ndeflib,ndeflib,0.3.3,fetchFromGitHub,https://github.com/nfcpy/ndeflib,nfcpy,ndeflib,refs/tags/v0.3.3,tag,sha256-cpfztE+/AW7P0J7QeTDfVGYc2gEkr7gzA352hC9bdTM=,https://github.com/nfcpy/ndeflib/archive/refs/tags/v0.3.3.tar.gz
python3Packages.nebula3-python,nebula3-python,5.2.0,fetchFromGitHub,https://github.com/vesoft-inc/nebula-python,vesoft-inc,nebula-python,refs/tags/5.2.0,tag,sha256-WVbLywb/uVHWjtzXHSSlvBUwFz0p3VtiYwAl/0CcMDw=,https://github.com/vesoft-inc/nebula-python/archive/refs/tags/5.2.0.tar.gz
python3Packages.neo,neo,0.14.3,fetchFromGitHub,https://github.com/NeuralEnsemble/python-neo,NeuralEnsemble,python-neo,refs/tags/0.14.3,tag,sha256-y2MGzIfF+KrEzdjUxiDaU1ZKBK5FksX1IBJdc9RvLhM=,https://github.com/NeuralEnsemble/python-neo/archive/refs/tags/0.14.3.tar.gz
python3Packages.nest,nest,3.9,fetchFromGitHub,https://github.com/nest/nest-simulator,nest,nest-simulator,v3.9,tag,sha256-4tGLRAsJLOHl9frdo35p/uoTiT2zfstx1e+fv5+ZBCs=,https://github.com/nest/nest-simulator/archive/v3.9.tar.gz
python3Packages.neuron-full,neuron,8.2.7,fetchFromGitHub,https://github.com/neuronsimulator/nrn,neuronsimulator,nrn,refs/tags/8.2.7,tag,sha256-dmpx0Wud0IhdFvvTJuW/w1Uq6vFYaNal9n27LAqV1Qc=,
python3Packages.neuronpy,neuron,8.2.7,fetchFromGitHub,https://github.com/neuronsimulator/nrn,neuronsimulator,nrn,refs/tags/8.2.7,tag,sha256-dmpx0Wud0IhdFvvTJuW/w1Uq6vFYaNal9n27LAqV1Qc=,
python3Packages.nilearn,nilearn,0.13.1,fetchFromGitHub,https://github.com/nilearn/nilearn,nilearn,nilearn,refs/tags/0.13.1,tag,sha256-AStjr+rQoUU4WjKbn+OgT+T+xQ3cTjkKxgF6jX3SX64=,https://github.com/nilearn/nilearn/archive/refs/tags/0.13.1.tar.gz
python3Packages.nnpdf,nnpdf,4.0.9,fetchFromGitHub,https://github.com/NNPDF/nnpdf,NNPDF,nnpdf,4.0.9,tag,sha256-PyhkHlOlzKfDxUX91NkeZWjdEzFR4PW0Yh5Yz6ZA27g=,https://github.com/NNPDF/nnpdf/archive/4.0.9.tar.gz
python3Packages.nocasedict,nocasedict,2.2.0,fetchFromGitHub,https://github.com/pywbem/nocasedict,pywbem,nocasedict,refs/tags/2.2.0,tag,sha256-e3APYlmeoby0CGoEh4g6ZK27DwWi4EZdpwsRORxly+w=,https://github.com/pywbem/nocasedict/archive/refs/tags/2.2.0.tar.gz
python3Packages.notebook,notebook,7.5.3,fetchFromGitHub,https://github.com/jupyter/notebook,jupyter,notebook,refs/tags/v7.5.3,tag,sha256-Kxt4dAHqJ6q/tCtvP7QRow+pTe+Qmibw4aLy+YJFcu8=,https://github.com/jupyter/notebook/archive/refs/tags/v7.5.3.tar.gz
python3Packages.notifications-python-client,notifications-python-client,10.0.1,fetchFromGitHub,https://github.com/alphagov/notifications-python-client,alphagov,notifications-python-client,refs/tags/10.0.1,tag,sha256-k4q6FS3wjolt4+qtDQlunBLmCCPgLgrhr8zgOMEX4QU=,https://github.com/alphagov/notifications-python-client/archive/refs/tags/10.0.1.tar.gz
python3Packages.ntc-templates,ntc-templates,8.1.0,fetchFromGitHub,https://github.com/networktocode/ntc-templates,networktocode,ntc-templates,refs/tags/v8.1.0,tag,sha256-J1Icf9UG5IMYBH90Mfxd+p+rk57z2OXQENnoRAaepN4=,https://github.com/networktocode/ntc-templates/archive/refs/tags/v8.1.0.tar.gz
python3Packages.numpy,numpy,2.4.2,fetchFromGitHub,https://github.com/numpy/numpy,numpy,numpy,refs/tags/v2.4.2,tag,sha256-HFNa7siXRIBBjWrkqQd8QAPWQQsTrYFXNq2DRzVmkQk=,
python3Packages.numpy_2,numpy,2.4.2,fetchFromGitHub,https://github.com/numpy/numpy,numpy,numpy,refs/tags/v2.4.2,tag,sha256-HFNa7siXRIBBjWrkqQd8QAPWQQsTrYFXNq2DRzVmkQk=,
python3Packages.numpyro,numpyro,0.20.0,fetchFromGitHub,https://github.com/pyro-ppl/numpyro,pyro-ppl,numpyro,refs/tags/0.20.0,tag,sha256-lMga+mPQEh6RCeqXKa2KELR6RcksKJ/K32h7X7a1IcQ=,https://github.com/pyro-ppl/numpyro/archive/refs/tags/0.20.0.tar.gz
python3Packages.oauthlib,oauthlib,3.3.1,fetchFromGitHub,https://github.com/oauthlib/oauthlib,oauthlib,oauthlib,refs/tags/v3.3.1,tag,sha256-ZTmR+pTNQaRQMnUA+8hXM5VACRd8Hn62KTNooy5FQyk=,https://github.com/oauthlib/oauthlib/archive/refs/tags/v3.3.1.tar.gz
python3Packages.omegaconf,omegaconf,2.3.0,fetchFromGitHub,https://github.com/omry/omegaconf,omry,omegaconf,refs/tags/v2.3.0,tag,sha256-Qxa4uIiX5TAyQ5rFkizdev60S4iVAJ08ES6FpNqf8zI=,https://github.com/omry/omegaconf/archive/refs/tags/v2.3.0.tar.gz
python3Packages.opencensus-ext-azure,opencensus-ext-azure,1.1.15,fetchFromGitHub,https://github.com/census-instrumentation/opencensus-python,census-instrumentation,opencensus-python,refs/tags/opencensus-ext-azure@1.1.15,tag,sha256-fnqflSyNnkEy9XYoirk4iDZI1zYTRMbrYMyQ/4ge3Rs=,https://github.com/census-instrumentation/opencensus-python/archive/refs/tags/opencensus-ext-azure@1.1.15.tar.gz
python3Packages.opendal,opendal,0.46.0,fetchFromGitHub,https://github.com/apache/opendal,apache,opendal,refs/tags/v0.46.0,tag,sha256-OQGpz6o4R0Yp+1vAgFtik/l7wvHwJNcB1BhZLk+BFPg=,https://github.com/apache/opendal/archive/refs/tags/v0.46.0.tar.gz
python3Packages.openrouteservice,openrouteservice,2.3.3,fetchFromGitHub,https://github.com/GIScience/openrouteservice-py,GIScience,openrouteservice-py,v2.3.3,tag,1d5qbygb81fhpwfdm1a118r3xv45xz9n9avfkgxkvw1n8y6ywz2q,https://github.com/GIScience/openrouteservice-py/archive/v2.3.3.tar.gz
python3Packages.openshadinglanguage,openshadinglanguage,1.15.1.0,fetchFromGitHub,https://github.com/AcademySoftwareFoundation/OpenShadingLanguage,AcademySoftwareFoundation,OpenShadingLanguage,refs/tags/v1.15.1.0,tag,sha256-+PNh4xFdH8onxK0OTnQHbdupTaB2hTgDumY0krJiWUE=,https://github.com/AcademySoftwareFoundation/OpenShadingLanguage/archive/refs/tags/v1.15.1.0.tar.gz
python3Packages.opentelemetry-api,opentelemetry-api,1.34.0,fetchFromGitHub,https://github.com/open-telemetry/opentelemetry-python,open-telemetry,opentelemetry-python,refs/tags/v1.34.0,tag,sha256-fAXcS2VyDMk+UDW3ru5ZvwzXjydsY1uFcT2GvZuiGWw=,https://github.com/open-telemetry/opentelemetry-python/archive/refs/tags/v1.34.0.tar.gz
python3Packages.opentelemetry-distro,opentelemetry-distro,0.55b0,fetchFromGitHub,https://github.com/open-telemetry/opentelemetry-python-contrib,open-telemetry,opentelemetry-python-contrib,refs/tags/v0.55b0,tag,sha256-UM9ezCh3TVwyj257O0rvTCIgfrddobWcVIgJmBUj/Vo=,https://github.com/open-telemetry/opentelemetry-python-contrib/archive/refs/tags/v0.55b0.tar.gz
python3Packages.opentelemetry-exporter-otlp,opentelemetry-exporter-otlp,1.34.0,fetchFromGitHub,https://github.com/open-telemetry/opentelemetry-python,open-telemetry,opentelemetry-python,refs/tags/v1.34.0,tag,sha256-fAXcS2VyDMk+UDW3ru5ZvwzXjydsY1uFcT2GvZuiGWw=,https://github.com/open-telemetry/opentelemetry-python/archive/refs/tags/v1.34.0.tar.gz
python3Packages.opentelemetry-exporter-otlp-proto-common,opentelemetry-exporter-otlp-proto-common,1.34.0,fetchFromGitHub,https://github.com/open-telemetry/opentelemetry-python,open-telemetry,opentelemetry-python,refs/tags/v1.34.0,tag,sha256-fAXcS2VyDMk+UDW3ru5ZvwzXjydsY1uFcT2GvZuiGWw=,https://github.com/open-telemetry/opentelemetry-python/archive/refs/tags/v1.34.0.tar.gz
python3Packages.opentelemetry-exporter-otlp-proto-grpc,opentelemetry-exporter-otlp-proto-grpc,1.34.0,fetchFromGitHub,https://github.com/open-telemetry/opentelemetry-python,open-telemetry,opentelemetry-python,refs/tags/v1.34.0,tag,sha256-fAXcS2VyDMk+UDW3ru5ZvwzXjydsY1uFcT2GvZuiGWw=,https://github.com/open-telemetry/opentelemetry-python/archive/refs/tags/v1.34.0.tar.gz
python3Packages.opentelemetry-exporter-otlp-proto-http,opentelemetry-exporter-otlp-proto-http,1.34.0,fetchFromGitHub,https://github.com/open-telemetry/opentelemetry-python,open-telemetry,opentelemetry-python,refs/tags/v1.34.0,tag,sha256-fAXcS2VyDMk+UDW3ru5ZvwzXjydsY1uFcT2GvZuiGWw=,https://github.com/open-telemetry/opentelemetry-python/archive/refs/tags/v1.34.0.tar.gz
python3Packages.opentelemetry-exporter-prometheus,opentelemetry-exporter-prometheus,0.55b0,fetchFromGitHub,https://github.com/open-telemetry/opentelemetry-python,open-telemetry,opentelemetry-python,refs/tags/v1.34.0,tag,sha256-fAXcS2VyDMk+UDW3ru5ZvwzXjydsY1uFcT2GvZuiGWw=,https://github.com/open-telemetry/opentelemetry-python/archive/refs/tags/v1.34.0.tar.gz
python3Packages.opentelemetry-instrumentation,opentelemetry-instrumentation,0.55b0,fetchFromGitHub,https://github.com/open-telemetry/opentelemetry-python-contrib,open-telemetry,opentelemetry-python-contrib,refs/tags/v0.55b0,tag,sha256-UM9ezCh3TVwyj257O0rvTCIgfrddobWcVIgJmBUj/Vo=,https://github.com/open-telemetry/opentelemetry-python-contrib/archive/refs/tags/v0.55b0.tar.gz
python3Packages.opentelemetry-instrumentation-aiohttp-client,opentelemetry-instrumentation-aiohttp-client,0.55b0,fetchFromGitHub,https://github.com/open-telemetry/opentelemetry-python-contrib,open-telemetry,opentelemetry-python-contrib,refs/tags/v0.55b0,tag,sha256-UM9ezCh3TVwyj257O0rvTCIgfrddobWcVIgJmBUj/Vo=,https://github.com/open-telemetry/opentelemetry-python-contrib/archive/refs/tags/v0.55b0.tar.gz
python3Packages.opentelemetry-instrumentation-asgi,opentelemetry-instrumentation-asgi,0.55b0,fetchFromGitHub,https://github.com/open-telemetry/opentelemetry-python-contrib,open-telemetry,opentelemetry-python-contrib,refs/tags/v0.55b0,tag,sha256-UM9ezCh3TVwyj257O0rvTCIgfrddobWcVIgJmBUj/Vo=,https://github.com/open-telemetry/opentelemetry-python-contrib/archive/refs/tags/v0.55b0.tar.gz
python3Packages.opentelemetry-instrumentation-botocore,opentelemetry-instrumentation-botocore,0.55b0,fetchFromGitHub,https://github.com/open-telemetry/opentelemetry-python-contrib,open-telemetry,opentelemetry-python-contrib,refs/tags/v0.55b0,tag,sha256-UM9ezCh3TVwyj257O0rvTCIgfrddobWcVIgJmBUj/Vo=,https://github.com/open-telemetry/opentelemetry-python-contrib/archive/refs/tags/v0.55b0.tar.gz
python3Packages.opentelemetry-instrumentation-celery,opentelemetry-instrumentation-celery,0.55b0,fetchFromGitHub,https://github.com/open-telemetry/opentelemetry-python-contrib,open-telemetry,opentelemetry-python-contrib,refs/tags/v0.55b0,tag,sha256-UM9ezCh3TVwyj257O0rvTCIgfrddobWcVIgJmBUj/Vo=,https://github.com/open-telemetry/opentelemetry-python-contrib/archive/refs/tags/v0.55b0.tar.gz
python3Packages.opentelemetry-instrumentation-dbapi,opentelemetry-instrumentation-dbapi,0.55b0,fetchFromGitHub,https://github.com/open-telemetry/opentelemetry-python-contrib,open-telemetry,opentelemetry-python-contrib,refs/tags/v0.55b0,tag,sha256-UM9ezCh3TVwyj257O0rvTCIgfrddobWcVIgJmBUj/Vo=,https://github.com/open-telemetry/opentelemetry-python-contrib/archive/refs/tags/v0.55b0.tar.gz
python3Packages.opentelemetry-instrumentation-django,opentelemetry-instrumentation-django,0.55b0,fetchFromGitHub,https://github.com/open-telemetry/opentelemetry-python-contrib,open-telemetry,opentelemetry-python-contrib,refs/tags/v0.55b0,tag,sha256-UM9ezCh3TVwyj257O0rvTCIgfrddobWcVIgJmBUj/Vo=,https://github.com/open-telemetry/opentelemetry-python-contrib/archive/refs/tags/v0.55b0.tar.gz
python3Packages.opentelemetry-instrumentation-fastapi,opentelemetry-instrumentation-fastapi,0.55b0,fetchFromGitHub,https://github.com/open-telemetry/opentelemetry-python-contrib,open-telemetry,opentelemetry-python-contrib,refs/tags/v0.55b0,tag,sha256-UM9ezCh3TVwyj257O0rvTCIgfrddobWcVIgJmBUj/Vo=,https://github.com/open-telemetry/opentelemetry-python-contrib/archive/refs/tags/v0.55b0.tar.gz
python3Packages.opentelemetry-instrumentation-flask,opentelemetry-instrumentation-flask,0.55b0,fetchFromGitHub,https://github.com/open-telemetry/opentelemetry-python-contrib,open-telemetry,opentelemetry-python-contrib,refs/tags/v0.55b0,tag,sha256-UM9ezCh3TVwyj257O0rvTCIgfrddobWcVIgJmBUj/Vo=,https://github.com/open-telemetry/opentelemetry-python-contrib/archive/refs/tags/v0.55b0.tar.gz
python3Packages.opentelemetry-instrumentation-grpc,opentelemetry-instrumentation-grpc,0.55b0,fetchFromGitHub,https://github.com/open-telemetry/opentelemetry-python-contrib,open-telemetry,opentelemetry-python-contrib,refs/tags/v0.55b0,tag,sha256-UM9ezCh3TVwyj257O0rvTCIgfrddobWcVIgJmBUj/Vo=,https://github.com/open-telemetry/opentelemetry-python-contrib/archive/refs/tags/v0.55b0.tar.gz
python3Packages.opentelemetry-instrumentation-httpx,opentelemetry-instrumentation-httpx,0.55b0,fetchFromGitHub,https://github.com/open-telemetry/opentelemetry-python-contrib,open-telemetry,opentelemetry-python-contrib,refs/tags/v0.55b0,tag,sha256-UM9ezCh3TVwyj257O0rvTCIgfrddobWcVIgJmBUj/Vo=,https://github.com/open-telemetry/opentelemetry-python-contrib/archive/refs/tags/v0.55b0.tar.gz
python3Packages.opentelemetry-instrumentation-logging,opentelemetry-instrumentation-logging,0.55b0,fetchFromGitHub,https://github.com/open-telemetry/opentelemetry-python-contrib,open-telemetry,opentelemetry-python-contrib,refs/tags/v0.55b0,tag,sha256-UM9ezCh3TVwyj257O0rvTCIgfrddobWcVIgJmBUj/Vo=,https://github.com/open-telemetry/opentelemetry-python-contrib/archive/refs/tags/v0.55b0.tar.gz
python3Packages.opentelemetry-instrumentation-psycopg2,opentelemetry-instrumentation-psycopg2,0.55b0,fetchFromGitHub,https://github.com/open-telemetry/opentelemetry-python-contrib,open-telemetry,opentelemetry-python-contrib,refs/tags/v0.55b0,tag,sha256-UM9ezCh3TVwyj257O0rvTCIgfrddobWcVIgJmBUj/Vo=,https://github.com/open-telemetry/opentelemetry-python-contrib/archive/refs/tags/v0.55b0.tar.gz
python3Packages.opentelemetry-instrumentation-redis,opentelemetry-instrumentation-redis,0.55b0,fetchFromGitHub,https://github.com/open-telemetry/opentelemetry-python-contrib,open-telemetry,opentelemetry-python-contrib,refs/tags/v0.55b0,tag,sha256-UM9ezCh3TVwyj257O0rvTCIgfrddobWcVIgJmBUj/Vo=,https://github.com/open-telemetry/opentelemetry-python-contrib/archive/refs/tags/v0.55b0.tar.gz
python3Packages.opentelemetry-instrumentation-requests,opentelemetry-instrumentation-requests,0.55b0,fetchFromGitHub,https://github.com/open-telemetry/opentelemetry-python-contrib,open-telemetry,opentelemetry-python-contrib,refs/tags/v0.55b0,tag,sha256-UM9ezCh3TVwyj257O0rvTCIgfrddobWcVIgJmBUj/Vo=,https://github.com/open-telemetry/opentelemetry-python-contrib/archive/refs/tags/v0.55b0.tar.gz
python3Packages.opentelemetry-instrumentation-sqlalchemy,opentelemetry-instrumentation-sqlalchemy,0.55b0,fetchFromGitHub,https://github.com/open-telemetry/opentelemetry-python-contrib,open-telemetry,opentelemetry-python-contrib,refs/tags/v0.55b0,tag,sha256-UM9ezCh3TVwyj257O0rvTCIgfrddobWcVIgJmBUj/Vo=,https://github.com/open-telemetry/opentelemetry-python-contrib/archive/refs/tags/v0.55b0.tar.gz
python3Packages.opentelemetry-instrumentation-urllib3,opentelemetry-instrumentation-urllib3,0.55b0,fetchFromGitHub,https://github.com/open-telemetry/opentelemetry-python-contrib,open-telemetry,opentelemetry-python-contrib,refs/tags/v0.55b0,tag,sha256-UM9ezCh3TVwyj257O0rvTCIgfrddobWcVIgJmBUj/Vo=,https://github.com/open-telemetry/opentelemetry-python-contrib/archive/refs/tags/v0.55b0.tar.gz
python3Packages.opentelemetry-instrumentation-wsgi,opentelemetry-instrumentation-wsgi,0.55b0,fetchFromGitHub,https://github.com/open-telemetry/opentelemetry-python-contrib,open-telemetry,opentelemetry-python-contrib,refs/tags/v0.55b0,tag,sha256-UM9ezCh3TVwyj257O0rvTCIgfrddobWcVIgJmBUj/Vo=,https://github.com/open-telemetry/opentelemetry-python-contrib/archive/refs/tags/v0.55b0.tar.gz
python3Packages.opentelemetry-propagator-aws-xray,opentelemetry-propagator-aws-xray,0.55b0,fetchFromGitHub,https://github.com/open-telemetry/opentelemetry-python-contrib,open-telemetry,opentelemetry-python-contrib,refs/tags/v0.55b0,tag,sha256-UM9ezCh3TVwyj257O0rvTCIgfrddobWcVIgJmBUj/Vo=,https://github.com/open-telemetry/opentelemetry-python-contrib/archive/refs/tags/v0.55b0.tar.gz
python3Packages.opentelemetry-proto,opentelemetry-proto,1.34.0,fetchFromGitHub,https://github.com/open-telemetry/opentelemetry-python,open-telemetry,opentelemetry-python,refs/tags/v1.34.0,tag,sha256-fAXcS2VyDMk+UDW3ru5ZvwzXjydsY1uFcT2GvZuiGWw=,https://github.com/open-telemetry/opentelemetry-python/archive/refs/tags/v1.34.0.tar.gz
python3Packages.opentelemetry-sdk,opentelemetry-sdk,1.34.0,fetchFromGitHub,https://github.com/open-telemetry/opentelemetry-python,open-telemetry,opentelemetry-python,refs/tags/v1.34.0,tag,sha256-fAXcS2VyDMk+UDW3ru5ZvwzXjydsY1uFcT2GvZuiGWw=,https://github.com/open-telemetry/opentelemetry-python/archive/refs/tags/v1.34.0.tar.gz
python3Packages.opentelemetry-semantic-conventions,opentelemetry-semantic-conventions,0.55b0,fetchFromGitHub,https://github.com/open-telemetry/opentelemetry-python,open-telemetry,opentelemetry-python,refs/tags/v1.34.0,tag,sha256-fAXcS2VyDMk+UDW3ru5ZvwzXjydsY1uFcT2GvZuiGWw=,https://github.com/open-telemetry/opentelemetry-python/archive/refs/tags/v1.34.0.tar.gz
python3Packages.opentelemetry-test-utils,opentelemetry-test-utils,0.55b0,fetchFromGitHub,https://github.com/open-telemetry/opentelemetry-python,open-telemetry,opentelemetry-python,refs/tags/v1.34.0,tag,sha256-fAXcS2VyDMk+UDW3ru5ZvwzXjydsY1uFcT2GvZuiGWw=,https://github.com/open-telemetry/opentelemetry-python/archive/refs/tags/v1.34.0.tar.gz
python3Packages.opentelemetry-util-http,opentelemetry-util-http,0.55b0,fetchFromGitHub,https://github.com/open-telemetry/opentelemetry-python-contrib,open-telemetry,opentelemetry-python-contrib,refs/tags/v0.55b0,tag,sha256-UM9ezCh3TVwyj257O0rvTCIgfrddobWcVIgJmBUj/Vo=,https://github.com/open-telemetry/opentelemetry-python-contrib/archive/refs/tags/v0.55b0.tar.gz
python3Packages.opentsne,opentsne,1.0.4,fetchFromGitHub,https://github.com/pavlin-policar/openTSNE,pavlin-policar,openTSNE,refs/tags/v1.0.4,tag,sha256-cGnhdGpDiBlTeeveCtnveslDytpNO8vtYkxQQ7FhsuA=,https://github.com/pavlin-policar/openTSNE/archive/refs/tags/v1.0.4.tar.gz
python3Packages.openusd,openusd,25.05.01,fetchFromGitHub,https://github.com/PixarAnimationStudios/OpenUSD,PixarAnimationStudios,OpenUSD,refs/tags/v25.05.01,tag,sha256-gxikEC4MqTkhgYaRsCVYtS/VmXClSaCMdzpQ0LmiR7Q=,https://github.com/PixarAnimationStudios/OpenUSD/archive/refs/tags/v25.05.01.tar.gz
python3Packages.osmpythontools,osmpythontools,0.3.6,fetchFromGitHub,https://github.com/mocnik-science/osm-python-tools,mocnik-science,osm-python-tools,refs/tags/v0.3.6,tag,sha256-ajZJSuMbku08vHvn4fqsLqCS/E2XR3uVqiH7R1GHH5o=,https://github.com/mocnik-science/osm-python-tools/archive/refs/tags/v0.3.6.tar.gz
python3Packages.pandas,pandas,2.3.3,fetchFromGitHub,https://github.com/pandas-dev/pandas,pandas-dev,pandas,refs/tags/v2.3.3,tag,sha256-jY1uM9HmJzoFk26ilbtzJnxAsQhmXS19r73JcFeFWRQ=,https://github.com/pandas-dev/pandas/archive/refs/tags/v2.3.3.tar.gz
python3Packages.pandas-stubs,pandas-stubs,2.3.3.260113,fetchFromGitHub,https://github.com/pandas-dev/pandas-stubs,pandas-dev,pandas-stubs,refs/tags/v2.3.3.260113,tag,sha256-DJS3aG79IZowiTqHeOEgDdlH9Z1SXrbZ7yplCrFTtzw=,https://github.com/pandas-dev/pandas-stubs/archive/refs/tags/v2.3.3.260113.tar.gz
python3Packages.parse-type,parse-type,0.6.6,fetchFromGitHub,https://github.com/jenisys/parse_type,jenisys,parse_type,refs/tags/v0.6.6,tag,sha256-4ZQNxvYWqYXcMj3vEtaEdikuJ38llGpmuutIOtr3lz0=,https://github.com/jenisys/parse_type/archive/refs/tags/v0.6.6.tar.gz
python3Packages.patiencediff,patiencediff,0.2.18,fetchFromGitHub,https://github.com/breezy-team/patiencediff,breezy-team,patiencediff,refs/tags/v0.2.18,tag,sha256-jwApncXyyc3m3XSsftaRNO/LeXIhdduaiBDm0KEDc98=,https://github.com/breezy-team/patiencediff/archive/refs/tags/v0.2.18.tar.gz
python3Packages.pdoc,pdoc,16.0.0,fetchFromGitHub,https://github.com/mitmproxy/pdoc,mitmproxy,pdoc,refs/tags/v16.0.0,tag,sha256-9amp6CWYIcniVfdlmPKYuRFR7B5JJtuMlOoDxpfvvJA=,https://github.com/mitmproxy/pdoc/archive/refs/tags/v16.0.0.tar.gz
python3Packages.pettingzoo,pettingzoo,1.25.0,fetchFromGitHub,https://github.com/Farama-Foundation/PettingZoo,Farama-Foundation,PettingZoo,refs/tags/1.25.0,tag,sha256-hQe/TMlLG//Bn8aaSo0/FPOUvOEyKfztuTIS7SMsUQ4=,https://github.com/Farama-Foundation/PettingZoo/archive/refs/tags/1.25.0.tar.gz
python3Packages.pgpy,pgpy,0.6.0,fetchFromGitHub,https://github.com/SecurityInnovation/PGPy,SecurityInnovation,PGPy,v0.6.0,tag,sha256-47YiHNxmjyCOYHHUV3Zyhs3Att9HZtCXYfbN34ooTxU=,https://github.com/SecurityInnovation/PGPy/archive/v0.6.0.tar.gz
python3Packages.photutils,photutils,2.3.0,fetchFromGitHub,https://github.com/astropy/photutils,astropy,photutils,refs/tags/2.3.0,tag,sha256-VPiirM1eaIRnb0ED6ZyIgu1BLI3TKVtqCf7bDawC/kA=,https://github.com/astropy/photutils/archive/refs/tags/2.3.0.tar.gz
python3Packages.pigpio,pigpio,79,fetchFromGitHub,https://github.com/joan2937/pigpio,joan2937,pigpio,refs/tags/v79,tag,sha256-Z+SwUlBbtWtnbjTe0IghR3gIKS43ZziN0amYtmXy7HE=,https://github.com/joan2937/pigpio/archive/refs/tags/v79.tar.gz
python3Packages.pikepdf,pikepdf,10.3.0,fetchFromGitHub,https://github.com/pikepdf/pikepdf,pikepdf,pikepdf,refs/tags/v10.3.0,tag,sha256-fEIzmC17RYic4CFwBh5FdGbJmaWaiaPBK7eCQ7RCmr0=,https://github.com/pikepdf/pikepdf/archive/refs/tags/v10.3.0.tar.gz
python3Packages.pinocchio,py-pinocchio,3.9.0,fetchFromGitHub,https://github.com/stack-of-tasks/pinocchio,stack-of-tasks,pinocchio,v3.9.0,tag,sha256-k2lT1I0wb3N/o95ol2oO6HSYHf4wKJ0SFEg8JNxZmpI=,https://github.com/stack-of-tasks/pinocchio/archive/v3.9.0.tar.gz
python3Packages.plotext,plotext,5.3.2,fetchFromGitHub,https://github.com/piccolomo/plotext,piccolomo,plotext,refs/tags/5.3.2,tag,sha256-4cuStXnZFTlOoBp9w+LrTZavCWEaQdZMY4apGNKvBXE=,https://github.com/piccolomo/plotext/archive/refs/tags/5.3.2.tar.gz
python3Packages.plotly,plotly,6.5.2,fetchFromGitHub,https://github.com/plotly/plotly.py,plotly,plotly.py,refs/tags/v6.5.2,tag,sha256-7rMatpaZvHuNPpiXR5eUHultqNnLER1iW+GR3dwgkyo=,https://github.com/plotly/plotly.py/archive/refs/tags/v6.5.2.tar.gz
python3Packages.plotnine,plotnine,0.15.3,fetchFromGitHub,https://github.com/has2k1/plotnine,has2k1,plotnine,refs/tags/v0.15.3,tag,sha256-nhFod9jhadKfQ8SW2RPNc8u+4gkWNDZRcnDcN5xVk54=,https://github.com/has2k1/plotnine/archive/refs/tags/v0.15.3.tar.gz
python3Packages.polars,polars,1.36.1,fetchFromGitHub,https://github.com/pola-rs/polars,pola-rs,polars,refs/tags/py-1.36.1,tag,sha256-0usMg/xQZOzrLf2gIfNFtzj96cYVzq5gFaKTFLqyfK0=,https://github.com/pola-rs/polars/archive/refs/tags/py-1.36.1.tar.gz
python3Packages.policy-sentry,policy-sentry,0.15.1,fetchFromGitHub,https://github.com/salesforce/policy_sentry,salesforce,policy_sentry,refs/tags/0.15.1,tag,sha256-G7V3BqgJs9nyvhZ9xzNwP50yz+2SZfps/gsW6U8eisk=,https://github.com/salesforce/policy_sentry/archive/refs/tags/0.15.1.tar.gz
python3Packages.powerapi,powerapi,2.10.0,fetchFromGitHub,https://github.com/powerapi-ng/powerapi,powerapi-ng,powerapi,refs/tags/v2.10.0,tag,sha256-rn1qe0RwYuUR23CgzOOeiwe1wuFihnhQ9a6ALgSP/cQ=,https://github.com/powerapi-ng/powerapi/archive/refs/tags/v2.10.0.tar.gz
python3Packages.protego,protego,0.6.0,fetchFromGitHub,https://github.com/scrapy/protego,scrapy,protego,refs/tags/0.6.0,tag,sha256-qyOY35gNFojewFMFVT58k1s5uM4j9IZzEURnPh+3htE=,https://github.com/scrapy/protego/archive/refs/tags/0.6.0.tar.gz
python3Packages.protobuf4,protobuf,4.25.8,fetchFromGitHub,https://github.com/protocolbuffers/protobuf,protocolbuffers,protobuf,refs/tags/v25.8,tag,sha256-UUUblMKN1xFknFtanq5MRVQ57dzhOV9sPqlw1J37aNE=,https://github.com/protocolbuffers/protobuf/archive/refs/tags/v25.8.tar.gz
python3Packages.proxy-py,proxy-py,2.4.10,fetchFromGitHub,https://github.com/abhinavsingh/proxy.py,abhinavsingh,proxy.py,refs/tags/v2.4.10,tag,sha256-47Qt8J60QFfHUSquD17xMfl+wBTsSimaPSRvS/sSPMI=,https://github.com/abhinavsingh/proxy.py/archive/refs/tags/v2.4.10.tar.gz
python3Packages.pulumi-aws,pulumi-aws,7.16.0,fetchFromGitHub,https://github.com/pulumi/pulumi-aws,pulumi,pulumi-aws,refs/tags/v7.16.0,tag,sha256-Vy6Azt3rRQliskt26Jjeos/Tj4MEz26owtyfhRPzSP0=,https://github.com/pulumi/pulumi-aws/archive/refs/tags/v7.16.0.tar.gz
python3Packages.pulumi-azure-native,pulumi-azure-native,2.13.0,fetchFromGitHub,https://github.com/pulumi/pulumi-azure-native,pulumi,pulumi-azure-native,v2.13.0,tag,sha256-YyJxACeXyY7hZkTbLXT/ASNWa1uv9h3cvPoItR183fU=,
python3Packages.pulumi-random,pulumi-random,4.14.0,fetchFromGitHub,https://github.com/pulumi/pulumi-random,pulumi,pulumi-random,v4.14.0,tag,sha256-1MR7zWNBDbAUoRed7IU80PQxeH18x95MKJKejW5m2Rs=,https://github.com/pulumi/pulumi-random/archive/v4.14.0.tar.gz
python3Packages.purl,purl,1.6,fetchFromGitHub,https://github.com/codeinthehole/purl,codeinthehole,purl,1.6,tag,sha256-Jb3JRW/PtQ7NlO4eQ9DmTPu/sjvFTg2mztphoIF79gc=,https://github.com/codeinthehole/purl/archive/1.6.tar.gz
python3Packages.py-scrypt,scrypt,0.9.4,fetchFromGitHub,https://github.com/holgern/py-scrypt,holgern,py-scrypt,refs/tags/v0.9.4,tag,sha256-4jVXaPD57RMe4ef1PVgZwPGAhEHL3RGlu2DSC6lGuR4=,https://github.com/holgern/py-scrypt/archive/refs/tags/v0.9.4.tar.gz
python3Packages.py7zr,py7zr,1.1.0,fetchFromGitHub,https://github.com/miurahr/py7zr,miurahr,py7zr,refs/tags/v1.1.0,tag,sha256-lWZni9yhS5otWL1cyi8qZx2JLExbDiTPTadKKnDB2Ds=,https://github.com/miurahr/py7zr/archive/refs/tags/v1.1.0.tar.gz
python3Packages.pyarrow,pyarrow,23.0.0,fetchFromGitHub,https://github.com/apache/arrow,apache,arrow,apache-arrow-23.0.0,tag,sha256-BluUlbtGJwvlrpN/c/KziOfFh5dvzZyuCy4JZkkFea4=,https://github.com/apache/arrow/archive/apache-arrow-23.0.0.tar.gz
python3Packages.pyatv,pyatv,0.17.0,fetchFromGitHub,https://github.com/postlund/pyatv,postlund,pyatv,refs/tags/v0.17.0,tag,sha256-wsLqG1yJf5A3BMgpbQMrXn6NzpcF4BU1TD+0NJ6Nt7c=,https://github.com/postlund/pyatv/archive/refs/tags/v0.17.0.tar.gz
python3Packages.pybind11,pybind11,3.0.1,fetchFromGitHub,https://github.com/pybind/pybind11,pybind,pybind11,refs/tags/v3.0.1,tag,sha256-ZiwNGsE1FOkhnWv/1ib1akhQ4FZvrXRCDnnBZoPp6r4=,https://github.com/pybind/pybind11/archive/refs/tags/v3.0.1.tar.gz
python3Packages.pycaption,pycaption,2.2.20,fetchFromGitHub,https://github.com/pbs/pycaption,pbs,pycaption,refs/tags/2.2.20,tag,sha256-SDUTQ2oYLstFHw0rO9I3jeKIfEoAU7we66Uj4+vTXyE=,https://github.com/pbs/pycaption/archive/refs/tags/2.2.20.tar.gz
python3Packages.pycognito,pycognito,2024.5.1,fetchFromGitHub,https://github.com/pvizeli/pycognito,pvizeli,pycognito,refs/tags/2024.5.1,tag,sha256-U23fFLru4j6GnWMcYtsCW9BVJkVcCoefPH6oMijYGew=,https://github.com/pvizeli/pycognito/archive/refs/tags/2024.5.1.tar.gz
python3Packages.pycryptodome,pycryptodome,3.23.0,fetchFromGitHub,https://github.com/Legrandin/pycryptodome,Legrandin,pycryptodome,refs/tags/v3.23.0,tag,sha256-x8QkRBwM/H/n7yHGjE8UfBhOzkGr0PBixe9g4EuZLUg=,https://github.com/Legrandin/pycryptodome/archive/refs/tags/v3.23.0.tar.gz
python3Packages.pycryptodomex,pycryptodomex,3.23.0,fetchFromGitHub,https://github.com/Legrandin/pycryptodome,Legrandin,pycryptodome,refs/tags/v3.23.0,tag,sha256-x8QkRBwM/H/n7yHGjE8UfBhOzkGr0PBixe9g4EuZLUg=,https://github.com/Legrandin/pycryptodome/archive/refs/tags/v3.23.0.tar.gz
python3Packages.pydmd,pydmd,2025.08.01,fetchFromGitHub,https://github.com/PyDMD/PyDMD,PyDMD,PyDMD,refs/tags/2025.08.01,tag,sha256-u8dW90FZSZaVbPNeILeZyOwAU0WOAeTAMCHpe7n4Bi4=,https://github.com/PyDMD/PyDMD/archive/refs/tags/2025.08.01.tar.gz
python3Packages.pyecharts,pyecharts,2.1.0,fetchFromGitHub,https://github.com/pyecharts/pyecharts,pyecharts,pyecharts,refs/tags/v2.1.0,tag,sha256-49ALxObzUuw3N81ZTgtQYtqTA1CTu7Qz9E6OkkJyEnc=,https://github.com/pyecharts/pyecharts/archive/refs/tags/v2.1.0.tar.gz
python3Packages.pyedflib,pyedflib,0.1.42,fetchFromGitHub,https://github.com/holgern/pyedflib,holgern,pyedflib,refs/tags/v0.1.42,tag,sha256-KbySCsDjiS94U012KASRgHR2fuX090HlKUuPgsLC+xQ=,https://github.com/holgern/pyedflib/archive/refs/tags/v0.1.42.tar.gz
python3Packages.pygame,pygame,2.6.1,fetchFromGitHub,https://github.com/pygame/pygame,pygame,pygame,refs/tags/2.6.1,tag,sha256-paSDF0oPogq0g0HSDRagGu0OfsqIku6q4GGAMveGntk=,https://github.com/pygame/pygame/archive/refs/tags/2.6.1.tar.gz
python3Packages.pygame-original,pygame,2.6.1,fetchFromGitHub,https://github.com/pygame/pygame,pygame,pygame,refs/tags/2.6.1,tag,sha256-paSDF0oPogq0g0HSDRagGu0OfsqIku6q4GGAMveGntk=,https://github.com/pygame/pygame/archive/refs/tags/2.6.1.tar.gz
python3Packages.pyglet,pyglet,2.1.12,fetchFromGitHub,https://github.com/pyglet/pyglet,pyglet,pyglet,refs/tags/v2.1.12,tag,sha256-stzz7sxPH6cduhG2ySw/Zg+wdTE/Y0ZeBU90D0Aa2oU=,https://github.com/pyglet/pyglet/archive/refs/tags/v2.1.12.tar.gz
python3Packages.pyglossary,pyglossary,5.2.1,fetchFromGitHub,https://github.com/ilius/pyglossary,ilius,pyglossary,refs/tags/5.2.1,tag,sha256-kxCJ5Sv/v7LOIgNrhpv2Q3ooWx/eciWOVV5YhjOWf70=,https://github.com/ilius/pyglossary/archive/refs/tags/5.2.1.tar.gz
python3Packages.pygls,pygls,2.0.1,fetchFromGitHub,https://github.com/openlawlibrary/pygls,openlawlibrary,pygls,refs/tags/v2.0.1,tag,sha256-RznpnGBOZZeNP1pqL9jSNd0W2sJmW0CAo8DKP6t9APw=,https://github.com/openlawlibrary/pygls/archive/refs/tags/v2.0.1.tar.gz
python3Packages.pygls_2,pygls,2.0.1,fetchFromGitHub,https://github.com/openlawlibrary/pygls,openlawlibrary,pygls,refs/tags/v2.0.1,tag,sha256-RznpnGBOZZeNP1pqL9jSNd0W2sJmW0CAo8DKP6t9APw=,https://github.com/openlawlibrary/pygls/archive/refs/tags/v2.0.1.tar.gz
python3Packages.pygobject-stubs,pygobject-stubs,2.16.0,fetchFromGitHub,https://github.com/pygobject/pygobject-stubs,pygobject,pygobject-stubs,refs/tags/v2.16.0,tag,sha256-3gWz/mWAMoXAHMfCFv3ri680iuMm0WLtGyMODujq31M=,https://github.com/pygobject/pygobject-stubs/archive/refs/tags/v2.16.0.tar.gz
python3Packages.pyintesishome,pyintesishome,1.8.5,fetchFromGitHub,https://github.com/jnimmo/pyIntesisHome,jnimmo,pyIntesisHome,refs/tags/1.8.5,tag,sha256-QgIvIn8I5EtJSNj1FdOI+DPgG7/y2ToQ62dhk7flieo=,https://github.com/jnimmo/pyIntesisHome/archive/refs/tags/1.8.5.tar.gz
python3Packages.pyisy,pyisy,3.4.1,fetchFromGitHub,https://github.com/automicus/PyISY,automicus,PyISY,refs/tags/v3.4.1,tag,sha256-9gGrrFh5xCuX4GjF6a6RRGkpF/rH07Zz0nyKvgwgEkU=,https://github.com/automicus/PyISY/archive/refs/tags/v3.4.1.tar.gz
python3Packages.pykka,pykka,4.4.1,fetchFromGitHub,https://github.com/jodal/pykka,jodal,pykka,refs/tags/v4.4.1,tag,sha256-61Dr8V2LILGNveVi6eD0OODXF/a8m8I5/H9MfyIr9Dg=,https://github.com/jodal/pykka/archive/refs/tags/v4.4.1.tar.gz
python3Packages.pylibjpeg-libjpeg,pylibjpeg-libjpeg,2.3.0,fetchFromGitHub,https://github.com/pydicom/pylibjpeg-libjpeg,pydicom,pylibjpeg-libjpeg,refs/tags/v2.3.0,tag,sha256-P01pofPLTOa5ynsCkLnxiMzVfCg4tbT+/CcpPTeSViw=,https://github.com/pydicom/pylibjpeg-libjpeg/archive/refs/tags/v2.3.0.tar.gz
python3Packages.pymatgen,pymatgen,2025.10.7,fetchFromGitHub,https://github.com/materialsproject/pymatgen,materialsproject,pymatgen,refs/tags/v2025.10.7,tag,sha256-pbnWSmU2rtqUbjZBmzJz3HE1t5zZTJv7HSfrcVUFxmU=,https://github.com/materialsproject/pymatgen/archive/refs/tags/v2025.10.7.tar.gz
python3Packages.pymc,pymc,5.28.1,fetchFromGitHub,https://github.com/pymc-devs/pymc,pymc-devs,pymc,refs/tags/v5.28.1,tag,sha256-6P171KjWvSgtiYxsGNvVxs4Pfqs3S7gxg6aGRbQ/Zcw=,https://github.com/pymc-devs/pymc/archive/refs/tags/v5.28.1.tar.gz
python3Packages.pymilvus,pymilvus,2.6.9,fetchFromGitHub,https://github.com/milvus-io/pymilvus,milvus-io,pymilvus,refs/tags/v2.6.9,tag,sha256-2PDN642i+GZG4Uxs4aA5x/jC6vm2cx4RITVqKi3KvtY=,https://github.com/milvus-io/pymilvus/archive/refs/tags/v2.6.9.tar.gz
python3Packages.pymodes,pymodes,2.21.1,fetchFromGitHub,https://github.com/junzis/pyModeS,junzis,pyModeS,refs/tags/v2.21.1,tag,sha256-Tla5hJ7J/3R4r4fTQMUIpY+QGvLRuNMZfWU0RsAiuk0=,https://github.com/junzis/pyModeS/archive/refs/tags/v2.21.1.tar.gz
python3Packages.pymssql,pymssql,2.3.13,fetchFromGitHub,https://github.com/pymssql/pymssql,pymssql,pymssql,refs/tags/v2.3.13,tag,sha256-UOb1gULAg5mNPiOiqcGpZ0Ux3f2Kz204gQ3Xn8fJFfA=,https://github.com/pymssql/pymssql/archive/refs/tags/v2.3.13.tar.gz
python3Packages.pynamodb,pynamodb,6.1.0,fetchFromGitHub,https://github.com/pynamodb/PynamoDB,pynamodb,PynamoDB,refs/tags/6.1.0,tag,sha256-i4oxZO3gBVc2PMFSISeytaO8YrzYR9YuUMxrEqrg2c4=,https://github.com/pynamodb/PynamoDB/archive/refs/tags/6.1.0.tar.gz
python3Packages.pyocd,pyocd,0.42.0,fetchFromGitHub,https://github.com/pyocd/pyOCD,pyocd,pyOCD,refs/tags/v0.42.0,tag,sha256-VSEItt+mXiV3u3SAKQc8uGiJdT6b4nER/u6BwfaX2CM=,https://github.com/pyocd/pyOCD/archive/refs/tags/v0.42.0.tar.gz
python3Packages.pypck,pypck,0.9.11,fetchFromGitHub,https://github.com/alengwenus/pypck,alengwenus,pypck,refs/tags/0.9.11,tag,sha256-XULSgnVp7uIob/tL8zqszTBTdxMY4QIeIBruO2Augnc=,https://github.com/alengwenus/pypck/archive/refs/tags/0.9.11.tar.gz
python3Packages.pyrealsense2,librealsense,2.56.3,fetchFromGitHub,https://github.com/IntelRealSense/librealsense,IntelRealSense,librealsense,v2.56.3,tag,sha256-Stx337mGcpMCg9DlZmvX4LPQmCSzLRFcUQPxaD/Y0Ds=,https://github.com/IntelRealSense/librealsense/archive/v2.56.3.tar.gz
python3Packages.pyrealsense2WithCuda,librealsense,2.56.3,fetchFromGitHub,https://github.com/IntelRealSense/librealsense,IntelRealSense,librealsense,v2.56.3,tag,sha256-Stx337mGcpMCg9DlZmvX4LPQmCSzLRFcUQPxaD/Y0Ds=,https://github.com/IntelRealSense/librealsense/archive/v2.56.3.tar.gz
python3Packages.pyrealsense2WithoutCuda,librealsense,2.56.3,fetchFromGitHub,https://github.com/IntelRealSense/librealsense,IntelRealSense,librealsense,v2.56.3,tag,sha256-Stx337mGcpMCg9DlZmvX4LPQmCSzLRFcUQPxaD/Y0Ds=,https://github.com/IntelRealSense/librealsense/archive/v2.56.3.tar.gz
python3Packages.pysam,pysam,0.23.3,fetchFromGitHub,https://github.com/pysam-developers/pysam,pysam-developers,pysam,refs/tags/v0.23.3,tag,sha256-yOLnfuGQW+j0nHy4MRlwurZMpeRHTGmQ9eLmihcAGoQ=,https://github.com/pysam-developers/pysam/archive/refs/tags/v0.23.3.tar.gz
python3Packages.pysbd,pysbd,0.3.4,fetchFromGitHub,https://github.com/nipunsadvilkar/pySBD,nipunsadvilkar,pySBD,v0.3.4,tag,12p7qm237z56hw4zr03n8rycgfymhki2m9c4w3ib0mvqq122a5dp,https://github.com/nipunsadvilkar/pySBD/archive/v0.3.4.tar.gz
python3Packages.pyscard,pyscard,2.3.1,fetchFromGitHub,https://github.com/LudovicRousseau/pyscard,LudovicRousseau,pyscard,refs/tags/2.3.1,tag,sha256-MW/Cg7Ta/LdY/pOomsEecVIt62rc5qSAGjpJl4m+ruM=,https://github.com/LudovicRousseau/pyscard/archive/refs/tags/2.3.1.tar.gz
python3Packages.pyslurm,pyslurm,25.5.0,fetchFromGitHub,https://github.com/PySlurm/pyslurm,PySlurm,pyslurm,refs/tags/v25.5.0,tag,sha256-2FEBOKMN3IhJZu+QQ3nWQfxom6wpZUuQouF7TRYndTs=,https://github.com/PySlurm/pyslurm/archive/refs/tags/v25.5.0.tar.gz
python3Packages.pysnmp,pysnmp,7.1.22,fetchFromGitHub,https://github.com/lextudio/pysnmp,lextudio,pysnmp,refs/tags/v7.1.22,tag,sha256-uEOhOVXaz4g1Ciun8x2AT8pRBkKR6uEfu4KJ1XSwouY=,https://github.com/lextudio/pysnmp/archive/refs/tags/v7.1.22.tar.gz
python3Packages.pystray,pystray,0.19.5,fetchFromGitHub,https://github.com/moses-palmer/pystray,moses-palmer,pystray,v0.19.5,tag,sha256-CZhbaXwKFrRBEomzfFPMQdMkTOl5lbgI64etfDRiRu4=,https://github.com/moses-palmer/pystray/archive/v0.19.5.tar.gz
python3Packages.pytenable,pytenable,1.9.0,fetchFromGitHub,https://github.com/tenable/pyTenable,tenable,pyTenable,refs/tags/1.9.0,tag,sha256-ml5364D3qvd6VNhF2JyGoCzxbdO0DBkaBMoD38O5x8o=,https://github.com/tenable/pyTenable/archive/refs/tags/1.9.0.tar.gz
python3Packages.pytest-fixture-config,pytest-fixture-config,1.8.1,fetchFromGitHub,https://github.com/man-group/pytest-plugins,man-group,pytest-plugins,refs/tags/v1.8.1,tag,sha256-fLctuuvHVk9GvQB5cTL4/T7GeWzJ2zLJpwZqq9/6C30=,https://github.com/man-group/pytest-plugins/archive/refs/tags/v1.8.1.tar.gz
python3Packages.pytest-server-fixtures,pytest-server-fixtures,1.8.1,fetchFromGitHub,https://github.com/man-group/pytest-plugins,man-group,pytest-plugins,refs/tags/v1.8.1,tag,sha256-fLctuuvHVk9GvQB5cTL4/T7GeWzJ2zLJpwZqq9/6C30=,https://github.com/man-group/pytest-plugins/archive/refs/tags/v1.8.1.tar.gz
python3Packages.pytest-shutil,pytest-shutil,1.8.1,fetchFromGitHub,https://github.com/man-group/pytest-plugins,man-group,pytest-plugins,refs/tags/v1.8.1,tag,sha256-fLctuuvHVk9GvQB5cTL4/T7GeWzJ2zLJpwZqq9/6C30=,https://github.com/man-group/pytest-plugins/archive/refs/tags/v1.8.1.tar.gz
python3Packages.pytest-virtualenv,pytest-virtualenv,1.8.1,fetchFromGitHub,https://github.com/man-group/pytest-plugins,man-group,pytest-plugins,refs/tags/v1.8.1,tag,sha256-fLctuuvHVk9GvQB5cTL4/T7GeWzJ2zLJpwZqq9/6C30=,https://github.com/man-group/pytest-plugins/archive/refs/tags/v1.8.1.tar.gz
python3Packages.python-box,python-box,7.3.2,fetchFromGitHub,https://github.com/cdgriffith/Box,cdgriffith,Box,refs/tags/7.3.2,tag,sha256-aVPjIoizqC0OcG5ziy/lvp/JsFSUvcLUqJ03mKViKFs=,https://github.com/cdgriffith/Box/archive/refs/tags/7.3.2.tar.gz
python3Packages.python-docs-theme,python-docs-theme,2025.12,fetchFromGitHub,https://github.com/python/python-docs-theme,python,python-docs-theme,refs/tags/2025.12,tag,sha256-isKfYgakIsPdMSATx9tjjb+U8oERN560NkBDkbt9AeM=,https://github.com/python/python-docs-theme/archive/refs/tags/2025.12.tar.gz
python3Packages.python-docx,python-docx,1.2.0,fetchFromGitHub,https://github.com/python-openxml/python-docx,python-openxml,python-docx,refs/tags/v1.2.0,tag,sha256-5x2VmMiY5fZiXoswCDcs89olL0vbpGzmJZThrNS/SmI=,https://github.com/python-openxml/python-docx/archive/refs/tags/v1.2.0.tar.gz
python3Packages.python-gnupg,python-gnupg,0.5.6,fetchFromGitHub,https://github.com/vsajip/python-gnupg,vsajip,python-gnupg,refs/tags/0.5.6,tag,sha256-ztwITune/rO4c3wUCsw6wBN09jnpWpElgwQx7JCXsVw=,https://github.com/vsajip/python-gnupg/archive/refs/tags/0.5.6.tar.gz
python3Packages.python-hcl2,python-hcl2,7.3.1,fetchFromGitHub,https://github.com/amplify-education/python-hcl2,amplify-education,python-hcl2,refs/tags/v7.3.1,tag,sha256-aHaDZvgpiINUEdSYlUVwa0l80mujb9F04eboAdiuzDc=,https://github.com/amplify-education/python-hcl2/archive/refs/tags/v7.3.1.tar.gz
python3Packages.python-keycloak,python-keycloak,7.0.2,fetchFromGitHub,https://github.com/marcospereirampj/python-keycloak,marcospereirampj,python-keycloak,refs/tags/v7.0.2,tag,sha256-3JHmVfGd5X5aEZt8O7Aj/UfYpLtDsI6MPwWxLo7SGBs=,https://github.com/marcospereirampj/python-keycloak/archive/refs/tags/v7.0.2.tar.gz
python3Packages.pytorch3d,pytorch3d,0.7.9,fetchFromGitHub,https://github.com/facebookresearch/pytorch3d,facebookresearch,pytorch3d,refs/tags/v0.7.9,tag,sha256-k+hqAy0T5ZReJ8jWuKJ/VTzjqd4qo8rrcFo8y4LJhhY=,https://github.com/facebookresearch/pytorch3d/archive/refs/tags/v0.7.9.tar.gz
python3Packages.pytube,pytube,15.0.0,fetchFromGitHub,https://github.com/pytube/pytube,pytube,pytube,v15.0.0,tag,sha256-Nvs/YlOjk/P5nd1kpUnCM2n6yiEaqZP830UQI0Ug1rk=,https://github.com/pytube/pytube/archive/v15.0.0.tar.gz
python3Packages.pyunbound,pyunbound,1.24.2,fetchFromGitHub,https://github.com/NLnetLabs/unbound,NLnetLabs,unbound,refs/tags/release-1.24.2,tag,sha256-kyTcDmNGKJuOMZ7cxIWh6o7aasRUoAB4M0tIG81BQsE=,https://github.com/NLnetLabs/unbound/archive/refs/tags/release-1.24.2.tar.gz
python3Packages.pyvips,pyvips,3.1.1,fetchFromGitHub,https://github.com/libvips/pyvips,libvips,pyvips,refs/tags/v3.1.1,tag,sha256-BPQFndikPSsKU4HPauTAewab32IumckG/y3lhUUNbMU=,https://github.com/libvips/pyvips/archive/refs/tags/v3.1.1.tar.gz
python3Packages.pyvista,pyvista,0.46.5,fetchFromGitHub,https://github.com/pyvista/pyvista,pyvista,pyvista,refs/tags/v0.46.5,tag,sha256-yTCHbAOcAxXrXwKbTXKGuSwoA69hy+XBT1kt6MhdoxQ=,https://github.com/pyvista/pyvista/archive/refs/tags/v0.46.5.tar.gz
python3Packages.pyvmomi,pyvmomi,9.0.0.0,fetchFromGitHub,https://github.com/vmware/pyvmomi,vmware,pyvmomi,refs/tags/v9.0.0.0,tag,sha256-4r0UtLR1dhhNQ+Lx12JiEozDAjMxPly+RR0LWRg/A4E=,https://github.com/vmware/pyvmomi/archive/refs/tags/v9.0.0.0.tar.gz
python3Packages.pyyaml,pyyaml,6.0.3,fetchFromGitHub,https://github.com/yaml/pyyaml,yaml,pyyaml,refs/tags/6.0.3,tag,sha256-jUooIBp80cLxvdU/zLF0X8Yjrf0Yp9peYeiFjuV8AHA=,https://github.com/yaml/pyyaml/archive/refs/tags/6.0.3.tar.gz
python3Packages.quantiphy,quantiphy,2.21,fetchFromGitHub,https://github.com/KenKundert/quantiphy,KenKundert,quantiphy,refs/tags/v2.21,tag,sha256-TQMSktRW0xjihrDxOqHa2AB0HgbNOn4debHV6/Z76bI=,https://github.com/KenKundert/quantiphy/archive/refs/tags/v2.21.tar.gz
python3Packages.quantities,quantities,0.16.4,fetchFromGitHub,https://github.com/python-quantities/python-quantities,python-quantities,python-quantities,refs/tags/v0.16.4,tag,sha256-a+UtNvcnQr4z87tpidx99u46M2H+EKtQ1EzIG5zQnmI=,https://github.com/python-quantities/python-quantities/archive/refs/tags/v0.16.4.tar.gz
python3Packages.radish-bdd,radish-bdd,0.18.3,fetchFromGitHub,https://github.com/radish-bdd/radish,radish-bdd,radish,refs/tags/v0.18.3,tag,sha256-UjJz9ysejz5DBewMwoVof1+JU8tbGbBa3z1quuN1TWg=,https://github.com/radish-bdd/radish/archive/refs/tags/v0.18.3.tar.gz
python3Packages.ratelimit,ratelimit,2.2.1,fetchFromGitHub,https://github.com/tomasbasham/ratelimit,tomasbasham,ratelimit,v2.2.1,tag,04hy3hhh5xdqcsz0lx8j18zbj88kh5ik4wyi5d3a5sfy2hx70in2,https://github.com/tomasbasham/ratelimit/archive/v2.2.1.tar.gz
python3Packages.rawpy,rawpy,0.26.1,fetchFromGitHub,https://github.com/letmaik/rawpy,letmaik,rawpy,refs/tags/v0.26.1,tag,sha256-/pD3t6sP/SctjzjiOo2e937NEetvkcC5wB/RWi8UXI0=,https://github.com/letmaik/rawpy/archive/refs/tags/v0.26.1.tar.gz
python3Packages.rchitect,rchitect,0.4.9,fetchFromGitHub,https://github.com/randy3k/rchitect,randy3k,rchitect,refs/tags/v0.4.9,tag,sha256-xIBDPYuEdYrwpHQBSXfZcEkLra+b0bKy5ILNDCS2Vz0=,https://github.com/randy3k/rchitect/archive/refs/tags/v0.4.9.tar.gz
python3Packages.readlike,readlike,0.1.3,fetchFromGitHub,https://github.com/jangler/readlike,jangler,readlike,0.1.3,tag,1mw8j8ads8hqdbz42siwpffi4wi5s33z9g14a5c2i7vxp8m68qc1,https://github.com/jangler/readlike/archive/0.1.3.tar.gz
python3Packages.reno,reno,4.1.0,fetchFromGitHub,https://github.com/openstack/reno,openstack,reno,refs/tags/4.1.0,tag,sha256-le9JtE0XODlYhTFsrjxFXG/Weshr+FyN4M4S3BMBLUE=,https://github.com/openstack/reno/archive/refs/tags/4.1.0.tar.gz
python3Packages.reolink,reolink,0.64,fetchFromGitHub,https://github.com/fwestenberg/reolink,fwestenberg,reolink,refs/tags/v0.64,tag,sha256-3r5BwVlNolji2HIGjqv8gkizx4wWxrKYkiNmSJedKmI=,https://github.com/fwestenberg/reolink/archive/refs/tags/v0.64.tar.gz
python3Packages.rerun-sdk,rerun-sdk,0.30.0,fetchFromGitHub,https://github.com/rerun-io/rerun,rerun-io,rerun,refs/tags/0.30.0,tag,sha256-ZSAcKb6MZUGVOn8a9nEGT3hYr0zRuZ3R53+hNgYBc4Q=,https://github.com/rerun-io/rerun/archive/refs/tags/0.30.0.tar.gz
python3Packages.reuse,reuse,6.2.0,fetchFromGitHub,https://github.com/fsfe/reuse-tool,fsfe,reuse-tool,refs/tags/v6.2.0,tag,sha256-J49RIt7MxnsMJqJAaGvYgUzXMHAT9/frMmrkhWXe5tQ=,https://github.com/fsfe/reuse-tool/archive/refs/tags/v6.2.0.tar.gz
python3Packages.ripe-atlas-cousteau,ripe-atlas-cousteau,2.0.0,fetchFromGitHub,https://github.com/RIPE-NCC/ripe-atlas-cousteau,RIPE-NCC,ripe-atlas-cousteau,refs/tags/v2.0.0,tag,sha256-z8ZXOiCVYughrbmXfnwtks7NPmYpII2BA0+8mr1cdSQ=,https://github.com/RIPE-NCC/ripe-atlas-cousteau/archive/refs/tags/v2.0.0.tar.gz
python3Packages.robotframework-requests,robotframework-requests,0.9.7,fetchFromGitHub,https://github.com/MarketSquare/robotframework-requests,MarketSquare,robotframework-requests,refs/tags/v0.9.7,tag,sha256-NRhf3delcqUw9vWRPL6pJzpcmRMDou2pHmUHMstF8hw=,https://github.com/MarketSquare/robotframework-requests/archive/refs/tags/v0.9.7.tar.gz
python3Packages.robotframework-seleniumlibrary,robotframework-seleniumlibrary,6.8.0,fetchFromGitHub,https://github.com/robotframework/SeleniumLibrary,robotframework,SeleniumLibrary,refs/tags/v6.8.0,tag,sha256-TyYlcmoV5q3mfV4II/7P/SApfSNd3yC1EFYcuHllcyQ=,https://github.com/robotframework/SeleniumLibrary/archive/refs/tags/v6.8.0.tar.gz
python3Packages.sacrebleu,sacrebleu,2.6.0,fetchFromGitHub,https://github.com/mjpost/sacrebleu,mjpost,sacrebleu,refs/tags/v2.6.0,tag,sha256-R/lN39c/O3QcG70mD5ahUB4rK6Bd/vOvZMiYzYgrOjQ=,https://github.com/mjpost/sacrebleu/archive/refs/tags/v2.6.0.tar.gz
python3Packages.samplerate,samplerate,0.2.3,fetchFromGitHub,https://github.com/tuxu/python-samplerate,tuxu,python-samplerate,refs/tags/v0.2.3,tag,sha256-7FAdIqsYCapmEAYiAuoS5m/jFExXZX3hn3kwxn9NWEc=,https://github.com/tuxu/python-samplerate/archive/refs/tags/v0.2.3.tar.gz
python3Packages.sarge,sarge,0.1.7.post1,fetchFromGitHub,https://github.com/vsajip/sarge,vsajip,sarge,0.1.7.post1,tag,sha256-bT1DbcQi+SbeRBsL7ILuQbSnAj3BBB4+FNl+Zek5xU4=,https://github.com/vsajip/sarge/archive/0.1.7.post1.tar.gz
python3Packages.scenedetect,scenedetect,0.6.7.1,fetchFromGitHub,https://github.com/Breakthrough/PySceneDetect,Breakthrough,PySceneDetect,refs/tags/v0.6.7.1-release,tag,sha256-bLR04wn4O23fHC12ZvWwDI7gLGvMhm+YnBOy4zYMPSM=,https://github.com/Breakthrough/PySceneDetect/archive/refs/tags/v0.6.7.1-release.tar.gz
python3Packages.schedula,schedula,1.5.78,fetchFromGitHub,https://github.com/vinci1it2000/schedula,vinci1it2000,schedula,refs/tags/v1.5.78,tag,sha256-fhcG2N524KlwaG+inOyQJaXKoMhmR6Yddff8CDi8lhk=,https://github.com/vinci1it2000/schedula/archive/refs/tags/v1.5.78.tar.gz
python3Packages.scikit-image,scikit-image,0.26.0,fetchFromGitHub,https://github.com/scikit-image/scikit-image,scikit-image,scikit-image,refs/tags/v0.26.0,tag,sha256-VpvlG2ECbq+FWLZ4RfdbbR3V6Fbw0RIvnVp+w0Rp+8o=,https://github.com/scikit-image/scikit-image/archive/refs/tags/v0.26.0.tar.gz
python3Packages.scikit-misc,scikit-misc,0.5.2,fetchFromGitHub,https://github.com/has2k1/scikit-misc,has2k1,scikit-misc,refs/tags/v0.5.2,tag,sha256-G0zK13upo0tPd8x87X8cTBKWK63E5JPmAr1IVEijtaw=,https://github.com/has2k1/scikit-misc/archive/refs/tags/v0.5.2.tar.gz
python3Packages.scrypt,scrypt,0.9.4,fetchFromGitHub,https://github.com/holgern/py-scrypt,holgern,py-scrypt,refs/tags/v0.9.4,tag,sha256-4jVXaPD57RMe4ef1PVgZwPGAhEHL3RGlu2DSC6lGuR4=,https://github.com/holgern/py-scrypt/archive/refs/tags/v0.9.4.tar.gz
python3Packages.scs,scs,3.2.11,fetchFromGitHub,https://github.com/bodono/scs-python,bodono,scs-python,refs/tags/3.2.11,tag,sha256-ZB1A6613ZgwGsZ97MpK9c1vUfNe+0RkUULtzQxGKd88=,
python3Packages.selenium,selenium,4.40.0,fetchFromGitHub,https://github.com/SeleniumHQ/selenium,SeleniumHQ,selenium,refs/tags/selenium-4.40.0,tag,sha256-Yfm2kpAmmEUP+m48PQf09UvFPeGBxd0ukqTtVah5h+E=,https://github.com/SeleniumHQ/selenium/archive/refs/tags/selenium-4.40.0.tar.gz
python3Packages.sentencepiece,sentencepiece,0.2.1,fetchFromGitHub,https://github.com/google/sentencepiece,google,sentencepiece,refs/tags/v0.2.1,tag,sha256-q0JgMxoD9PLqr6zKmOdrK2A+9RXVDub6xy7NOapS+vs=,https://github.com/google/sentencepiece/archive/refs/tags/v0.2.1.tar.gz
python3Packages.setuptools,setuptools,80.10.1,fetchFromGitHub,https://github.com/pypa/setuptools,pypa,setuptools,refs/tags/v80.10.1,tag,sha256-s/gfJc3yxvCE6cjP03vtIZqNFmoZKR3d7+4gTPk1hQg=,https://github.com/pypa/setuptools/archive/refs/tags/v80.10.1.tar.gz
python3Packages.setuptools-odoo,setuptools-odoo,3.3.2,fetchFromGitHub,https://github.com/acsone/setuptools-odoo,acsone,setuptools-odoo,refs/tags/3.3.2,tag,sha256-cGvE/AioSX2R74dsElx4eb2Rp5irA65w/gBE6DFaUiI=,https://github.com/acsone/setuptools-odoo/archive/refs/tags/3.3.2.tar.gz
python3Packages.silver-platter,silver-platter,0.8.2,fetchFromGitHub,https://github.com/jelmer/silver-platter,jelmer,silver-platter,refs/tags/v0.8.2,tag,sha256-CvFnmGMV46nX6d568pZPqmDEyLZkDnDPpTtf0dMJd4U=,https://github.com/jelmer/silver-platter/archive/refs/tags/v0.8.2.tar.gz
python3Packages.simple-salesforce,simple-salesforce,1.12.9,fetchFromGitHub,https://github.com/simple-salesforce/simple-salesforce,simple-salesforce,simple-salesforce,refs/tags/v1.12.9,tag,sha256-eMO/K6W9ROljYxR3gK9QjCHdlbAuN4DYjOyTO1WcalQ=,https://github.com/simple-salesforce/simple-salesforce/archive/refs/tags/v1.12.9.tar.gz
python3Packages.simpleitk,simpleitk,2.5.3,fetchFromGitHub,https://github.com/SimpleITK/SimpleITK,SimpleITK,SimpleITK,refs/tags/v2.5.3,tag,sha256-lHpoYGrL7HHOLcYdMKsAPhh7g0hLVsgkRxk1fsmvAzQ=,https://github.com/SimpleITK/SimpleITK/archive/refs/tags/v2.5.3.tar.gz
python3Packages.sirius,SIRIUS,7.10.0,fetchFromGitHub,https://github.com/electronic-structure/SIRIUS,electronic-structure,SIRIUS,refs/tags/v7.10.0,tag,sha256-cq4ajtAJXfIH1B866FYhgROMSwd7nsbXf/6kbSwJAso=,https://github.com/electronic-structure/SIRIUS/archive/refs/tags/v7.10.0.tar.gz
python3Packages.sisyphus-control,sisyphus-control,3.1.4,fetchFromGitHub,https://github.com/jkeljo/sisyphus-control,jkeljo,sisyphus-control,refs/tags/v3.1.4,tag,sha256-1/trJ/mfiXljNt7ZIBwQ45mIBbqg68e29lvVsPDPzoU=,https://github.com/jkeljo/sisyphus-control/archive/refs/tags/v3.1.4.tar.gz
python3Packages.siuba,siuba,0.4.4,fetchFromGitHub,https://github.com/machow/siuba,machow,siuba,refs/tags/v0.4.4,tag,sha256-rd/yQH3sbZqQAQ1AN44vChe30GMJuIlZj3Ccfv1m3lU=,https://github.com/machow/siuba/archive/refs/tags/v0.4.4.tar.gz
python3Packages.slither-analyzer,slither-analyzer,0.11.5,fetchFromGitHub,https://github.com/crytic/slither,crytic,slither,refs/tags/0.11.5,tag,sha256-sy1vE9XniwyvvZRFnnKhPfmYh2auHHcMel9sZx2YK3c=,https://github.com/crytic/slither/archive/refs/tags/0.11.5.tar.gz
python3Packages.spacy,spacy,3.8.11,fetchFromGitHub,https://github.com/explosion/spaCy,explosion,spaCy,refs/tags/release-v3.8.11,tag,sha256-pLn3fq6SDstkRIv+1fj1yEGTlAd1IAiVgRu25CnEV8E=,https://github.com/explosion/spaCy/archive/refs/tags/release-v3.8.11.tar.gz
python3Packages.spacy-transformers,spacy-transformers,1.3.9,fetchFromGitHub,https://github.com/explosion/spacy-transformers,explosion,spacy-transformers,refs/tags/release-v1.3.9,tag,sha256-06M/e8/+hMVQdZfqyI3qGaZY7iznMwMtblEkFR6Sro0=,https://github.com/explosion/spacy-transformers/archive/refs/tags/release-v1.3.9.tar.gz
python3Packages.speechbrain,speechbrain,1.0.3,fetchFromGitHub,https://github.com/speechbrain/speechbrain,speechbrain,speechbrain,refs/tags/v1.0.3,tag,sha256-H45kTOIO6frbrRu+TP+udn1z60ZEcrShNB9iTCLInQs=,https://github.com/speechbrain/speechbrain/archive/refs/tags/v1.0.3.tar.gz
python3Packages.sphinx,sphinx,9.1.0,fetchFromGitHub,https://github.com/sphinx-doc/sphinx,sphinx-doc,sphinx,refs/tags/v9.1.0,tag,sha256-PgqjCeyHOhWtZjyzSZyvsPT0Q7yRyNDiW3x1fQq0K+8=,https://github.com/sphinx-doc/sphinx/archive/refs/tags/v9.1.0.tar.gz
python3Packages.sphinx-intl,sphinx-intl,2.3.2,fetchFromGitHub,https://github.com/sphinx-doc/sphinx-intl,sphinx-doc,sphinx-intl,refs/tags/2.3.2,tag,sha256-5Ro+UG9pwwp656fYyCsna6P4s9Gb86Tu3Qm2WUI7tsE=,https://github.com/sphinx-doc/sphinx-intl/archive/refs/tags/2.3.2.tar.gz
python3Packages.sphinxcontrib-spelling,sphinxcontrib-spelling,8.0.2,fetchFromGitHub,https://github.com/sphinx-contrib/spelling,sphinx-contrib,spelling,refs/tags/8.0.2,tag,sha256-f9n3hp+d3UvfVt2KmhxYm80XsEnIx3EVkdrQJxWDxks=,https://github.com/sphinx-contrib/spelling/archive/refs/tags/8.0.2.tar.gz
python3Packages.sqlalchemy-utils,sqlalchemy-utils,0.41.2,fetchFromGitHub,https://github.com/kvesteri/sqlalchemy-utils,kvesteri,sqlalchemy-utils,refs/tags/0.41.2,tag,sha256-jC8onlCiuzpMlJ3EzpzCnQ128xpkLzrZEuGWQv7pvVE=,https://github.com/kvesteri/sqlalchemy-utils/archive/refs/tags/0.41.2.tar.gz
python3Packages.sqlglot,sqlglot,28.9.0,fetchFromGitHub,https://github.com/tobymao/sqlglot,tobymao,sqlglot,refs/tags/v28.9.0,tag,sha256-2AmHKGAoDF8w9k8VN9d25Js3UiSh8YNqdGRHN7VqRpw=,https://github.com/tobymao/sqlglot/archive/refs/tags/v28.9.0.tar.gz
python3Packages.sqlitedict,sqlitedict,2.1.0,fetchFromGitHub,https://github.com/RaRe-Technologies/sqlitedict,RaRe-Technologies,sqlitedict,refs/tags/v2.1.0,tag,sha256-GfvvkQ6a75UBPn70IFOvjvL1MedSc4siiIjA3IsQnic=,https://github.com/RaRe-Technologies/sqlitedict/archive/refs/tags/v2.1.0.tar.gz
python3Packages.sse-starlette,sse-starlette,3.2.0,fetchFromGitHub,https://github.com/sysid/sse-starlette,sysid,sse-starlette,refs/tags/v3.2.0,tag,sha256-SqYLwbl+AyeqgYIwAd/Z39BSPXaYSXMnM6DAGUv3vQ8=,https://github.com/sysid/sse-starlette/archive/refs/tags/v3.2.0.tar.gz
python3Packages.stanza,stanza,1.11.0,fetchFromGitHub,https://github.com/stanfordnlp/stanza,stanfordnlp,stanza,refs/tags/v1.11.0,tag,sha256-zY2+8QuPJTX/HSkE/gKMCWpSanKpYSGZeeYgb4eFuuw=,https://github.com/stanfordnlp/stanza/archive/refs/tags/v1.11.0.tar.gz
python3Packages.staticjinja,staticjinja,5.0.0,fetchFromGitHub,https://github.com/staticjinja/staticjinja,staticjinja,staticjinja,5.0.0,tag,sha256-LfJTQhZtnTOm39EWF1m2MP5rxz/5reE0G1Uk9L7yx0w=,https://github.com/staticjinja/staticjinja/archive/5.0.0.tar.gz
python3Packages.statsmodels,statsmodels,0.14.6,fetchFromGitHub,https://github.com/statsmodels/statsmodels,statsmodels,statsmodels,refs/tags/v0.14.6,tag,sha256-Rr+7vQ+nx8XihoQQECqHlDKvk7xRTdCpQTzs5pBbqmk=,https://github.com/statsmodels/statsmodels/archive/refs/tags/v0.14.6.tar.gz
python3Packages.steam,steam,1.4.4,fetchFromGitHub,https://github.com/ValvePython/steam,ValvePython,steam,v1.4.4,tag,sha256-OY04GsX3KMPvpsQl8sUurzFyJu+JKpES8B0iD6Z5uyw=,https://github.com/ValvePython/steam/archive/v1.4.4.tar.gz
python3Packages.stravaweblib,stravaweblib,0.0.10,fetchFromGitHub,https://github.com/pR0Ps/stravaweblib,pR0Ps,stravaweblib,refs/tags/v0.0.10,tag,sha256-hsXrU7Rad3LzF58GwlgET98911XjTKztFFNqiUSw278=,https://github.com/pR0Ps/stravaweblib/archive/refs/tags/v0.0.10.tar.gz
python3Packages.sudachidict-core,sudachidict-core,20260116,fetchFromGitHub,https://github.com/WorksApplications/SudachiDict,WorksApplications,SudachiDict,refs/tags/v20260116,tag,sha256-u/LQBAOm2ElF/MmBS9id9Ex1KSKakQ4QCXmENH1B9d0=,https://github.com/WorksApplications/SudachiDict/archive/refs/tags/v20260116.tar.gz
python3Packages.sudachidict-full,sudachidict-full,20260116,fetchFromGitHub,https://github.com/WorksApplications/SudachiDict,WorksApplications,SudachiDict,refs/tags/v20260116,tag,sha256-u/LQBAOm2ElF/MmBS9id9Ex1KSKakQ4QCXmENH1B9d0=,https://github.com/WorksApplications/SudachiDict/archive/refs/tags/v20260116.tar.gz
python3Packages.sudachidict-small,sudachidict-small,20260116,fetchFromGitHub,https://github.com/WorksApplications/SudachiDict,WorksApplications,SudachiDict,refs/tags/v20260116,tag,sha256-u/LQBAOm2ElF/MmBS9id9Ex1KSKakQ4QCXmENH1B9d0=,https://github.com/WorksApplications/SudachiDict/archive/refs/tags/v20260116.tar.gz
python3Packages.sunpy,sunpy,7.1.0,fetchFromGitHub,https://github.com/sunpy/sunpy,sunpy,sunpy,refs/tags/v7.1.0,tag,sha256-FeKmg3dZfbbjt1lDliF4uXf8PvM3J5HWtYqKRriJ4l0=,https://github.com/sunpy/sunpy/archive/refs/tags/v7.1.0.tar.gz
python3Packages.svgdigitizer,svgdigitizer,0.14.2,fetchFromGitHub,https://github.com/echemdb/svgdigitizer,echemdb,svgdigitizer,refs/tags/0.14.2,tag,sha256-7F1q0AvkeqLIoWDNNBUc/91caiQ7kdIcKOkvdAajsLI=,https://github.com/echemdb/svgdigitizer/archive/refs/tags/0.14.2.tar.gz
python3Packages.symspellpy,symspellpy,6.9.0,fetchFromGitHub,https://github.com/mammothb/symspellpy,mammothb,symspellpy,refs/tags/v6.9.0,tag,sha256-isxANYSiwN8pQ7/XfMtO7cyoGdTyrXYOZ6C5rDJsJIs=,https://github.com/mammothb/symspellpy/archive/refs/tags/v6.9.0.tar.gz
python3Packages.sysrsync,sysrsync,1.1.1,fetchFromGitHub,https://github.com/gchamon/sysrsync,gchamon,sysrsync,refs/tags/1.1.1,tag,sha256-2Sz3JrNmIGOnad+qjRzbAgsFEzDtwBT0KLEFyQKZra4=,https://github.com/gchamon/sysrsync/archive/refs/tags/1.1.1.tar.gz
python3Packages.t61codec,t61codec,2.0.0,fetchFromGitHub,https://github.com/exhuma/t61codec,exhuma,t61codec,refs/tags/v2.0.0,tag,sha256-PNUahn6NpNWdK3yhcQ23qb08lkZeNW61GosShLiyPc8=,https://github.com/exhuma/t61codec/archive/refs/tags/v2.0.0.tar.gz
python3Packages.tabcmd,tabcmd,2.0.18,fetchFromGitHub,https://github.com/tableau/tabcmd,tableau,tabcmd,refs/tags/v2.0.18,tag,sha256-Eb9ZboYdco6opKW3Tz0+U9VREWdEyt2xuG62n9WIXPk=,https://github.com/tableau/tabcmd/archive/refs/tags/v2.0.18.tar.gz
python3Packages.tahoma-api,tahoma-api,0.0.17,fetchFromGitHub,https://github.com/philklei/tahoma-api,philklei,tahoma-api,v0.0.17,tag,sha256-YwOKSBlN4lNyS+hfdbQDUq1gc14FBof463ofxtUVLC4=,https://github.com/philklei/tahoma-api/archive/v0.0.17.tar.gz
python3Packages.telethon,telethon,1.42.0,fetchFromGitHub,https://github.com/LonamiWebs/Telethon,LonamiWebs,Telethon,refs/tags/v1.42.0,tag,sha256-NMHJkSTGR3/tck0k97EfVN9f85PAWst+EZ6G7Tgrt5s=,https://github.com/LonamiWebs/Telethon/archive/refs/tags/v1.42.0.tar.gz
python3Packages.tendo,tendo,0.4.0,fetchFromGitHub,https://github.com/pycontribs/tendo,pycontribs,tendo,refs/tags/v0.4.0,tag,sha256-ZOozMGxAKcEtmUEzHCFSojKc+9Ha+T2MOTmMvdMqNuQ=,https://github.com/pycontribs/tendo/archive/refs/tags/v0.4.0.tar.gz
python3Packages.tensorflow-datasets,tensorflow-datasets,4.9.9,fetchFromGitHub,https://github.com/tensorflow/datasets,tensorflow,datasets,refs/tags/v4.9.9,tag,sha256-ZXaPYmj8aozfe6ygzKybId8RZ1TqPuIOSpd8XxnRHus=,https://github.com/tensorflow/datasets/archive/refs/tags/v4.9.9.tar.gz
python3Packages.textnets,textnets,0.10.4,fetchFromGitHub,https://github.com/jboynyc/textnets,jboynyc,textnets,refs/tags/v0.10.4,tag,sha256-GbJH+6EqfP+miqpYitnBwNDO6uQQq3h9Fy58nVaF1vw=,https://github.com/jboynyc/textnets/archive/refs/tags/v0.10.4.tar.gz
python3Packages.tf2onnx,tf2onnx,1.16.1,fetchFromGitHub,https://github.com/onnx/tensorflow-onnx,onnx,tensorflow-onnx,refs/tags/v1.16.1,tag,sha256-qtRzckw/KHWm3gjFwF+cPuBhGbfktjhYIwImwHn2CFk=,https://github.com/onnx/tensorflow-onnx/archive/refs/tags/v1.16.1.tar.gz
python3Packages.tianshou,tianshou,2.0.0,fetchFromGitHub,https://github.com/thu-ml/tianshou,thu-ml,tianshou,refs/tags/v2.0.0,tag,sha256-loE2klM989yZbPZ3Uun3xnGsDHrEZhzk1R0/PcH/1nM=,https://github.com/thu-ml/tianshou/archive/refs/tags/v2.0.0.tar.gz
python3Packages.tiledb,tiledb,0.36.1,fetchFromGitHub,https://github.com/TileDB-Inc/TileDB-Py,TileDB-Inc,TileDB-Py,refs/tags/0.36.1,tag,sha256-LzXj6bs+DuOMDhPeXAmBuarA+eEe67LWWnhpNhR660k=,https://github.com/TileDB-Inc/TileDB-Py/archive/refs/tags/0.36.1.tar.gz
python3Packages.timm,timm,1.0.24,fetchFromGitHub,https://github.com/huggingface/pytorch-image-models,huggingface,pytorch-image-models,refs/tags/v1.0.24,tag,sha256-uimOYftxX3zRvrLlT8Y23g3LdlGUDVs3AMMyKNFbsPg=,https://github.com/huggingface/pytorch-image-models/archive/refs/tags/v1.0.24.tar.gz
python3Packages.tokenizers,tokenizers,0.22.2,fetchFromGitHub,https://github.com/huggingface/tokenizers,huggingface,tokenizers,refs/tags/v0.22.2,tag,sha256-krc+FUA5H3J7L4D1xyjyFMpjXMU8TEfwdfRT4+uvti8=,https://github.com/huggingface/tokenizers/archive/refs/tags/v0.22.2.tar.gz
python3Packages.torchaudio,torchaudio,2.10.0,fetchFromGitHub,https://github.com/pytorch/audio,pytorch,audio,refs/tags/v2.10.0,tag,sha256-b1sjHVFXdNFDbdtXWSM2KisSRE/8IbzJI4rvzYQ4UMg=,https://github.com/pytorch/audio/archive/refs/tags/v2.10.0.tar.gz
python3Packages.torchinfo,torchinfo,1.8.0,fetchFromGitHub,https://github.com/TylerYep/torchinfo,TylerYep,torchinfo,refs/tags/v1.8.0,tag,sha256-pPjg498aT8y4b4tqIzNxxKyobZX01u+66ScS/mee51Q=,https://github.com/TylerYep/torchinfo/archive/refs/tags/v1.8.0.tar.gz
python3Packages.torchvision,torchvision,0.25.0,fetchFromGitHub,https://github.com/pytorch/vision,pytorch,vision,refs/tags/v0.25.0,tag,sha256-oktJHcT6T4f58pUO+HSBpbyS1ISH3zDlTsXQh6PcMy4=,https://github.com/pytorch/vision/archive/refs/tags/v0.25.0.tar.gz
python3Packages.traitlets,traitlets,5.14.3,fetchFromGitHub,https://github.com/ipython/traitlets,ipython,traitlets,refs/tags/v5.14.3,tag,sha256-lWtgzXW1ffzl1jkFaq99X0dU8agulUMHaghsYKX+8Dk=,https://github.com/ipython/traitlets/archive/refs/tags/v5.14.3.tar.gz
python3Packages.transformers,transformers,5.2.0,fetchFromGitHub,https://github.com/huggingface/transformers,huggingface,transformers,refs/tags/v5.2.0,tag,sha256-vus4Y+1QXUNqwBO1ZK0gWd+sJBPwrqWW7O2sn0EBvno=,https://github.com/huggingface/transformers/archive/refs/tags/v5.2.0.tar.gz
python3Packages.tree-sitter,tree-sitter,0.25.2,fetchFromGitHub,https://github.com/tree-sitter/py-tree-sitter,tree-sitter,py-tree-sitter,refs/tags/v0.25.2,tag,sha256-MgiVxq9MUaOkNNgn46g2Cy7/IUx/yatKSR1vE6LscKg=,
python3Packages.tree-sitter-javascript,tree-sitter-javascript,0.25.0,fetchFromGitHub,https://github.com/tree-sitter/tree-sitter-javascript,tree-sitter,tree-sitter-javascript,refs/tags/v0.25.0,tag,sha256-2Jj/SUG+k8lHlGSuPZvHjJojvQFgDiZHZzH8xLu7suE=,https://github.com/tree-sitter/tree-sitter-javascript/archive/refs/tags/v0.25.0.tar.gz
python3Packages.troposphere,troposphere,4.9.6,fetchFromGitHub,https://github.com/cloudtools/troposphere,cloudtools,troposphere,refs/tags/4.9.6,tag,sha256-eiwz1rpEhlCIvI7hrZrknbkEhDkG2SMZkN3Mk6pfuLA=,https://github.com/cloudtools/troposphere/archive/refs/tags/4.9.6.tar.gz
python3Packages.tt-flash,tt-flash,3.6.0,fetchFromGitHub,https://github.com/tenstorrent/tt-flash,tenstorrent,tt-flash,refs/tags/v3.6.0,tag,sha256-io3+fNQWS1Gxb0L0HcQQocOT+ROjQUk4mw7xG3om7oU=,https://github.com/tenstorrent/tt-flash/archive/refs/tags/v3.6.0.tar.gz
python3Packages.tweepy,tweepy,4.16.0,fetchFromGitHub,https://github.com/tweepy/tweepy,tweepy,tweepy,refs/tags/v4.16.0,tag,sha256-9rJrZb9X3twVtfnQTFjWLH/TttfUNm4KA3/6AIHDKc0=,https://github.com/tweepy/tweepy/archive/refs/tags/v4.16.0.tar.gz
python3Packages.twilio,twilio,9.10.2,fetchFromGitHub,https://github.com/twilio/twilio-python,twilio,twilio-python,refs/tags/9.10.2,tag,sha256-3WSzmbi7hHYexD3pEwuWVBQMV5pL5S+7YmUl/05RFU8=,https://github.com/twilio/twilio-python/archive/refs/tags/9.10.2.tar.gz
python3Packages.unify,unify,0.5,fetchFromGitHub,https://github.com/myint/unify,myint,unify,refs/tags/v0.5,tag,sha256-cWV/Q+LbeIxnQNqyatRWQUF8X+HHlQdc10y9qJ7v3dA=,https://github.com/myint/unify/archive/refs/tags/v0.5.tar.gz
python3Packages.unpaddedbase64,unpaddedbase64,2.1.0,fetchFromGitHub,https://github.com/matrix-org/python-unpaddedbase64,matrix-org,python-unpaddedbase64,refs/tags/v2.1.0,tag,1n6har8pxv0mqb96lanzihp1xf76aa17jw3977drb1fgz947pnmz,https://github.com/matrix-org/python-unpaddedbase64/archive/refs/tags/v2.1.0.tar.gz
python3Packages.uranium,uranium,4.12.0,fetchFromGitHub,https://github.com/Ultimaker/Uranium,Ultimaker,Uranium,4.12.0,tag,sha256-SE9xqrloPXIRTJiiqUdRKFmb4c0OjmJK5CMn6VXMFmk=,https://github.com/Ultimaker/Uranium/archive/4.12.0.tar.gz
python3Packages.vcrpy,vcrpy,8.1.1,fetchFromGitHub,https://github.com/kevin1024/vcrpy,kevin1024,vcrpy,refs/tags/v8.1.1,tag,sha256-X6cOoj+XP0lVvf78FTb7FkNqrq5RfXtQlQ3lcOzr3D8=,https://github.com/kevin1024/vcrpy/archive/refs/tags/v8.1.1.tar.gz
python3Packages.virtualenv,virtualenv,20.36.1,fetchFromGitHub,https://github.com/pypa/virtualenv,pypa,virtualenv,refs/tags/20.36.1,tag,sha256-8fiC7+9FzQnmoI+N4cA5kKBLH9tpU7LXZ7pVj8Bz8Wc=,https://github.com/pypa/virtualenv/archive/refs/tags/20.36.1.tar.gz
python3Packages.vllm,vllm,0.15.1,fetchFromGitHub,https://github.com/vllm-project/vllm,vllm-project,vllm,refs/tags/v0.15.1,tag,sha256-qsAvcOB8ugGlBqBrLfNHqaIUcxLwaXBTg8xWRnGyd94=,https://github.com/vllm-project/vllm/archive/refs/tags/v0.15.1.tar.gz
python3Packages.voluptuous,voluptuous,0.16.0,fetchFromGitHub,https://github.com/alecthomas/voluptuous,alecthomas,voluptuous,refs/tags/0.16.0,tag,sha256-Lph+vNsMm69Oqqk3mX27+BR1PsZNxqiI5Uu8nY8hCBc=,https://github.com/alecthomas/voluptuous/archive/refs/tags/0.16.0.tar.gz
python3Packages.wagtail,wagtail,7.3,fetchFromGitHub,https://github.com/wagtail/wagtail,wagtail,wagtail,refs/tags/v7.3,tag,sha256-o/4jn32ffR3BPVNwtFKJ6PowXYi7SpjBqghdeZIl5tM=,https://github.com/wagtail/wagtail/archive/refs/tags/v7.3.tar.gz
python3Packages.warlock,warlock,2.0.1,fetchFromGitHub,https://github.com/bcwaldon/warlock,bcwaldon,warlock,refs/tags/2.0.1,tag,sha256-HOCLzFYmOL/tCXT+NO/tCZuVXVowNEPP3g33ZYg4+6Q=,https://github.com/bcwaldon/warlock/archive/refs/tags/2.0.1.tar.gz
python3Packages.whatthepatch,whatthepatch,1.0.7,fetchFromGitHub,https://github.com/cscorley/whatthepatch,cscorley,whatthepatch,refs/tags/1.0.7,tag,sha256-0pkkwVo9yaFEZyitfpKMC8EVr8HgPLUkrGWmyYOdZNE=,https://github.com/cscorley/whatthepatch/archive/refs/tags/1.0.7.tar.gz
python3Packages.whitenoise,whitenoise,6.11.0,fetchFromGitHub,https://github.com/evansd/whitenoise,evansd,whitenoise,refs/tags/6.11.0,tag,sha256-pcU4qa2dlyPfMgyi1O8zME4GukIvKN4MQhFtJJjdn9w=,https://github.com/evansd/whitenoise/archive/refs/tags/6.11.0.tar.gz
python3Packages.wikipedia2vec,wikipedia2vec,2.0.0,fetchFromGitHub,https://github.com/wikipedia2vec/wikipedia2vec,wikipedia2vec,wikipedia2vec,refs/tags/v2.0.0,tag,sha256-vrBLlNm0bVIStSBWDHRCtuRpazu8JMCtBl4qJPtHGvU=,https://github.com/wikipedia2vec/wikipedia2vec/archive/refs/tags/v2.0.0.tar.gz
python3Packages.xmlschema,xmlschema,4.3.1,fetchFromGitHub,https://github.com/sissaschool/xmlschema,sissaschool,xmlschema,refs/tags/v4.3.1,tag,sha256-O34MHsP4BC5fALHDzXJBWGtcRifdL3dJNwW721QN4vA=,https://github.com/sissaschool/xmlschema/archive/refs/tags/v4.3.1.tar.gz
python3Packages.xrootd,xrootd,5.9.1,fetchFromGitHub,https://github.com/xrootd/xrootd,xrootd,xrootd,refs/tags/v5.9.1,tag,sha256-XClMtQfCGWpLtILGQyYCsKMcOlhLHC5i7UabzXH/imc=,
python3Packages.yara-python,yara-python,4.5.4,fetchFromGitHub,https://github.com/VirusTotal/yara-python,VirusTotal,yara-python,refs/tags/v4.5.4,tag,sha256-2ZwLpkT46KNTQ1ymvMGjnrfHQaIy/rXid0kXoCBixXA=,https://github.com/VirusTotal/yara-python/archive/refs/tags/v4.5.4.tar.gz
python3Packages.yarl,yarl,1.23.0,fetchFromGitHub,https://github.com/aio-libs/yarl,aio-libs,yarl,refs/tags/v1.23.0,tag,sha256-274uVOCTLUihDIJTG62hL2mOBaYDNvRLdTjMcasDFsw=,https://github.com/aio-libs/yarl/archive/refs/tags/v1.23.0.tar.gz
python3Packages.yosys,yosys,0.62,fetchFromGitHub,https://github.com/YosysHQ/yosys,YosysHQ,yosys,refs/tags/v0.62,tag,sha256-FzvdjdAURB5iCkGwsYY6A2wP/Je/IW4AOd4kVOEOeVc=,
python3Packages.z3-solver,z3,4.15.8,fetchFromGitHub,https://github.com/Z3Prover/z3,Z3Prover,z3,z3-4.15.8,tag,sha256-6HCymxICyxGUWD1aq5Vb1t/AYODFQ6ZzoOr3owr+nvY=,https://github.com/Z3Prover/z3/archive/z3-4.15.8.tar.gz
python3Packages.zeep,zeep,4.3.2,fetchFromGitHub,https://github.com/mvantellingen/python-zeep,mvantellingen,python-zeep,refs/tags/4.3.2,tag,sha256-mGX61fAbFwheamOgK5lq/A/3FmTCuv0UfAlhOUwX2zg=,https://github.com/mvantellingen/python-zeep/archive/refs/tags/4.3.2.tar.gz
python3Packages.zenoh,zenoh,1.6.2,fetchFromGitHub,https://github.com/eclipse-zenoh/zenoh-python,eclipse-zenoh,zenoh-python,1.6.2,tag,sha256-GGqZGtHSCaPeO6wFFBxPjdjhsIdcgI1RJ4mZbGq4uzc=,https://github.com/eclipse-zenoh/zenoh-python/archive/1.6.2.tar.gz
python3Packages.zigpy,zigpy,0.92.0,fetchFromGitHub,https://github.com/zigpy/zigpy,zigpy,zigpy,refs/tags/0.92.0,tag,sha256-6rbjv91mkTSEAKndDy/2a8bGpzw/5g57FEZvZdt9ARI=,https://github.com/zigpy/zigpy/archive/refs/tags/0.92.0.tar.gz
python3Packages.zipp,zipp,3.23.1,fetchFromGitHub,https://github.com/jaraco/zipp,jaraco,zipp,refs/tags/v3.23.1,tag,sha256-SC5aMiQsAPLNjCdOHDAMYX2iDSwZltjXxAJJgZnPlJ0=,https://github.com/jaraco/zipp/archive/refs/tags/v3.23.1.tar.gz
pyxel,pyxel,2.3.18,fetchFromGitHub,https://github.com/kitao/pyxel,kitao,pyxel,refs/tags/v2.3.18,tag,sha256-pw1ZDmQ7zGwfM98jjym34RbLmUbjuuUnCoPGczxdai8=,https://github.com/kitao/pyxel/archive/refs/tags/v2.3.18.tar.gz
q-text-as-data,q-text-as-data,2.0.19,fetchFromGitHub,https://github.com/harelba/q,harelba,q,2.0.19,tag,18cwyfjgxxavclyd08bmb943c8bvzp1gnqp4klkq5xlgqwivr4sv,https://github.com/harelba/q/archive/2.0.19.tar.gz
qcad,qcad,3.32.6.0,fetchFromGitHub,https://github.com/qcad/qcad,qcad,qcad,v3.32.6.0,tag,sha256-7PckPPD7CWd+IQWTLhr5+vizIjPpRdva2yDOyC6t0Uc=,https://github.com/qcad/qcad/archive/v3.32.6.0.tar.gz
qgit,qgit,2.13,fetchFromGitHub,https://github.com/tibirna/qgit,tibirna,qgit,qgit-2.13,tag,sha256-hOx6FYccutycp+F3iesj48STFeBM/2r5cw2f5FkBIjY=,https://github.com/tibirna/qgit/archive/qgit-2.13.tar.gz
qgroundcontrol,qgroundcontrol,4.4.5,fetchFromGitHub,https://github.com/mavlink/qgroundcontrol,mavlink,qgroundcontrol,refs/tags/v4.4.5,tag,sha256-wjrfwE97J+UzBPIARQ6cPadN6xIdqR8i+ZKbtiDproM=,
qjackctl,qjackctl,1.0.5,fetchFromGitHub,https://github.com/rncbc/qjackctl,rncbc,qjackctl,refs/tags/v1.0.5,tag,sha256-A4zoKqEO84kOfPwrkngv3EEXegCOs4QqFaS9KmgcKf4=,https://github.com/rncbc/qjackctl/archive/refs/tags/v1.0.5.tar.gz
qlcplus,qlcplus,5.0.0,fetchFromGitHub,https://github.com/mcallegari/qlcplus,mcallegari,qlcplus,QLC+_5.0.0,tag,sha256-gEwcTIJhY78Ts0lUn4MVciV7sPIBkqlxPMa9I1nTHO0=,https://github.com/mcallegari/qlcplus/archive/QLC+_5.0.0.tar.gz
qmplay2,qmplay2-qt6,25.09.11,fetchFromGitHub,https://github.com/zaps166/QMPlay2,zaps166,QMPlay2,refs/tags/25.09.11,tag,sha256-1F6VOTMJZ64PlIVSWoYzNz4LVmn5pEcUq+IfstYDwYo=,https://github.com/zaps166/QMPlay2/archive/refs/tags/25.09.11.tar.gz
qmplay2-qt5,qmplay2-qt5,25.09.11,fetchFromGitHub,https://github.com/zaps166/QMPlay2,zaps166,QMPlay2,refs/tags/25.09.11,tag,sha256-1F6VOTMJZ64PlIVSWoYzNz4LVmn5pEcUq+IfstYDwYo=,https://github.com/zaps166/QMPlay2/archive/refs/tags/25.09.11.tar.gz
qmplay2-qt6,qmplay2-qt6,25.09.11,fetchFromGitHub,https://github.com/zaps166/QMPlay2,zaps166,QMPlay2,refs/tags/25.09.11,tag,sha256-1F6VOTMJZ64PlIVSWoYzNz4LVmn5pEcUq+IfstYDwYo=,https://github.com/zaps166/QMPlay2/archive/refs/tags/25.09.11.tar.gz
qmqtt,qmqtt,1.0.4,fetchFromGitHub,https://github.com/emqx/qmqtt,emqx,qmqtt,v1.0.4,tag,sha256-cIzBnJdMFY25cWf1rBoRQx1G0/5S32igF8vcte+nyHI=,https://github.com/emqx/qmqtt/archive/v1.0.4.tar.gz
qovery-cli,qovery-cli,1.57.3,fetchFromGitHub,https://github.com/Qovery/qovery-cli,Qovery,qovery-cli,refs/tags/v1.57.3,tag,sha256-RjSpojVDmUIBYTKPiiFzbkUeena45nFNi/GhD14FbYY=,https://github.com/Qovery/qovery-cli/archive/refs/tags/v1.57.3.tar.gz
qpdf,qpdf,12.2.0,fetchFromGitHub,https://github.com/qpdf/qpdf,qpdf,qpdf,refs/tags/v12.2.0,tag,sha256-tzOZVQ/XO2mWNtz3mFTdrpdD2PvvCwje5nbEyiIkcZw=,https://github.com/qpdf/qpdf/archive/refs/tags/v12.2.0.tar.gz
qtscrcpy,qtscrcpy,3.3.3,fetchFromGitHub,https://github.com/barry-ran/QtScrcpy,barry-ran,QtScrcpy,refs/tags/v3.3.3,tag,sha256-UZgAFptVC67IXYdxTEmB18fJlFdaOrYrQY4JmdGEJXE=,
quantlib,quantlib,1.41,fetchFromGitHub,https://github.com/lballabio/QuantLib,lballabio,QuantLib,v1.41,tag,sha256-dHXITHP0SBrBXf5hrVhjSD4n2EtVvEkBDfE2NbT0/sc=,https://github.com/lballabio/QuantLib/archive/v1.41.tar.gz
quassel,quassel-kf5,0.14.0,fetchFromGitHub,https://github.com/quassel/quassel,quassel,quassel,0.14.0,tag,sha256-eulhNcyCmy9ryietOhT2yVJeJH+MMZRbTUo2XuTy9qU=,https://github.com/quassel/quassel/archive/0.14.0.tar.gz
quasselClient,quassel-client-kf5,0.14.0,fetchFromGitHub,https://github.com/quassel/quassel,quassel,quassel,0.14.0,tag,sha256-eulhNcyCmy9ryietOhT2yVJeJH+MMZRbTUo2XuTy9qU=,https://github.com/quassel/quassel/archive/0.14.0.tar.gz
quasselDaemon,quassel-daemon-qt5,0.14.0,fetchFromGitHub,https://github.com/quassel/quassel,quassel,quassel,0.14.0,tag,sha256-eulhNcyCmy9ryietOhT2yVJeJH+MMZRbTUo2XuTy9qU=,https://github.com/quassel/quassel/archive/0.14.0.tar.gz
qucs-s,qucs-s,25.2.0,fetchFromGitHub,https://github.com/ra3xdh/qucs_s,ra3xdh,qucs_s,refs/tags/25.2.0,tag,sha256-U5XLjWKOXNjgYtlccNsPT1nUnEGi3NhkJ36jan2OSAw=,https://github.com/ra3xdh/qucs_s/archive/refs/tags/25.2.0.tar.gz
quodlibet,quodlibet,4.7.1,fetchFromGitHub,https://github.com/quodlibet/quodlibet,quodlibet,quodlibet,refs/tags/release-4.7.1,tag,sha256-xr3c1e4tjw2YHuKbvNeUPBIFdHEcpztqXjHVDSSxYlo=,https://github.com/quodlibet/quodlibet/archive/refs/tags/release-4.7.1.tar.gz
quodlibet-full,quodlibet-full,4.7.1,fetchFromGitHub,https://github.com/quodlibet/quodlibet,quodlibet,quodlibet,refs/tags/release-4.7.1,tag,sha256-xr3c1e4tjw2YHuKbvNeUPBIFdHEcpztqXjHVDSSxYlo=,https://github.com/quodlibet/quodlibet/archive/refs/tags/release-4.7.1.tar.gz
quodlibet-without-gst-plugins,quodlibet-without-gst-plugins,4.7.1,fetchFromGitHub,https://github.com/quodlibet/quodlibet,quodlibet,quodlibet,refs/tags/release-4.7.1,tag,sha256-xr3c1e4tjw2YHuKbvNeUPBIFdHEcpztqXjHVDSSxYlo=,https://github.com/quodlibet/quodlibet/archive/refs/tags/release-4.7.1.tar.gz
quodlibet-xine,quodlibet-xine,4.7.1,fetchFromGitHub,https://github.com/quodlibet/quodlibet,quodlibet,quodlibet,refs/tags/release-4.7.1,tag,sha256-xr3c1e4tjw2YHuKbvNeUPBIFdHEcpztqXjHVDSSxYlo=,https://github.com/quodlibet/quodlibet/archive/refs/tags/release-4.7.1.tar.gz
quodlibet-xine-full,quodlibet-xine-full,4.7.1,fetchFromGitHub,https://github.com/quodlibet/quodlibet,quodlibet,quodlibet,refs/tags/release-4.7.1,tag,sha256-xr3c1e4tjw2YHuKbvNeUPBIFdHEcpztqXjHVDSSxYlo=,https://github.com/quodlibet/quodlibet/archive/refs/tags/release-4.7.1.tar.gz
qview,qview,7.1,fetchFromGitHub,https://github.com/jurplel/qView,jurplel,qView,refs/tags/7.1,tag,sha256-EcXhwJcgBLdXa/FQ5LuENlzwnLw4Gt2BGlBO1p5U8tI=,https://github.com/jurplel/qView/archive/refs/tags/7.1.tar.gz
rPackages.arrow,arrow,23.0.0.1,fetchFromGitHub,https://github.com/apache/arrow,apache,arrow,apache-arrow-23.0.0,tag,sha256-BluUlbtGJwvlrpN/c/KziOfFh5dvzZyuCy4JZkkFea4=,https://github.com/apache/arrow/archive/apache-arrow-23.0.0.tar.gz
radare2,radare2,6.0.7,fetchFromGitHub,https://github.com/radare/radare2,radare,radare2,refs/tags/6.0.7,tag,sha256-/WVzqHaDwztvLskE9mSewPlfnVfFPRHQYKvuOitSeNo=,https://github.com/radare/radare2/archive/refs/tags/6.0.7.tar.gz
radiance-vj,radiance,0.7.1,fetchFromGitHub,https://github.com/zbanks/radiance,zbanks,radiance,0.7.1,tag,sha256-RWPcbUg7/gggPuUZLyMJ/m2S5GGfrdE6SWyXERIXsdk=,https://github.com/zbanks/radiance/archive/0.7.1.tar.gz
rain-bittorrent,rain,2.3.0,fetchFromGitHub,https://github.com/cenkalti/rain,cenkalti,rain,refs/tags/v2.3.0,tag,sha256-g7KzqQymnB37nngi4CUuFMoLTUpc5iA3YKEoD+nJ814=,https://github.com/cenkalti/rain/archive/refs/tags/v2.3.0.tar.gz
rapidyaml,rapidyaml,0.10.0,fetchFromGitHub,https://github.com/biojppm/rapidyaml,biojppm,rapidyaml,refs/tags/v0.10.0,tag,sha256-r19PBS35mvAK2RoZGXaw6UU9EuEXVoUK6BV6cJnPyUs=,
rasdaemon,rasdaemon,0.8.4,fetchFromGitHub,https://github.com/mchehab/rasdaemon,mchehab,rasdaemon,refs/tags/v0.8.4,tag,sha256-rk4CZrWQRe2wsx8/eXP0BIeaU/Gxmcb+Kry5F8t4YKQ=,https://github.com/mchehab/rasdaemon/archive/refs/tags/v0.8.4.tar.gz
raspberrypi-eeprom,raspberrypi-eeprom,2026.01.09-2711,fetchFromGitHub,https://github.com/raspberrypi/rpi-eeprom,raspberrypi,rpi-eeprom,refs/tags/v2026.01.09-2711,tag,sha256-grJc7wvnYIYouybJhAE6uRb28JGJ12YP6eHIt/xrPPs=,https://github.com/raspberrypi/rpi-eeprom/archive/refs/tags/v2026.01.09-2711.tar.gz
rdesktop,rdesktop,1.9.0,fetchFromGitHub,https://github.com/rdesktop/rdesktop,rdesktop,rdesktop,refs/tags/v1.9.0,tag,sha256-6Kx3giHMDc+5XfPCtjJ3NysCmTnb0TGrR8Mj0bgM0+g=,https://github.com/rdesktop/rdesktop/archive/refs/tags/v1.9.0.tar.gz
rdkafka,rdkafka,2.13.0,fetchFromGitHub,https://github.com/confluentinc/librdkafka,confluentinc,librdkafka,refs/tags/v2.13.0,tag,sha256-gxZ20qpG3iXwY21fY2lvafWudcnsqN6hOml1UR9fPKQ=,https://github.com/confluentinc/librdkafka/archive/refs/tags/v2.13.0.tar.gz
re2,re2,2025-08-12,fetchFromGitHub,https://github.com/google/re2,google,re2,2025-08-12,tag,sha256-3cWbw8Wlnl1OMPIcbNlc3HnCsuL4VT7psuHWtldsWoQ=,https://github.com/google/re2/archive/2025-08-12.tar.gz
re2c,re2c,4.4,fetchFromGitHub,https://github.com/skvadrik/re2c,skvadrik,re2c,4.4,tag,sha256-/uQOcbK63le1FsGM7RF8NDRGMk4fs2g+u3hBGX2rBv4=,https://github.com/skvadrik/re2c/archive/4.4.tar.gz
readsb,readsb,3.16.9,fetchFromGitHub,https://github.com/wiedehopf/readsb,wiedehopf,readsb,refs/tags/v3.16.9,tag,sha256-jaC+OFhYvPFp3dZ2jfAL+1KT3pVQf5wcvcvX3c+BNsg=,https://github.com/wiedehopf/readsb/archive/refs/tags/v3.16.9.tar.gz
redis,redis,8.2.3,fetchFromGitHub,https://github.com/redis/redis,redis,redis,refs/tags/8.2.3,tag,sha256-PsTAo92Vz+LNxOsbI9VVnx+rHFm67a3bBMeDcLdhXFA=,https://github.com/redis/redis/archive/refs/tags/8.2.3.tar.gz
redli,redli,0.17.0,fetchFromGitHub,https://github.com/IBM-Cloud/redli,IBM-Cloud,redli,refs/tags/v0.17.0,tag,sha256-RSiXJwsQ1hj9+hIA4Q/xadNsS3skJhdGyJBV2LUX3n4=,https://github.com/IBM-Cloud/redli/archive/refs/tags/v0.17.0.tar.gz
rednotebook,rednotebook,2.42,fetchFromGitHub,https://github.com/jendrikseipp/rednotebook,jendrikseipp,rednotebook,refs/tags/v2.42,tag,sha256-4e3LvBVrhqzNja9kOZ5xJVYvwjGkKNvIuXou4YfD6w4=,https://github.com/jendrikseipp/rednotebook/archive/refs/tags/v2.42.tar.gz
redpanda-client,redpanda-rpk,25.3.8,fetchFromGitHub,https://github.com/redpanda-data/redpanda,redpanda-data,redpanda,v25.3.8,tag,sha256-u2V820cjduk6V99Kpsr8YADee07ivos8XIK1ZRXCrN4=,https://github.com/redpanda-data/redpanda/archive/v25.3.8.tar.gz
remark42,remark42,1.15.0,fetchFromGitHub,https://github.com/umputun/remark42,umputun,remark42,refs/tags/v1.15.0,tag,sha256-yd/qTRSZj0nZpgK77xP+XHyHcVXlNpyMzdfj6EbVcXQ=,https://github.com/umputun/remark42/archive/refs/tags/v1.15.0.tar.gz
reno,reno,4.1.0,fetchFromGitHub,https://github.com/openstack/reno,openstack,reno,refs/tags/4.1.0,tag,sha256-le9JtE0XODlYhTFsrjxFXG/Weshr+FyN4M4S3BMBLUE=,https://github.com/openstack/reno/archive/refs/tags/4.1.0.tar.gz
replxx,replxx,0.0.4,fetchFromGitHub,https://github.com/AmokHuginnsson/replxx,AmokHuginnsson,replxx,release-0.0.4,tag,sha256-WGiczMJ64YPq0DHKZRBDa7EGlRx7hPlpnk6zPdIVFh4=,https://github.com/AmokHuginnsson/replxx/archive/release-0.0.4.tar.gz
rerun,rerun,0.30.0,fetchFromGitHub,https://github.com/rerun-io/rerun,rerun-io,rerun,refs/tags/0.30.0,tag,sha256-ZSAcKb6MZUGVOn8a9nEGT3hYr0zRuZ3R53+hNgYBc4Q=,https://github.com/rerun-io/rerun/archive/refs/tags/0.30.0.tar.gz
rescript-language-server,rescript-language-server,1.62.0,fetchFromGitHub,https://github.com/rescript-lang/rescript-vscode,rescript-lang,rescript-vscode,refs/tags/1.62.0,tag,sha256-Tox5Qq0Kpqikac90sQww2cGr9RHlXnVy7GMnRA18CoA=,https://github.com/rescript-lang/rescript-vscode/archive/refs/tags/1.62.0.tar.gz
retext,retext,8.1.0,fetchFromGitHub,https://github.com/retext-project/retext,retext-project,retext,refs/tags/8.1.0,tag,sha256-npQ1eVb2iyswbqxi262shC9u/g9oE0ofkLbisFgqQM4=,https://github.com/retext-project/retext/archive/refs/tags/8.1.0.tar.gz
retool,retool,2.4.5,fetchFromGitHub,https://github.com/unexpectedpanda/retool,unexpectedpanda,retool,refs/tags/v2.4.5,tag,sha256-q1v/VPcKIMGcAtnELKUpVgRGPyMmL8zJr5RdOClCwoc=,https://github.com/unexpectedpanda/retool/archive/refs/tags/v2.4.5.tar.gz
retroshare,retroshare,0.6.7.2,fetchFromGitHub,https://github.com/RetroShare/RetroShare,RetroShare,RetroShare,v0.6.7.2,tag,sha256-1A1YvOWIiWlP1JPUTg5Z/lxVGCBv4tCPf5sZdPogitU=,
reuse,reuse,6.2.0,fetchFromGitHub,https://github.com/fsfe/reuse-tool,fsfe,reuse-tool,refs/tags/v6.2.0,tag,sha256-J49RIt7MxnsMJqJAaGvYgUzXMHAT9/frMmrkhWXe5tQ=,https://github.com/fsfe/reuse-tool/archive/refs/tags/v6.2.0.tar.gz
revive,revive,1.11.0,fetchFromGitHub,https://github.com/mgechev/revive,mgechev,revive,refs/tags/v1.11.0,tag,sha256-89BlSc2tgxAJUGZM951fF+0H+SOsl0+xz/G18neRZxI=,https://github.com/mgechev/revive/archive/refs/tags/v1.11.0.tar.gz
rgbds,rgbds,0.9.4,fetchFromGitHub,https://github.com/gbdev/rgbds,gbdev,rgbds,v0.9.4,tag,sha256-PFnU6vWfwvtnB93J+PcxZk000hbHnbe7GR+HCvH26dg=,https://github.com/gbdev/rgbds/archive/v0.9.4.tar.gz
rhash,rhash,1.4.4,fetchFromGitHub,https://github.com/rhash/RHash,rhash,RHash,v1.4.4,tag,sha256-3CW41ULdXoID4cOgrcG2j85tgIJ/sz5hU7A83qpuxf4=,https://github.com/rhash/RHash/archive/v1.4.4.tar.gz
rhino,rhino,1.8.0,fetchFromGitHub,https://github.com/mozilla/rhino,mozilla,rhino,refs/tags/Rhino1_8_0_Release,tag,sha256-H8DbcRPMm4SKmGf40dXnjGeEbbj9COzdHgUIkcCimTM=,https://github.com/mozilla/rhino/archive/refs/tags/Rhino1_8_0_Release.tar.gz
rhvoice,rhvoice,1.16.5,fetchFromGitHub,https://github.com/RHVoice/RHVoice,RHVoice,RHVoice,refs/tags/1.16.5,tag,sha256-4l4S4MUnVGN/El1BBuZvzPPcavUefjMyBk1hk0ux7zo=,
ricochet-refresh,ricochet-refresh,3.0.39,fetchFromGitHub,https://github.com/blueprint-freespeech/ricochet-refresh,blueprint-freespeech,ricochet-refresh,refs/tags/v3.0.39-release,tag,sha256-bKleUuR3dnvZETnMx7FSpVflPB8rcijMhJbuH/MuTWE=,
rio,rio,0.2.37,fetchFromGitHub,https://github.com/raphamorim/rio,raphamorim,rio,refs/tags/v0.2.37,tag,sha256-5otVXZf8C1yGpfJ8EC5cs8a97KB3+EOI8ulnCI1dspU=,https://github.com/raphamorim/rio/archive/refs/tags/v0.2.37.tar.gz
ripe-atlas-tools,ripe-atlas-tools,3.1.0,fetchFromGitHub,https://github.com/RIPE-NCC/ripe-atlas-tools,RIPE-NCC,ripe-atlas-tools,refs/tags/v3.1.0,tag,sha256-aETSDXCVteTruRKV/8Aw3R/bprB6txOsXrFvoZOxIus=,https://github.com/RIPE-NCC/ripe-atlas-tools/archive/refs/tags/v3.1.0.tar.gz
ripgrep,ripgrep,15.1.0,fetchFromGitHub,https://github.com/BurntSushi/ripgrep,BurntSushi,ripgrep,15.1.0,tag,sha256-0gjwYMUlXYnmIWQS1SVzF1yQw1lpveRLw5qp049lc3I=,https://github.com/BurntSushi/ripgrep/archive/15.1.0.tar.gz
ripgrep-all,ripgrep-all,0.10.10,fetchFromGitHub,https://github.com/phiresky/ripgrep-all,phiresky,ripgrep-all,v0.10.10,tag,sha256-fDSetB2UGzth+3KkCKsXUHj3y08RSfQ2nCKDa8OurW4=,https://github.com/phiresky/ripgrep-all/archive/v0.10.10.tar.gz
ripser,ripser,1.2.1,fetchFromGitHub,https://github.com/Ripser/ripser,Ripser,ripser,v1.2.1,tag,sha256-BxmkPQ/nl5cF+xwQMTjXnLgkLgdmT/39y7Kzl2wDfpE=,https://github.com/Ripser/ripser/archive/v1.2.1.tar.gz
rita,rita,4.8.1,fetchFromGitHub,https://github.com/activecm/rita,activecm,rita,refs/tags/v4.8.1,tag,sha256-By0JvQ4LTm+NEnRMadE1x2PiiYqnJQCsF3Fy+gHulXs=,https://github.com/activecm/rita/archive/refs/tags/v4.8.1.tar.gz
rke,rke,1.8.10,fetchFromGitHub,https://github.com/rancher/rke,rancher,rke,v1.8.10,tag,sha256-FSkEsoo0k8G/tv1EkSXVBn8p16n7M88WtFvD4WgqDl4=,https://github.com/rancher/rke/archive/v1.8.10.tar.gz
rkpd2,rkpd2,2.0.8,fetchFromGitHub,https://github.com/Zrp200/rkpd2,Zrp200,rkpd2,v2.0.8,tag,sha256-jM4CtC3AVXXBjHAfeDp4dFomDpRl76DhD+q9vIAeEhA=,https://github.com/Zrp200/rkpd2/archive/v2.0.8.tar.gz
robustirc-bridge,robustirc-bridge,1.9.0,fetchFromGitHub,https://github.com/robustirc/bridge,robustirc,bridge,v1.9.0,tag,sha256-8SNy3xqVahBuEXCrG21zIggXeahbzJtqtFMxfp+r48g=,https://github.com/robustirc/bridge/archive/v1.9.0.tar.gz
rocksdb,rocksdb,10.9.1,fetchFromGitHub,https://github.com/facebook/rocksdb,facebook,rocksdb,refs/tags/v10.9.1,tag,sha256-AdYt97tcZdj4Kyq0mGl+JreOybKn04tSVvdyaFQWuy4=,https://github.com/facebook/rocksdb/archive/refs/tags/v10.9.1.tar.gz
rocksdb_6_23,rocksdb,6.23.3,fetchFromGitHub,https://github.com/facebook/rocksdb,facebook,rocksdb,v6.23.3,tag,sha256-SsDqhjdCdtIGNlsMj5kfiuS3zSGwcxi4KV71d95h7yk=,https://github.com/facebook/rocksdb/archive/v6.23.3.tar.gz
rocksdb_7_10,rocksdb,7.10.2,fetchFromGitHub,https://github.com/facebook/rocksdb,facebook,rocksdb,v7.10.2,tag,sha256-U2ReSrJwjAXUdRmwixC0DQXht/h/6rV8SOf5e2NozIs=,https://github.com/facebook/rocksdb/archive/v7.10.2.tar.gz
rocksdb_8_11,rocksdb,8.11.4,fetchFromGitHub,https://github.com/facebook/rocksdb,facebook,rocksdb,v8.11.4,tag,sha256-ZrU7G3xeimF3H2LRGBDHOq936u5pH/3nGecM4XEoWc8=,https://github.com/facebook/rocksdb/archive/v8.11.4.tar.gz
rocksdb_8_3,rocksdb,8.3.2,fetchFromGitHub,https://github.com/facebook/rocksdb,facebook,rocksdb,v8.3.2,tag,sha256-mfIRQ8nkUbZ3Bugy3NAvOhcfzFY84J2kBUIUBcQ2/Qg=,https://github.com/facebook/rocksdb/archive/v8.3.2.tar.gz
rocksdb_9_10,rocksdb,9.10.0,fetchFromGitHub,https://github.com/facebook/rocksdb,facebook,rocksdb,v9.10.0,tag,sha256-G+DlQwEUyd7JOCjS1Hg1cKWmA/qAiK8UpUIKcP+riGQ=,https://github.com/facebook/rocksdb/archive/v9.10.0.tar.gz
rockyou,rockyou,2025.3,fetchFromGitHub,https://github.com/danielmiessler/SecLists,danielmiessler,SecLists,2025.3,tag,sha256-o4Va+OJCrDwHhmuN3HbURAOhPLCJGHnJW7RcOkaYPOQ=,https://github.com/danielmiessler/SecLists/archive/2025.3.tar.gz
rolldown,rolldown,1.0.0-rc.5,fetchFromGitHub,https://github.com/rolldown/rolldown,rolldown,rolldown,v1.0.0-rc.5,tag,sha256-uqgJN7jn70z3cQlEEyk+0TeiHDn1AkvMmCaEOksHxhM=,https://github.com/rolldown/rolldown/archive/v1.0.0-rc.5.tar.gz
rosa,rosa,1.2.60,fetchFromGitHub,https://github.com/openshift/rosa,openshift,rosa,v1.2.60,tag,sha256-VKaoN91kxfGp9rFmO6VyD4WwmppITirenF1qpASDbDI=,https://github.com/openshift/rosa/archive/v1.2.60.tar.gz
roxctl,roxctl,4.9.3,fetchFromGitHub,https://github.com/stackrox/stackrox,stackrox,stackrox,4.9.3,tag,sha256-awu4KWcljQAMm/zHA4bDguwngRIosNjHPJZvBnxXGjE=,https://github.com/stackrox/stackrox/archive/4.9.3.tar.gz
roxterm,roxterm,3.17.2,fetchFromGitHub,https://github.com/realh/roxterm,realh,roxterm,3.17.2,tag,sha256-QMWxNgMbodkyUDG2o7nrnVZiWFpIYTdphU9yDEhzKNM=,https://github.com/realh/roxterm/archive/3.17.2.tar.gz
rqbit,rqbit,8.1.1,fetchFromGitHub,https://github.com/ikatson/rqbit,ikatson,rqbit,v8.1.1,tag,sha256-5ErcI3hwC2EgxsjgEVlbHP1MzBf/LndpgTfynQGc29s=,https://github.com/ikatson/rqbit/archive/v8.1.1.tar.gz
rs-git-fsmonitor,rs-git-fsmonitor,0.2.0,fetchFromGitHub,https://github.com/jgavris/rs-git-fsmonitor,jgavris,rs-git-fsmonitor,refs/tags/v0.2.0,tag,sha256-+5nR+/09HmFk3mq2B8NTeBT50aBG85yXEdeO6BhStVw=,https://github.com/jgavris/rs-git-fsmonitor/archive/refs/tags/v0.2.0.tar.gz
rset,rset,3.2,fetchFromGitHub,https://github.com/eradman/rset,eradman,rset,refs/tags/3.2,tag,sha256-b797R79aMopiPApTJ4Q3SP2MRjqCcNNO9BIxtuiNZks=,https://github.com/eradman/rset/archive/refs/tags/3.2.tar.gz
rssguard,rssguard,4.8.6,fetchFromGitHub,https://github.com/martinrotter/rssguard,martinrotter,rssguard,refs/tags/4.8.6,tag,sha256-2gwzk23t9WRHrXlASzba9HQRijHjH0nfWsBjMcqgq68=,https://github.com/martinrotter/rssguard/archive/refs/tags/4.8.6.tar.gz
rstudio,rstudio,2026.01.1+403,fetchFromGitHub,https://github.com/rstudio/rstudio,rstudio,rstudio,refs/tags/v2026.01.1+403,tag,sha256-s+t48LLvxdit6US6MB4DvpEZtUY6SSK5Qha1k4VW0Qk=,https://github.com/rstudio/rstudio/archive/refs/tags/v2026.01.1+403.tar.gz
rstudio-server,rstudio,2026.01.1+403,fetchFromGitHub,https://github.com/rstudio/rstudio,rstudio,rstudio,refs/tags/v2026.01.1+403,tag,sha256-s+t48LLvxdit6US6MB4DvpEZtUY6SSK5Qha1k4VW0Qk=,https://github.com/rstudio/rstudio/archive/refs/tags/v2026.01.1+403.tar.gz
rtabmap,rtabmap,0.23.2,fetchFromGitHub,https://github.com/introlab/rtabmap,introlab,rtabmap,refs/tags/0.23.2,tag,sha256-u9wswlFkGpPgJaBwSddnpv49wBAmkKRwWFO5jQ9/twA=,https://github.com/introlab/rtabmap/archive/refs/tags/0.23.2.tar.gz
rtg-tools,rtg-tools,3.13,fetchFromGitHub,https://github.com/RealTimeGenomics/rtg-tools,RealTimeGenomics,rtg-tools,3.13,tag,sha256-vPzKrgnX6BCQmn9aOVWWpFLC6SbPBHZhZ+oL1LCbvmo=,https://github.com/RealTimeGenomics/rtg-tools/archive/3.13.tar.gz
rtklib-ex,rtklib-ex,2.5.0,fetchFromGitHub,https://github.com/rtklibexplorer/RTKLIB,rtklibexplorer,RTKLIB,refs/tags/v2.5.0,tag,sha256-j00VEQvxOiAc3EQX3x2b3RxYkbtvCZ17ugnW6b6ChWU=,https://github.com/rtklibexplorer/RTKLIB/archive/refs/tags/v2.5.0.tar.gz
rtl_433,rtl_433,25.12,fetchFromGitHub,https://github.com/merbanan/rtl_433,merbanan,rtl_433,25.12,tag,sha256-VDNXLx6OUBQkflKFHp1LP8N5g15o6vYg3P9XWgIoYIg=,https://github.com/merbanan/rtl_433/archive/25.12.tar.gz
rtorrent,rtorrent,0.16.6,fetchFromGitHub,https://github.com/rakshasa/rtorrent,rakshasa,rtorrent,refs/tags/v0.16.6,tag,sha256-Y8LFysyfOsgsMmbLFcf+SjKKDdTFBwDPQU0hW6hiXII=,https://github.com/rakshasa/rtorrent/archive/refs/tags/v0.16.6.tar.gz
rumqttd,rumqttd,0.20.0,fetchFromGitHub,https://github.com/bytebeamio/rumqtt,bytebeamio,rumqtt,refs/tags/rumqttd-0.20.0,tag,sha256-WFhVSFAp5ZIqranLpU86L7keQaReEUXxxGhvikF+TBw=,https://github.com/bytebeamio/rumqtt/archive/refs/tags/rumqttd-0.20.0.tar.gz
runmd,runmd,1.4.1,fetchFromGitHub,https://github.com/broofa/runmd,broofa,runmd,refs/tags/v1.4.1,tag,sha256-NaHBoRp6VuQwobpew7b1us8t2vbVPR4OLe3p3suykOw=,https://github.com/broofa/runmd/archive/refs/tags/v1.4.1.tar.gz
rust-analyzer,rust-analyzer,2026-02-16,fetchFromGitHub,https://github.com/rust-lang/rust-analyzer,rust-lang,rust-analyzer,2026-02-16,tag,sha256-1TZROjtryMzOJHgHhAUQUoAMnnWal231G7gM1pfNlK4=,https://github.com/rust-lang/rust-analyzer/archive/2026-02-16.tar.gz
rust-analyzer-unwrapped,rust-analyzer-unwrapped,2026-02-16,fetchFromGitHub,https://github.com/rust-lang/rust-analyzer,rust-lang,rust-analyzer,2026-02-16,tag,sha256-1TZROjtryMzOJHgHhAUQUoAMnnWal231G7gM1pfNlK4=,https://github.com/rust-lang/rust-analyzer/archive/2026-02-16.tar.gz
rustdesk,rustdesk,1.4.5,fetchFromGitHub,https://github.com/rustdesk/rustdesk,rustdesk,rustdesk,refs/tags/1.4.5,tag,sha256-FRtYafsIKHnGPV8NaiaHxIHkon8/T2P83uq9taUD1Xc=,
rustdesk-flutter,rustdesk,1.4.5,fetchFromGitHub,https://github.com/rustdesk/rustdesk,rustdesk,rustdesk,refs/tags/1.4.5,tag,sha256-FRtYafsIKHnGPV8NaiaHxIHkon8/T2P83uq9taUD1Xc=,
rustdesk-server,rustdesk-server,1.1.14,fetchFromGitHub,https://github.com/rustdesk/rustdesk-server,rustdesk,rustdesk-server,refs/tags/1.1.14,tag,sha256-5LRMey1cxmjLg1s9RtVwgPjHjwYLSQHa6Tyv7r/XEQs=,
s2n-tls,s2n-tls,1.6.4,fetchFromGitHub,https://github.com/aws/s2n-tls,aws,s2n-tls,refs/tags/v1.6.4,tag,sha256-Hnjf+NaxfXFxUvPPIBcK2larrzyQHKh/8FkBYdTexr4=,https://github.com/aws/s2n-tls/archive/refs/tags/v1.6.4.tar.gz
s3ql,s3ql,5.3.0,fetchFromGitHub,https://github.com/s3ql/s3ql,s3ql,s3ql,refs/tags/s3ql-5.3.0,tag,sha256-SVB+VB508hGXvdHZo5lt09yssjjwHS1tsDU8M4j+swc=,https://github.com/s3ql/s3ql/archive/refs/tags/s3ql-5.3.0.tar.gz
s5,s5,0.2.0,fetchFromGitHub,https://github.com/mvisonneau/s5,mvisonneau,s5,v0.2.0,tag,sha256-aNNf7ntGg2A84jD6UeoF4gFv8S/FonbIhV3ZOd/P4bw=,https://github.com/mvisonneau/s5/archive/v0.2.0.tar.gz
sailsd,sailsd,0.3.0,fetchFromGitHub,https://github.com/sails-simulator/sailsd,sails-simulator,sailsd,0.3.0,tag,1s4nlffp683binbdxwwzbsci61kbjylbcr1jf44sv1h1r5d5js05,https://github.com/sails-simulator/sailsd/archive/0.3.0.tar.gz
saldl,saldl,41,fetchFromGitHub,https://github.com/saldl/saldl,saldl,saldl,v41,tag,sha256-PAX2MUyBWWU8kGkaeoCJteidgszh7ipwDJbrLXzVsn0=,https://github.com/saldl/saldl/archive/v41.tar.gz
salmon,salmon,1.10.3,fetchFromGitHub,https://github.com/COMBINE-lab/salmon,COMBINE-lab,salmon,v1.10.3,tag,sha256-HGcDqu0XzgrU3erHavigXCoj3VKk82ixMLY10Kk9MW4=,https://github.com/COMBINE-lab/salmon/archive/v1.10.3.tar.gz
sameboy,sameboy,1.0.2,fetchFromGitHub,https://github.com/LIJI32/SameBoy,LIJI32,SameBoy,refs/tags/v1.0.2,tag,sha256-Sk5/Wojl9rFkTuBFSGN/W8oq8OJNrV5W3E8PdsaMll8=,https://github.com/LIJI32/SameBoy/archive/refs/tags/v1.0.2.tar.gz
samrewritten,samrewritten,20251229.1,fetchFromGitHub,https://github.com/PaulCombal/SamRewritten,PaulCombal,SamRewritten,refs/tags/20251229.1,tag,sha256-E5/h14QnAAkZOrFmrXo457t1cPPNnRTka+CJ1Psor7A=,https://github.com/PaulCombal/SamRewritten/archive/refs/tags/20251229.1.tar.gz
sapling,sapling,0.2.20250521-115337+25ed6ac4,fetchFromGitHub,https://github.com/facebook/sapling,facebook,sapling,refs/tags/0.2.20250521-115337+25ed6ac4,tag,sha256-NvfSx6BMbwOFY+y6Yb/tyUNYeuL8WCoc+HSVys8Ko0Y=,https://github.com/facebook/sapling/archive/refs/tags/0.2.20250521-115337+25ed6ac4.tar.gz
sassc,sassc,3.6.2,fetchFromGitHub,https://github.com/sass/sassc,sass,sassc,3.6.2,tag,sha256-jcs3+orRqKt9C3c2FTdeaj4H2rBP74lW3HF8CHSm7lQ=,https://github.com/sass/sassc/archive/3.6.2.tar.gz
sasview,sasview,6.1.1,fetchFromGitHub,https://github.com/SasView/sasview,SasView,sasview,refs/tags/v6.1.1,tag,sha256-dc1vr+YFHItCI4NnSa+yF948/t7B6utoSp2ps/J40ys=,https://github.com/SasView/sasview/archive/refs/tags/v6.1.1.tar.gz
satdump,satdump,1.2.2,fetchFromGitHub,https://github.com/SatDump/SatDump,SatDump,SatDump,refs/tags/1.2.2,tag,sha256-+Sne+NMwnIAs3ff64fBHAIE4/iDExIC64sXtO0LJwI0=,https://github.com/SatDump/SatDump/archive/refs/tags/1.2.2.tar.gz
savvycan,savvycan,220,fetchFromGitHub,https://github.com/collin80/SavvyCAN,collin80,SavvyCAN,V220,tag,sha256-Du6Pc0JePdJNwBaWKKjTMWOmKCnk6Azojh8IJ7I+ngY=,https://github.com/collin80/SavvyCAN/archive/V220.tar.gz
sbom-tool,sbom-tool,4.1.8,fetchFromGitHub,https://github.com/microsoft/sbom-tool,microsoft,sbom-tool,refs/tags/v4.1.8,tag,sha256-nPZ1xBGUmcWaTrcCHVX1CLuEnhvkO2ifdIhrlwL/f9M=,https://github.com/microsoft/sbom-tool/archive/refs/tags/v4.1.8.tar.gz
scaleway-cli,scaleway-cli,2.52.0,fetchFromGitHub,https://github.com/scaleway/scaleway-cli,scaleway,scaleway-cli,refs/tags/v2.52.0,tag,sha256-92OSk0oJQrLAllbfsJB9FUC8C+0jLQLjw9wYHG+Lc98=,https://github.com/scaleway/scaleway-cli/archive/refs/tags/v2.52.0.tar.gz
scap-security-guide,scap-security-guide,0.1.79,fetchFromGitHub,https://github.com/ComplianceAsCode/content,ComplianceAsCode,content,refs/tags/v0.1.79,tag,sha256-GRjolHyNmgzv5ZBMaVG1mzIX9VsSXzWrgeJxegepjxc=,https://github.com/ComplianceAsCode/content/archive/refs/tags/v0.1.79.tar.gz
sccache,sccache,0.14.0,fetchFromGitHub,https://github.com/mozilla/sccache,mozilla,sccache,v0.14.0,tag,sha256-vpfkWoKu1oksHmgq86QYN7fzIcptormN9ffzXbrJJLs=,https://github.com/mozilla/sccache/archive/v0.14.0.tar.gz
scenebuilder,scenebuilder,21.0.1,fetchFromGitHub,https://github.com/gluonhq/scenebuilder,gluonhq,scenebuilder,21.0.1,tag,sha256-YEcW1yQK6RKDqSstsrpdOqMt972ZagenGDxcJ/gP+SA=,https://github.com/gluonhq/scenebuilder/archive/21.0.1.tar.gz
scipopt-papilo,scipopt-papilo,3.0.0,fetchFromGitHub,https://github.com/scipopt/papilo,scipopt,papilo,refs/tags/v3.0.0,tag,sha256-oxuXv/xWQiApxrrVdH3aEUOp40Em6kCz/DJXXpCxdzs=,https://github.com/scipopt/papilo/archive/refs/tags/v3.0.0.tar.gz
scipopt-scip,scipopt-scip,10.0.1,fetchFromGitHub,https://github.com/scipopt/scip,scipopt,scip,refs/tags/v10.0.1,tag,sha256-YbPGJl2q9Ja1WRhcmpMJgmfE8crY/dH05ayj/N2pQAY=,https://github.com/scipopt/scip/archive/refs/tags/v10.0.1.tar.gz
scipopt-soplex,scipopt-soplex,8.0.1,fetchFromGitHub,https://github.com/scipopt/soplex,scipopt,soplex,refs/tags/v8.0.1,tag,sha256-NN1UwwvLPfRIpL49UV8f2G4glUmTEywKNXK3m1LFHcg=,https://github.com/scipopt/soplex/archive/refs/tags/v8.0.1.tar.gz
scream,scream,4.0,fetchFromGitHub,https://github.com/duncanthrax/scream,duncanthrax,scream,4.0,tag,sha256-lP5mdNhZjkEVjgQUEsisPy+KXUqsE6xj6dFWcgD+VGM=,https://github.com/duncanthrax/scream/archive/4.0.tar.gz
screenfetch,screenfetch,3.9.9,fetchFromGitHub,https://github.com/KittyKatt/screenFetch,KittyKatt,screenFetch,v3.9.9,tag,sha256-UNZMCLXhH4wDV0/fGWsB+KAi6aJVuPs6zpWXIQAqnjo=,https://github.com/KittyKatt/screenFetch/archive/v3.9.9.tar.gz
screentest,screentest,3.0,fetchFromGitHub,https://github.com/TobiX/screentest,TobiX,screentest,refs/tags/3.0,tag,sha256-dbag1EAD+6+srfu/eqSl3CWlZtSopioQjyBQRJcUggA=,https://github.com/TobiX/screentest/archive/refs/tags/3.0.tar.gz
scummvm,scummvm,2026.1.0,fetchFromGitHub,https://github.com/scummvm/scummvm,scummvm,scummvm,v2026.1.0,tag,sha256-wgMOhQ6yHk4dG94J4EdHTxsaCqapyFhJU1GjRuQY8TY=,https://github.com/scummvm/scummvm/archive/v2026.1.0.tar.gz
sdl3,sdl3,3.4.0,fetchFromGitHub,https://github.com/libsdl-org/SDL,libsdl-org,SDL,refs/tags/release-3.4.0,tag,sha256-/A1y/NaZVebzI58F4TlwtDwuzlcA33Y1YuZqd5lz/Sk=,https://github.com/libsdl-org/SDL/archive/refs/tags/release-3.4.0.tar.gz
seadrive-fuse,seadrive-fuse,3.0.18,fetchFromGitHub,https://github.com/haiwen/seadrive-fuse,haiwen,seadrive-fuse,v3.0.18,tag,sha256-oMi297ORIKdJhuYOvazJ+oSVCwRAqvjy0pc+lyBq5oQ=,https://github.com/haiwen/seadrive-fuse/archive/v3.0.18.tar.gz
seadrive-gui,seadrive-gui,3.0.19,fetchFromGitHub,https://github.com/haiwen/seadrive-gui,haiwen,seadrive-gui,v3.0.19,tag,sha256-gT0GKDy/tsQex3LNcBgMdZL2obtvU1BE4EAAIvIFiHM=,https://github.com/haiwen/seadrive-gui/archive/v3.0.19.tar.gz
seafile-client,seafile-client,9.0.15,fetchFromGitHub,https://github.com/haiwen/seafile-client,haiwen,seafile-client,refs/tags/v9.0.15,tag,sha256-BV1+9/+ryZB1BQyRJ5JaIU6bbOi4h8vt+V+FQIfUJp8=,https://github.com/haiwen/seafile-client/archive/refs/tags/v9.0.15.tar.gz
seafile-shared,seafile-shared,9.0.15,fetchFromGitHub,https://github.com/haiwen/seafile,haiwen,seafile,v9.0.15,tag,sha256-mWIOk8O3vlg7Sm/5ZQUB5nOgi8/pEczCGQ94p0km/GI=,https://github.com/haiwen/seafile/archive/v9.0.15.tar.gz
seamly2d,seamly2d,2025.8.4.217,fetchFromGitHub,https://github.com/FashionFreedom/Seamly2D,FashionFreedom,Seamly2D,refs/tags/v2025.8.4.217,tag,sha256-PaGYpGZJGXPXJdfkS0siXGKxhSSdGCzDxAYdGv/lPvA=,https://github.com/FashionFreedom/Seamly2D/archive/refs/tags/v2025.8.4.217.tar.gz
seclists,seclists,2025.3,fetchFromGitHub,https://github.com/danielmiessler/SecLists,danielmiessler,SecLists,2025.3,tag,sha256-o4Va+OJCrDwHhmuN3HbURAOhPLCJGHnJW7RcOkaYPOQ=,https://github.com/danielmiessler/SecLists/archive/2025.3.tar.gz
sedutil,sedutil,1.49.13,fetchFromGitHub,https://github.com/Drive-Trust-Alliance/sedutil,Drive-Trust-Alliance,sedutil,refs/tags/1.49.13,tag,sha256-bSeTbpeecufXNZKNb5A0gWYF3qkBc2fSmNTZxkDW+Vc=,https://github.com/Drive-Trust-Alliance/sedutil/archive/refs/tags/1.49.13.tar.gz
seer,seer,2.6,fetchFromGitHub,https://github.com/epasveer/seer,epasveer,seer,v2.6,tag,sha256-QXVsjTJYGE/7nTKldlOGN6AnW8OthrBJruVbb/HiPdg=,https://github.com/epasveer/seer/archive/v2.6.tar.gz
selenium-manager,selenium-manager,4.40.0,fetchFromGitHub,https://github.com/SeleniumHQ/selenium,SeleniumHQ,selenium,refs/tags/selenium-4.40.0,tag,sha256-Yfm2kpAmmEUP+m48PQf09UvFPeGBxd0ukqTtVah5h+E=,https://github.com/SeleniumHQ/selenium/archive/refs/tags/selenium-4.40.0.tar.gz
semantic-release,semantic-release,25.0.2,fetchFromGitHub,https://github.com/semantic-release/semantic-release,semantic-release,semantic-release,v25.0.2,tag,sha256-iucXpzB9Rd7HuAxg7ZYLuY8j7zRCYxjly5zhyFOmDak=,https://github.com/semantic-release/semantic-release/archive/v25.0.2.tar.gz
send,send,3.4.27,fetchFromGitHub,https://github.com/timvisee/send,timvisee,send,refs/tags/v3.4.27,tag,sha256-tfntox8Sw3xzlCOJgY/LThThm+mptYY5BquYDjzHonQ=,https://github.com/timvisee/send/archive/refs/tags/v3.4.27.tar.gz
sensu-go-agent,sensu-go-agent,6.13.1,fetchFromGitHub,https://github.com/sensu/sensu-go,sensu,sensu-go,v6.13.1,tag,sha256-VYdm1aNz1IXvDezrJB5yyViIWPl4zf4/xmkw2pm8gyk=,https://github.com/sensu/sensu-go/archive/v6.13.1.tar.gz
sensu-go-backend,sensu-go-backend,6.13.1,fetchFromGitHub,https://github.com/sensu/sensu-go,sensu,sensu-go,v6.13.1,tag,sha256-VYdm1aNz1IXvDezrJB5yyViIWPl4zf4/xmkw2pm8gyk=,https://github.com/sensu/sensu-go/archive/v6.13.1.tar.gz
sensu-go-cli,sensu-go-cli,6.13.1,fetchFromGitHub,https://github.com/sensu/sensu-go,sensu,sensu-go,v6.13.1,tag,sha256-VYdm1aNz1IXvDezrJB5yyViIWPl4zf4/xmkw2pm8gyk=,https://github.com/sensu/sensu-go/archive/v6.13.1.tar.gz
sentencepiece,sentencepiece,0.2.1,fetchFromGitHub,https://github.com/google/sentencepiece,google,sentencepiece,refs/tags/v0.2.1,tag,sha256-q0JgMxoD9PLqr6zKmOdrK2A+9RXVDub6xy7NOapS+vs=,https://github.com/google/sentencepiece/archive/refs/tags/v0.2.1.tar.gz
seqkit,seqkit,2.13.0,fetchFromGitHub,https://github.com/shenwei356/seqkit,shenwei356,seqkit,v2.13.0,tag,sha256-IZhQHB96uFQGfAqCJiT4EdkDT605EHu7eSQa/i4d3hQ=,https://github.com/shenwei356/seqkit/archive/v2.13.0.tar.gz
serious-sam-classic,serious-sam-classic,1.10.7,fetchFromGitHub,https://github.com/tx00100xt/SeriousSamClassic,tx00100xt,SeriousSamClassic,refs/tags/1.10.7,tag,sha256-TwbTG2QT3nddLFHwMW4T7sAd9pi+QXdBz62ri4VcNeg=,https://github.com/tx00100xt/SeriousSamClassic/archive/refs/tags/1.10.7.tar.gz
serious-sam-classic-vulkan,serious-sam-classic-vulkan,1.10.7,fetchFromGitHub,https://github.com/tx00100xt/SeriousSamClassic-VK,tx00100xt,SeriousSamClassic-VK,refs/tags/1.10.7,tag,sha256-fnWJOmgaW4/PfrmXiN7qodHEXc96/AZCbUo3dwelY6s=,https://github.com/tx00100xt/SeriousSamClassic-VK/archive/refs/tags/1.10.7.tar.gz
sgx-psw,sgx-psw,2.25.100.3,fetchFromGitHub,https://github.com/intel/linux-sgx,intel,linux-sgx,sgx_2.25,tag,sha256-RR+vFTd9ZM6XUn3KgQeUM+xoj1Ava4zQzFYA/nfXyaw=,
sgx-sdk,sgx-sdk,2.24.100.3,fetchFromGitHub,https://github.com/intel/linux-sgx,intel,linux-sgx,sgx_2.24,tag,sha256-1urEdfMKNUqqyJ3wQ10+tvtlRuAKELpaCWIOzjCbYKw=,
sgx-ssl,sgx-ssl,2.24_3.0.13,fetchFromGitHub,https://github.com/intel/intel-sgx-ssl,intel,intel-sgx-ssl,3.0_Rev2,tag,sha256-dmLyaG6v+skjSa0KxLAfIfSBOxp9grrI7ds6WdGPe0I=,https://github.com/intel/intel-sgx-ssl/archive/3.0_Rev2.tar.gz
shader-slang,shader-slang,2026.3.1,fetchFromGitHub,https://github.com/shader-slang/slang,shader-slang,slang,refs/tags/v2026.3.1,tag,sha256-F+zCchil+Rf1fT7nRBCz5mC1m5oYpiRqWylhpJTr1cw=,
shaderc,shaderc,2026.1,fetchFromGitHub,https://github.com/google/shaderc,google,shaderc,v2026.1,tag,sha256-OiBv18zxeE/gqY4zOMXTsCdkAEWo9BIehdu/adw0+cE=,https://github.com/google/shaderc/archive/v2026.1.tar.gz
shadowenv,shadowenv,3.4.0,fetchFromGitHub,https://github.com/Shopify/shadowenv,Shopify,shadowenv,3.4.0,tag,sha256-WsUeqkuT4NhoaCJG1hqz+uWyvWQBfxtDheEkWkYmSWU=,https://github.com/Shopify/shadowenv/archive/3.4.0.tar.gz
shadps4,shadps4,0.13.0,fetchFromGitHub,https://github.com/shadps4-emu/shadPS4,shadps4-emu,shadPS4,refs/tags/v.0.13.0,tag,sha256-zc3zhFTphty/vwioFEOfhgXttpD9MG2F7+YJYcW0H2w=,
shairport-sync,shairport-sync,5.0.1,fetchFromGitHub,https://github.com/mikebrady/shairport-sync,mikebrady,shairport-sync,refs/tags/5.0.1,tag,sha256-/VvAGoS4tpYvnie0jkJvNwuLmLoMy+vOVcQs8K/Qi/0=,https://github.com/mikebrady/shairport-sync/archive/refs/tags/5.0.1.tar.gz
shairport-sync-airplay2,shairport-sync,5.0.1,fetchFromGitHub,https://github.com/mikebrady/shairport-sync,mikebrady,shairport-sync,refs/tags/5.0.1,tag,sha256-/VvAGoS4tpYvnie0jkJvNwuLmLoMy+vOVcQs8K/Qi/0=,https://github.com/mikebrady/shairport-sync/archive/refs/tags/5.0.1.tar.gz
shattered-pixel-dungeon,shattered-pixel-dungeon,3.3.5,fetchFromGitHub,https://github.com/00-Evan/shattered-pixel-dungeon,00-Evan,shattered-pixel-dungeon,refs/tags/v3.3.5,tag,sha256-NxeDF0bfQJsJiWkAD8ynjtezPZZ5TaU0ih1t2uVtXVU=,https://github.com/00-Evan/shattered-pixel-dungeon/archive/refs/tags/v3.3.5.tar.gz
shc,shc,4.0.3,fetchFromGitHub,https://github.com/neurobin/shc,neurobin,shc,4.0.3,tag,0bfn404plsssa14q89k9l3s5lxq3df0sny5lis4j2w75qrkqx694,https://github.com/neurobin/shc/archive/4.0.3.tar.gz
shelldap,shelldap,1.5.1,fetchFromGitHub,https://github.com/mahlonsmith/shelldap,mahlonsmith,shelldap,refs/tags/v1.5.1,tag,sha256-67ttAXzu9pfeqjfhMfLMb9vWCXTrE+iUDCbamqswaLg=,https://github.com/mahlonsmith/shelldap/archive/refs/tags/v1.5.1.tar.gz
shellhub-agent,shellhub-agent,0.21.5,fetchFromGitHub,https://github.com/shellhub-io/shellhub,shellhub-io,shellhub,v0.21.5,tag,sha256-0adBDz9oHb+Wo1/BucMPavX/4xZidjQYNVA3O475JEo=,https://github.com/shellhub-io/shellhub/archive/v0.21.5.tar.gz
shellspec,shellspec,0.28.1,fetchFromGitHub,https://github.com/shellspec/shellspec,shellspec,shellspec,0.28.1,tag,1ib5qp29f2fmivwnv6hq35qhvdxz42xgjlkvy0i3qn758riyqf46,https://github.com/shellspec/shellspec/archive/0.28.1.tar.gz
shim-unsigned,shim,16.1,fetchFromGitHub,https://github.com/rhboot/shim,rhboot,shim,refs/tags/16.1,tag,sha256-qHZfr7ncJOsb1Cijlp6eJSMzxa34H1h4lACqceOzg+s=,
shoko,shoko,5.3.1,fetchFromGitHub,https://github.com/ShokoAnime/ShokoServer,ShokoAnime,ShokoServer,refs/tags/v5.3.1,tag,sha256-gZK0NUwPKhrrIjdnfwNI0s618qnTf1cYBgPkwajSTEw=,
shopify-themekit,shopify-themekit,1.3.3,fetchFromGitHub,https://github.com/Shopify/themekit,Shopify,themekit,v1.3.3,tag,sha256-m0TAgnYklj/WqZJIm9mHLE7SZgXP8YDQZndDgpiNqL0=,https://github.com/Shopify/themekit/archive/v1.3.3.tar.gz
shotcut,shotcut,25.10.31,fetchFromGitHub,https://github.com/mltframework/shotcut,mltframework,shotcut,refs/tags/v25.10.31,tag,sha256-EUcYUhOZeTMCazl6TH3t1aP0cRhPXC4WKQlAiUkVoyw=,https://github.com/mltframework/shotcut/archive/refs/tags/v25.10.31.tar.gz
shrinkray,shrinkray,26.2.20.0,fetchFromGitHub,https://github.com/DRMacIver/shrinkray,DRMacIver,shrinkray,refs/tags/v26.2.20.0,tag,sha256-KsIWFR5gyFt35yLz/102hET+JMhEU0ukhzwb9MzewSs=,https://github.com/DRMacIver/shrinkray/archive/refs/tags/v26.2.20.0.tar.gz
sic-image-cli,sic-image-cli,0.22.4,fetchFromGitHub,https://github.com/foresterre/sic,foresterre,sic,v0.22.4,tag,sha256-PFbHHO3m4mnV5s8DVev/iao9sC3FYht0whTHYzO25Yo=,https://github.com/foresterre/sic/archive/v0.22.4.tar.gz
sickgear,sickgear,3.34.11,fetchFromGitHub,https://github.com/SickGear/SickGear,SickGear,SickGear,refs/tags/release_3.34.11,tag,sha256-7Jfm/NM5ij/YofU1bpQ8npX6exR1/W6PxvPpulauoMw=,https://github.com/SickGear/SickGear/archive/refs/tags/release_3.34.11.tar.gz
sigdigger,sigdigger,0.3.0,fetchFromGitHub,https://github.com/BatchDrake/SigDigger,BatchDrake,SigDigger,v0.3.0,tag,sha256-dS+Fc0iQz7GIlGaR556Ur/EQh3Uzhqm9uBW42IuEqoE=,https://github.com/BatchDrake/SigDigger/archive/v0.3.0.tar.gz
signalbackup-tools,signalbackup-tools,20260302,fetchFromGitHub,https://github.com/bepaald/signalbackup-tools,bepaald,signalbackup-tools,refs/tags/20260302,tag,sha256-nDe7TSD37K7nEwQ3GVjFiuBff/IwxQNtu5YCfSIrk/k=,https://github.com/bepaald/signalbackup-tools/archive/refs/tags/20260302.tar.gz
sillytavern,sillytavern,1.16.0,fetchFromGitHub,https://github.com/SillyTavern/SillyTavern,SillyTavern,SillyTavern,refs/tags/1.16.0,tag,sha256-v2OAyaKBczo7BdTyA3WUlcIko484YgcgvYmwUk60AeI=,https://github.com/SillyTavern/SillyTavern/archive/refs/tags/1.16.0.tar.gz
silver-platter,silver-platter,0.8.2,fetchFromGitHub,https://github.com/jelmer/silver-platter,jelmer,silver-platter,refs/tags/v0.8.2,tag,sha256-CvFnmGMV46nX6d568pZPqmDEyLZkDnDPpTtf0dMJd4U=,https://github.com/jelmer/silver-platter/archive/refs/tags/v0.8.2.tar.gz
simple64,simple64,2024.12.1,fetchFromGitHub,https://github.com/simple64/simple64,simple64,simple64,refs/tags/v2024.12.1,tag,sha256-rvoUyvhpbibXbAreu6twTeeVRTCbhJiJuyKaJz0uT5k=,https://github.com/simple64/simple64/archive/refs/tags/v2024.12.1.tar.gz
simpleitk,simpleitk,2.5.3,fetchFromGitHub,https://github.com/SimpleITK/SimpleITK,SimpleITK,SimpleITK,refs/tags/v2.5.3,tag,sha256-lHpoYGrL7HHOLcYdMKsAPhh7g0hLVsgkRxk1fsmvAzQ=,https://github.com/SimpleITK/SimpleITK/archive/refs/tags/v2.5.3.tar.gz
singularity,singularity-ce,4.4.0,fetchFromGitHub,https://github.com/sylabs/singularity,sylabs,singularity,refs/tags/v4.4.0,tag,sha256-RYUsGAPDSbH3eYiCF25PEr1sI43y+MlXDq/ze2VICu4=,https://github.com/sylabs/singularity/archive/refs/tags/v4.4.0.tar.gz
singularity-overriden-nixos,singularity-ce,4.4.0,fetchFromGitHub,https://github.com/sylabs/singularity,sylabs,singularity,refs/tags/v4.4.0,tag,sha256-RYUsGAPDSbH3eYiCF25PEr1sI43y+MlXDq/ze2VICu4=,https://github.com/sylabs/singularity/archive/refs/tags/v4.4.0.tar.gz
sirius,SIRIUS,7.10.0,fetchFromGitHub,https://github.com/electronic-structure/SIRIUS,electronic-structure,SIRIUS,refs/tags/v7.10.0,tag,sha256-cq4ajtAJXfIH1B866FYhgROMSwd7nsbXf/6kbSwJAso=,https://github.com/electronic-structure/SIRIUS/archive/refs/tags/v7.10.0.tar.gz
sjasmplus,sjasmplus,1.21.1,fetchFromGitHub,https://github.com/z00m128/sjasmplus,z00m128,sjasmplus,refs/tags/v1.21.1,tag,sha256-wD31GT88hOKhsaXTKEiVIkmZO5sYYv7xb7CjiS2G1W0=,https://github.com/z00m128/sjasmplus/archive/refs/tags/v1.21.1.tar.gz
skaffold,skaffold,2.17.1,fetchFromGitHub,https://github.com/GoogleContainerTools/skaffold,GoogleContainerTools,skaffold,v2.17.1,tag,sha256-Cbpfz0IXFopCeKNDwx8mB/1quhcOO3IWStsFmKeNPYg=,https://github.com/GoogleContainerTools/skaffold/archive/v2.17.1.tar.gz
skytemple,skytemple,1.8.4,fetchFromGitHub,https://github.com/SkyTemple/skytemple,SkyTemple,skytemple,refs/tags/1.8.4,tag,sha256-jdiZLDQEfYESgpe7F5X/odkgXnvjhvfFArrpt4bpPbo=,https://github.com/SkyTemple/skytemple/archive/refs/tags/1.8.4.tar.gz
slither-analyzer,slither-analyzer,0.11.5,fetchFromGitHub,https://github.com/crytic/slither,crytic,slither,refs/tags/0.11.5,tag,sha256-sy1vE9XniwyvvZRFnnKhPfmYh2auHHcMel9sZx2YK3c=,https://github.com/crytic/slither/archive/refs/tags/0.11.5.tar.gz
slurm,slurm,25-11-3-1,fetchFromGitHub,https://github.com/SchedMD/slurm,SchedMD,slurm,slurm-25-11-3-1,tag,sha256-wG94g5fb39A/JqJgdKn8EuXTg1xtGNQw9vJn4jAF3z0=,https://github.com/SchedMD/slurm/archive/slurm-25-11-3-1.tar.gz
smartdns,smartdns,47,fetchFromGitHub,https://github.com/pymumu/smartdns,pymumu,smartdns,Release47,tag,sha256-8OK1OV3Jvj/5nUOxnWTTQAa1Qe3RGxNwJhYEZ7O1RIE=,https://github.com/pymumu/smartdns/archive/Release47.tar.gz
smb3-foundry,smb3-foundry,1.5,fetchFromGitHub,https://github.com/mchlnix/SMB3-Foundry,mchlnix,SMB3-Foundry,refs/tags/1.5,tag,sha256-BZ070ah4awyUDwkkY4aHeTX9/Dxm1NfjUk2k4vxjk+U=,https://github.com/mchlnix/SMB3-Foundry/archive/refs/tags/1.5.tar.gz
smplayer,smplayer,25.6.0,fetchFromGitHub,https://github.com/smplayer-dev/smplayer,smplayer-dev,smplayer,refs/tags/v25.6.0,tag,sha256-txGz6v9hkvnrmVmBHsi1B2eC/iNT1tg4dU5AcMsSCic=,https://github.com/smplayer-dev/smplayer/archive/refs/tags/v25.6.0.tar.gz
snapcast,snapcast,0.34.0,fetchFromGitHub,https://github.com/badaix/snapcast,badaix,snapcast,v0.34.0,tag,sha256-BPsAGFLWUfONuyQ1pzsJzGV/Jlxv+4TkVT1KG7j8H0s=,https://github.com/badaix/snapcast/archive/v0.34.0.tar.gz
snapraid,snapraid,13.0,fetchFromGitHub,https://github.com/amadvance/snapraid,amadvance,snapraid,v13.0,tag,sha256-IoK37ZXlMRLDPjzsLUqcfcu4asdstFJYgHc2wAg9lno=,https://github.com/amadvance/snapraid/archive/v13.0.tar.gz
sngrep,sngrep,1.8.2,fetchFromGitHub,https://github.com/irontec/sngrep,irontec,sngrep,v1.8.2,tag,sha256-nvuT//FWJAa6DzmjBsBW9s2p1M+6Zs4cVmpK4dVemnE=,https://github.com/irontec/sngrep/archive/v1.8.2.tar.gz
snort,snort,3.10.0.0,fetchFromGitHub,https://github.com/snort3/snort3,snort3,snort3,refs/tags/3.10.0.0,tag,sha256-vxiZeJByZGS7rXtvPMgNjb94E/oju+mmEuzJ7tA+hE4=,https://github.com/snort3/snort3/archive/refs/tags/3.10.0.0.tar.gz
sof-tools,sof-tools,2.14.3,fetchFromGitHub,https://github.com/thesofproject/sof,thesofproject,sof,refs/tags/v2.14.3,tag,sha256-eFK00qQ2BAajxWDl2La2+8Lj6GUUfeUAFhK5TC4XkCM=,https://github.com/thesofproject/sof/archive/refs/tags/v2.14.3.tar.gz
sofa,sofa,24.12.00,fetchFromGitHub,https://github.com/sofa-framework/sofa,sofa-framework,sofa,refs/tags/v24.12.00,tag,sha256-LeFIM1RJjA2ynimjE8XngOQ8gR7BgqqTZBbDp0KXxs0=,https://github.com/sofa-framework/sofa/archive/refs/tags/v24.12.00.tar.gz
softflowd,softflowd,1.1.1,fetchFromGitHub,https://github.com/irino/softflowd,irino,softflowd,refs/tags/softflowd-v1.1.1,tag,sha256-qWHwkXT1Lw8fe9nELaMB6EzAnNxsDvxiLWH3AacVZeA=,https://github.com/irino/softflowd/archive/refs/tags/softflowd-v1.1.1.tar.gz
sol2,sol2,3.5.0,fetchFromGitHub,https://github.com/ThePhD/sol2,ThePhD,sol2,v3.5.0,tag,sha256-bW6HD9WLOWizli6LnrkFZKxiT8IdN0QESlok+xCFz1w=,https://github.com/ThePhD/sol2/archive/v3.5.0.tar.gz
solarus,solarus,2.0.3,fetchFromGitLab,https://gitlab.com/solarus-games/solarus,solarus-games,solarus,refs/tags/v2.0.3,tag,sha256-gfKf4ERdZd2g+aiMAM/16/W04G1rNDLaSO3QbhatRxU=,https://gitlab.com/solarus-games/solarus/-/archive/refs/tags/v2.0.3/solarus-refs/tags/v2.0.3.tar.gz
solvespace,solvespace,3.2,fetchFromGitHub,https://github.com/solvespace/solvespace,solvespace,solvespace,v3.2,tag,sha256-+ZSAC7wDOaN51RjbSAqaQOp10JzxSME3g0ln4VdkwcA=,
sonar-scanner-cli,sonar-scanner-cli,7.3.0.5189,fetchFromGitHub,https://github.com/SonarSource/sonar-scanner-cli,SonarSource,sonar-scanner-cli,refs/tags/7.3.0.5189,tag,sha256-Vbd+vQKFQo/wzGF4ekcCiEczlyuTD41Liz+nePR9lVA=,https://github.com/SonarSource/sonar-scanner-cli/archive/refs/tags/7.3.0.5189.tar.gz
sonar-scanner-cli-minimal,sonar-scanner-cli,7.3.0.5189,fetchFromGitHub,https://github.com/SonarSource/sonar-scanner-cli,SonarSource,sonar-scanner-cli,refs/tags/7.3.0.5189,tag,sha256-Vbd+vQKFQo/wzGF4ekcCiEczlyuTD41Liz+nePR9lVA=,https://github.com/SonarSource/sonar-scanner-cli/archive/refs/tags/7.3.0.5189.tar.gz
sonata,sonata,1.7.3,fetchFromGitHub,https://github.com/multani/sonata,multani,sonata,refs/tags/v1.7.3,tag,sha256-eyB+DHcAg1nYjE415VjpPnqZC9embYRhnwXhN2ZVN0o=,https://github.com/multani/sonata/archive/refs/tags/v1.7.3.tar.gz
sophus,sophus,1.24.6,fetchFromGitHub,https://github.com/strasdat/Sophus,strasdat,Sophus,1.24.6,tag,sha256-k5t3kSUrH6B1f60dtqq3Ai4R4D2h+Ld+6Cpljl/AN0w=,https://github.com/strasdat/Sophus/archive/1.24.6.tar.gz
soplex,soplex,716,fetchFromGitHub,https://github.com/scipopt/soplex,scipopt,soplex,release-716,tag,sha256-v2lDtnY3O1nP8RYALqpeO8q4b3bUAKZe4b3QhtnGiGg=,https://github.com/scipopt/soplex/archive/release-716.tar.gz
soqt,soqt,1.6.4,fetchFromGitHub,https://github.com/coin3d/soqt,coin3d,soqt,refs/tags/v1.6.4,tag,sha256-H904mFfrELjB6ZVhypaKJd+pu5y+aVV4foryrsN7IqE=,
souffle,souffle,2.5,fetchFromGitHub,https://github.com/souffle-lang/souffle,souffle-lang,souffle,2.5,tag,sha256-Umfeb1pGAeK5K3QDRD/labC6IJLsPPJ73ycsAV4yPNM=,https://github.com/souffle-lang/souffle/archive/2.5.tar.gz
spades,spades,4.2.0,fetchFromGitHub,https://github.com/ablab/spades,ablab,spades,refs/tags/v4.2.0,tag,sha256-BlZjfZKtCm1kWNPjdth3pYFN0plU7xfTsFotPefzzMY=,https://github.com/ablab/spades/archive/refs/tags/v4.2.0.tar.gz
spdk,spdk,26.01,fetchFromGitHub,https://github.com/spdk/spdk,spdk,spdk,refs/tags/v26.01,tag,sha256-E52VozjnoGnIC7viXrsualaaKXiUU9Fx8zGylTjBzX0=,
spdx-license-list-data,spdx-license-list-data,3.28.0,fetchFromGitHub,https://github.com/spdx/license-list-data,spdx,license-list-data,refs/tags/v3.28.0,tag,sha256-FbeeEBAg9ih6DkAsXdU6ruZwkC7A2u2zYBvblpl54q0=,https://github.com/spdx/license-list-data/archive/refs/tags/v3.28.0.tar.gz
sphinx,sphinx,9.1.0,fetchFromGitHub,https://github.com/sphinx-doc/sphinx,sphinx-doc,sphinx,refs/tags/v9.1.0,tag,sha256-PgqjCeyHOhWtZjyzSZyvsPT0Q7yRyNDiW3x1fQq0K+8=,https://github.com/sphinx-doc/sphinx/archive/refs/tags/v9.1.0.tar.gz
spire,spire,1.14.1,fetchFromGitHub,https://github.com/spiffe/spire,spiffe,spire,refs/tags/v1.14.1,tag,sha256-aefYVK8dPBrLBlAzh33bIZkuIClLj8Cs1p+CHXMxWcU=,https://github.com/spiffe/spire/archive/refs/tags/v1.14.1.tar.gz
spire-agent,spire,1.14.1,fetchFromGitHub,https://github.com/spiffe/spire,spiffe,spire,refs/tags/v1.14.1,tag,sha256-aefYVK8dPBrLBlAzh33bIZkuIClLj8Cs1p+CHXMxWcU=,https://github.com/spiffe/spire/archive/refs/tags/v1.14.1.tar.gz
spire-server,spire,1.14.1,fetchFromGitHub,https://github.com/spiffe/spire,spiffe,spire,refs/tags/v1.14.1,tag,sha256-aefYVK8dPBrLBlAzh33bIZkuIClLj8Cs1p+CHXMxWcU=,https://github.com/spiffe/spire/archive/refs/tags/v1.14.1.tar.gz
spirv-llvm-translator,SPIRV-LLVM-Translator,21.1.0,fetchFromGitHub,https://github.com/KhronosGroup/SPIRV-LLVM-Translator,KhronosGroup,SPIRV-LLVM-Translator,v21.1.0,tag,sha256-kk8BbPl/UBW1gaO/cuOQ9OsiNTEk0TkvRDLKUAh6exk=,https://github.com/KhronosGroup/SPIRV-LLVM-Translator/archive/v21.1.0.tar.gz
spirv-tools,spirv-tools,1.4.341.0,fetchFromGitHub,https://github.com/KhronosGroup/SPIRV-Tools,KhronosGroup,SPIRV-Tools,vulkan-sdk-1.4.341.0,tag,sha256-8haVqfmTBvNuv5jEc/LaAO34pWjTZAJ04FIxuxfJNUc=,https://github.com/KhronosGroup/SPIRV-Tools/archive/vulkan-sdk-1.4.341.0.tar.gz
spoofdpi,SpoofDPI,1.2.1,fetchFromGitHub,https://github.com/xvzc/SpoofDPI,xvzc,SpoofDPI,v1.2.1,tag,sha256-ybSrJzlC2lNAsUMS+3mwadGcrAN0YV0UF/Huua+2G68=,https://github.com/xvzc/SpoofDPI/archive/v1.2.1.tar.gz
spot,spot,0.5.0,fetchFromGitHub,https://github.com/xou816/spot,xou816,spot,refs/tags/0.5.0,tag,sha256-7zWK0wkh53ojnoznv4T/X//JeyKJVKOrfYF0IkvciIY=,https://github.com/xou816/spot/archive/refs/tags/0.5.0.tar.gz
sqlitebrowser,sqlitebrowser,3.13.1,fetchFromGitHub,https://github.com/sqlitebrowser/sqlitebrowser,sqlitebrowser,sqlitebrowser,refs/tags/v3.13.1,tag,sha256-bpZnO8i8MDgOm0f93pBmpy1sZLJQ9R4o4ZLnGfT0JRg=,https://github.com/sqlitebrowser/sqlitebrowser/archive/refs/tags/v3.13.1.tar.gz
sratoolkit,sratoolkit,3.3.0,fetchFromGitHub,https://github.com/ncbi/sra-tools,ncbi,sra-tools,refs/tags/3.3.0,tag,sha256-Lv4EWAKJ6F5uvsXgo2Bx3JyY9lYaL1El9Jbi2LidmHo=,https://github.com/ncbi/sra-tools/archive/refs/tags/3.3.0.tar.gz
srb2,srb2,2.2.15,fetchFromGitHub,https://github.com/STJr/SRB2,STJr,SRB2,SRB2_release_2.2.15,tag,sha256-eJ0GYe3Rw6qQXj+jtyt8MkP87DaCiO9ffChg+SpQqaI=,https://github.com/STJr/SRB2/archive/SRB2_release_2.2.15.tar.gz
src-cli,src-cli,7.0.0,fetchFromGitHub,https://github.com/sourcegraph/src-cli,sourcegraph,src-cli,7.0.0,tag,sha256-YwbZohw90RgEVpKtek4Wt2/nPhPSavKsHLmUH3ytQmw=,https://github.com/sourcegraph/src-cli/archive/7.0.0.tar.gz
srtp,libsrtp,2.7.0,fetchFromGitHub,https://github.com/cisco/libsrtp,cisco,libsrtp,v2.7.0,tag,sha256-5AFsigie3YUrfvZYEIopjBJSNdoKoFlMBP9lv68+f6Q=,https://github.com/cisco/libsrtp/archive/v2.7.0.tar.gz
sscg,sscg,4.0.3,fetchFromGitHub,https://github.com/sgallagher/sscg,sgallagher,sscg,refs/tags/sscg-4.0.3,tag,sha256-0t3ntUxfh1jFukWGwmdbt0axFfUiH1QEq6wFrGoI7Jk=,https://github.com/sgallagher/sscg/archive/refs/tags/sscg-4.0.3.tar.gz
ssh-vault,ssh-vault,1.2.2,fetchFromGitHub,https://github.com/ssh-vault/ssh-vault,ssh-vault,ssh-vault,refs/tags/1.2.2,tag,sha256-fRU2i7zzVs6Wx7y1idgMUqZhNMqLGE2UJRrSCIG0R2o=,https://github.com/ssh-vault/ssh-vault/archive/refs/tags/1.2.2.tar.gz
sssd,sssd,2.12.0,fetchFromGitHub,https://github.com/SSSD/sssd,SSSD,sssd,refs/tags/2.12.0,tag,sha256-9F+D7qZKwnP1U0zJbvzy0f7dQSKkfgJrewDJ4p+Svgk=,https://github.com/SSSD/sssd/archive/refs/tags/2.12.0.tar.gz
ssss,ssss,0.5.7,fetchFromGitHub,https://github.com/MrJoy/ssss,MrJoy,ssss,releases%2Fv0.5.7,tag,18r1hwch6nq6gjijavr4pvrxz2plrlrvdx8ssqhdj2vmqvlqwbvd,https://github.com/MrJoy/ssss/archive/releases%2Fv0.5.7.tar.gz
stackblur-go,stackblur-go,1.1.0,fetchFromGitHub,https://github.com/esimov/stackblur-go,esimov,stackblur-go,v1.1.0,tag,sha256-y1Fov81mholhz+bLRYl+G7jhzcsFS5TUjQ3SUntD8E0=,https://github.com/esimov/stackblur-go/archive/v1.1.0.tar.gz
stalwart,stalwart,0.15.5,fetchFromGitHub,https://github.com/stalwartlabs/stalwart,stalwartlabs,stalwart,refs/tags/v0.15.5,tag,sha256-T7ft+GQLLPWgVFoo3m3pLDwgXRwa5idRFlhKjDLkQaw=,https://github.com/stalwartlabs/stalwart/archive/refs/tags/v0.15.5.tar.gz
stalwart-cli,stalwart-cli,0.15.5,fetchFromGitHub,https://github.com/stalwartlabs/stalwart,stalwartlabs,stalwart,refs/tags/v0.15.5,tag,sha256-T7ft+GQLLPWgVFoo3m3pLDwgXRwa5idRFlhKjDLkQaw=,https://github.com/stalwartlabs/stalwart/archive/refs/tags/v0.15.5.tar.gz
stalwart-enterprise,stalwart-enterprise,0.15.5,fetchFromGitHub,https://github.com/stalwartlabs/stalwart,stalwartlabs,stalwart,refs/tags/v0.15.5,tag,sha256-T7ft+GQLLPWgVFoo3m3pLDwgXRwa5idRFlhKjDLkQaw=,https://github.com/stalwartlabs/stalwart/archive/refs/tags/v0.15.5.tar.gz
stalwart-mail,stalwart,0.15.5,fetchFromGitHub,https://github.com/stalwartlabs/stalwart,stalwartlabs,stalwart,refs/tags/v0.15.5,tag,sha256-T7ft+GQLLPWgVFoo3m3pLDwgXRwa5idRFlhKjDLkQaw=,https://github.com/stalwartlabs/stalwart/archive/refs/tags/v0.15.5.tar.gz
stanc,stanc,2.38.0,fetchFromGitHub,https://github.com/stan-dev/stanc3,stan-dev,stanc3,refs/tags/v2.38.0,tag,sha256-j05PMQKIqkM9UWJzSVnkYWe6d+iUnmFOh1W8pZ7Fdyk=,https://github.com/stan-dev/stanc3/archive/refs/tags/v2.38.0.tar.gz
starboard,starboard,0.15.32,fetchFromGitHub,https://github.com/aquasecurity/starboard,aquasecurity,starboard,refs/tags/v0.15.32,tag,sha256-rFElikd/R5i7Itp+3XFgPRCoWd61X0IYszbcOMhcKRc=,https://github.com/aquasecurity/starboard/archive/refs/tags/v0.15.32.tar.gz
stash,stash,0.29.1,fetchFromGitHub,https://github.com/stashapp/stash,stashapp,stash,refs/tags/v0.29.1,tag,sha256-OM2tpa8m4QuUs/HABRt8t/WHNeHWtrbJPZvlKBHcj9Y=,https://github.com/stashapp/stash/archive/refs/tags/v0.29.1.tar.gz
staticjinja,staticjinja,5.0.0,fetchFromGitHub,https://github.com/staticjinja/staticjinja,staticjinja,staticjinja,5.0.0,tag,sha256-LfJTQhZtnTOm39EWF1m2MP5rxz/5reE0G1Uk9L7yx0w=,https://github.com/staticjinja/staticjinja/archive/5.0.0.tar.gz
stella,stella,7.0c,fetchFromGitHub,https://github.com/stella-emu/stella,stella-emu,stella,7.0c,tag,sha256-AbZBBg4P0qnB+mZpiG8/kHixBfkKQptyLrF4lwgRr/Y=,https://github.com/stella-emu/stella/archive/7.0c.tar.gz
stellar-core,stellar-core,19.14.0,fetchFromGitHub,https://github.com/stellar/stellar-core,stellar,stellar-core,refs/tags/v19.14.0,tag,sha256-lxBn/T01Tsa7tid3mRJUigUwv9d3BAPZhV9Mp1lywBU=,
stevenblack-blocklist,stevenblack-blocklist,3.16.63,fetchFromGitHub,https://github.com/StevenBlack/hosts,StevenBlack,hosts,refs/tags/3.16.63,tag,sha256-PYB4Dns88vYz7Yo3BOrtEez4IGPBvh1SbHECRO8Hfvc=,https://github.com/StevenBlack/hosts/archive/refs/tags/3.16.63.tar.gz
sticky,sticky,1.30,fetchFromGitHub,https://github.com/linuxmint/sticky,linuxmint,sticky,1.30,tag,sha256-8Y6PoQQHS8h1AT+4DMbExd9y7ScDMig0M9BJQjq09Uc=,https://github.com/linuxmint/sticky/archive/1.30.tar.gz
stochas,stochas,1.3.13,fetchFromGitHub,https://github.com/surge-synthesizer/stochas,surge-synthesizer,stochas,refs/tags/v1.3.13,tag,sha256-Gp49cWvUkwz4xAq5sA1nUO+amRC39iWeUemQJyv6hTs=,
stockfish,stockfish,18,fetchFromGitHub,https://github.com/official-stockfish/Stockfish,official-stockfish,Stockfish,refs/tags/sf_18,tag,sha256-J9E0fJeUemKh1mAPJ5PjZ3kmXqAc1Ec3dG5sfzvhuGo=,https://github.com/official-stockfish/Stockfish/archive/refs/tags/sf_18.tar.gz
strace-analyzer,strace-analyzer,0.5.4,fetchFromGitHub,https://github.com/wookietreiber/strace-analyzer,wookietreiber,strace-analyzer,v0.5.4,tag,sha256-KbdQeZoWFz4D5txu/411J0HNnIAs3t5IvO30/34vBek=,https://github.com/wookietreiber/strace-analyzer/archive/v0.5.4.tar.gz
strawberry,strawberry,1.2.18,fetchFromGitHub,https://github.com/jonaski/strawberry,jonaski,strawberry,1.2.18,tag,sha256-5h1psYJDKnFFgIGZY3ecCttgkR+zuUwa3b/A4keLk9o=,https://github.com/jonaski/strawberry/archive/1.2.18.tar.gz
stress-ng,stress-ng,0.20.01,fetchFromGitHub,https://github.com/ColinIanKing/stress-ng,ColinIanKing,stress-ng,refs/tags/V0.20.01,tag,sha256-C9TpUM18W+ARFAFLSqTl6RjRrI60pxhdP/veBHu2cco=,https://github.com/ColinIanKing/stress-ng/archive/refs/tags/V0.20.01.tar.gz
strongswan,strongswan,6.0.4,fetchFromGitHub,https://github.com/strongswan/strongswan,strongswan,strongswan,refs/tags/6.0.4,tag,sha256-KRfEH7puwn+PgQvOrkTEowPnGzCtXdsUqg7wBNMypkQ=,https://github.com/strongswan/strongswan/archive/refs/tags/6.0.4.tar.gz
strongswanNM,strongswan,6.0.4,fetchFromGitHub,https://github.com/strongswan/strongswan,strongswan,strongswan,refs/tags/6.0.4,tag,sha256-KRfEH7puwn+PgQvOrkTEowPnGzCtXdsUqg7wBNMypkQ=,https://github.com/strongswan/strongswan/archive/refs/tags/6.0.4.tar.gz
strongswanTNC,strongswan,6.0.4,fetchFromGitHub,https://github.com/strongswan/strongswan,strongswan,strongswan,refs/tags/6.0.4,tag,sha256-KRfEH7puwn+PgQvOrkTEowPnGzCtXdsUqg7wBNMypkQ=,https://github.com/strongswan/strongswan/archive/refs/tags/6.0.4.tar.gz
strongswanTPM,strongswan,6.0.4,fetchFromGitHub,https://github.com/strongswan/strongswan,strongswan,strongswan,refs/tags/6.0.4,tag,sha256-KRfEH7puwn+PgQvOrkTEowPnGzCtXdsUqg7wBNMypkQ=,https://github.com/strongswan/strongswan/archive/refs/tags/6.0.4.tar.gz
style50,style50,2.10.4,fetchFromGitHub,https://github.com/cs50/style50,cs50,style50,refs/tags/v2.10.4,tag,sha256-59V3QZMYH5edBXv1GNdoaQxerDfKmLKUZ7VL3cvDvuE=,https://github.com/cs50/style50/archive/refs/tags/v2.10.4.tar.gz
sumo,sumo,1.26.0,fetchFromGitHub,https://github.com/eclipse-sumo/sumo,eclipse-sumo,sumo,refs/tags/v1_26_0,tag,sha256-HMuUQeme/cmJFR71bxsgr1tqtewl3vmsclGhc6ygiyk=,
sundials,sundials,7.6.0,fetchFromGitHub,https://github.com/LLNL/sundials,LLNL,sundials,refs/tags/v7.6.0,tag,sha256-DdVZXFfQXpJ9z5ikaK1ZQ/ZkL/vAGdlNsE9MJsIkLdM=,https://github.com/LLNL/sundials/archive/refs/tags/v7.6.0.tar.gz
sunshine,sunshine,2025.924.154138,fetchFromGitHub,https://github.com/LizardByte/Sunshine,LizardByte,Sunshine,refs/tags/v2025.924.154138,tag,sha256-QrPfZqd9pgufohUjxlTpO6V0v7B41UrXHZaESsFjZ48=,
super-productivity,super-productivity,17.2.1,fetchFromGitHub,https://github.com/johannesjo/super-productivity,johannesjo,super-productivity,refs/tags/v17.2.1,tag,sha256-yt3HXOhpy2uzzpFInZbTHCWA9LfHB2bqEFCHzHwIv70=,https://github.com/johannesjo/super-productivity/archive/refs/tags/v17.2.1.tar.gz
superTuxKart,supertuxkart,1.5,fetchFromGitHub,https://github.com/supertuxkart/stk-code,supertuxkart,stk-code,refs/tags/1.5,tag,sha256-/fp5iqTHVrVcxRqbTy/3r+dp19oUj9MI2JauvtPWTWA=,https://github.com/supertuxkart/stk-code/archive/refs/tags/1.5.tar.gz
superlu,superlu,7.0.1,fetchFromGitHub,https://github.com/xiaoyeli/superlu,xiaoyeli,superlu,refs/tags/v7.0.1,tag,sha256-MiQPhYIGZbvmtpIojrNzTG4Xao7lc4Ks/FtxlfdAKmQ=,https://github.com/xiaoyeli/superlu/archive/refs/tags/v7.0.1.tar.gz
superlu_dist,superlu_dist,9.2.0,fetchFromGitHub,https://github.com/xiaoyeli/superlu_dist,xiaoyeli,superlu_dist,refs/tags/v9.2.0,tag,sha256-i/Gg+9oMNNRlviwXUSRkWNaLRZLPWZRtA1fGYqh2X0k=,https://github.com/xiaoyeli/superlu_dist/archive/refs/tags/v9.2.0.tar.gz
supertuxkart,supertuxkart,1.5,fetchFromGitHub,https://github.com/supertuxkart/stk-code,supertuxkart,stk-code,refs/tags/1.5,tag,sha256-/fp5iqTHVrVcxRqbTy/3r+dp19oUj9MI2JauvtPWTWA=,https://github.com/supertuxkart/stk-code/archive/refs/tags/1.5.tar.gz
surge-XT,surge-xt,1.3.4,fetchFromGitHub,https://github.com/surge-synthesizer/surge,surge-synthesizer,surge,refs/tags/release_xt_1.3.4,tag,sha256-4b0H3ZioiXFc4KCeQReobwQZJBl6Ep2/8JlRIwvq/hQ=,
surge-xt,surge-xt,1.3.4,fetchFromGitHub,https://github.com/surge-synthesizer/surge,surge-synthesizer,surge,refs/tags/release_xt_1.3.4,tag,sha256-4b0H3ZioiXFc4KCeQReobwQZJBl6Ep2/8JlRIwvq/hQ=,
surrealdb,surrealdb,2.6.1,fetchFromGitHub,https://github.com/surrealdb/surrealdb,surrealdb,surrealdb,refs/tags/v2.6.1,tag,sha256-Dd6tabpSTh7IN9PLE4Zt/s1G7mNUwYfy+nEZpPTy8a8=,https://github.com/surrealdb/surrealdb/archive/refs/tags/v2.6.1.tar.gz
swiftformat,swiftformat,0.59.1,fetchFromGitHub,https://github.com/nicklockwood/SwiftFormat,nicklockwood,SwiftFormat,0.59.1,tag,sha256-QOrDpLen1aRPtRmUcAIormM0XADyHZFuE9ls/LdjPzs=,https://github.com/nicklockwood/SwiftFormat/archive/0.59.1.tar.gz
swiftpm,swiftpm,5.10.1,fetchFromGitHub,https://github.com/apple/swift-package-manager,apple,swift-package-manager,swift-5.10.1-RELEASE,tag,sha256-yL/cPCt7pZ0XqbbxEnrbzM2X3EkU9klon7SzO2Z13SA=,https://github.com/apple/swift-package-manager/archive/swift-5.10.1-RELEASE.tar.gz
sylkserver,sylkserver,6.5.0,fetchFromGitHub,https://github.com/AGProjects/sylkserver,AGProjects,sylkserver,refs/tags/6.5.0,tag,sha256-A15EJs35ZgXy9db3+XC0q5fTlemLJsA945nvIY50Pa4=,https://github.com/AGProjects/sylkserver/archive/refs/tags/6.5.0.tar.gz
synapse-admin-etkecc,synapse-admin-etkecc,0.11.1-etke53,fetchFromGitHub,https://github.com/etkecc/synapse-admin,etkecc,synapse-admin,refs/tags/v0.11.1-etke53,tag,sha256-VKTOtY8DX1ItPbuVnqoofEnwaq0hjiOTnnL7pVxfc4k=,https://github.com/etkecc/synapse-admin/archive/refs/tags/v0.11.1-etke53.tar.gz
syncthing,syncthing,2.0.12,fetchFromGitHub,https://github.com/syncthing/syncthing,syncthing,syncthing,refs/tags/v2.0.12,tag,sha256-bWClKODxzcSbKiKFcgDKbRGih8KaSeVpltiFDAE8sHM=,https://github.com/syncthing/syncthing/archive/refs/tags/v2.0.12.tar.gz
syncthing-discovery,syncthing-discovery,2.0.12,fetchFromGitHub,https://github.com/syncthing/syncthing,syncthing,syncthing,refs/tags/v2.0.12,tag,sha256-bWClKODxzcSbKiKFcgDKbRGih8KaSeVpltiFDAE8sHM=,https://github.com/syncthing/syncthing/archive/refs/tags/v2.0.12.tar.gz
syncthing-relay,syncthing-relay,2.0.12,fetchFromGitHub,https://github.com/syncthing/syncthing,syncthing,syncthing,refs/tags/v2.0.12,tag,sha256-bWClKODxzcSbKiKFcgDKbRGih8KaSeVpltiFDAE8sHM=,https://github.com/syncthing/syncthing/archive/refs/tags/v2.0.12.tar.gz
synergy,synergy,1.14.6.19-stable,fetchFromGitHub,https://github.com/symless/synergy-core,symless,synergy-core,1.14.6.19-stable,tag,sha256-0QqklfSsvcXh7I2jaHk82k0nY8gQOj9haA4WOjGqBqY=,
synergyWithoutGUI,synergy,1.14.6.19-stable,fetchFromGitHub,https://github.com/symless/synergy-core,symless,synergy-core,1.14.6.19-stable,tag,sha256-0QqklfSsvcXh7I2jaHk82k0nY8gQOj9haA4WOjGqBqY=,
synfigstudio,synfigstudio,1.5.3,fetchFromGitHub,https://github.com/synfig/synfig,synfig,synfig,v1.5.3,tag,sha256-D+FUEyzJ74l0USq3V9HIRAfgyJfRP372aEKDqF8+hsQ=,https://github.com/synfig/synfig/archive/v1.5.3.tar.gz
syslogng,syslog-ng,4.11.0,fetchFromGitHub,https://github.com/syslog-ng/syslog-ng,syslog-ng,syslog-ng,refs/tags/syslog-ng-4.11.0,tag,sha256-7t1Q3qaPMp36siQALmeB27G6hfsql+kepERGB0yPsVU=,
system76-firmware,system76-firmware,1.0.74,fetchFromGitHub,https://github.com/pop-os/system76-firmware,pop-os,system76-firmware,1.0.74,tag,sha256-lgBEzOxTmVAksZ7yo7dIUzP6Z8KKmUpEIDEpU7CL69Y=,https://github.com/pop-os/system76-firmware/archive/1.0.74.tar.gz
tabby,tabby,0.28.0,fetchFromGitHub,https://github.com/TabbyML/tabby,TabbyML,tabby,refs/tags/v0.28.0,tag,sha256-cdY1/k7zZ4am6JP9ghnnJFHop/ZcnC/9alzd2MS8xqc=,
tabby-agent,tabby-agent,0.31.2,fetchFromGitHub,https://github.com/TabbyML/tabby,TabbyML,tabby,refs/tags/v0.31.2,tag,sha256-dVQ/OLJnXgkzWfX3p6Cplw9hti2jXoMKCvKhm6YNzAI=,https://github.com/TabbyML/tabby/archive/refs/tags/v0.31.2.tar.gz
tagger,tagger,2024.6.0-1,fetchFromGitHub,https://github.com/nlogozzo/NickvisionTagger,nlogozzo,NickvisionTagger,2024.6.0-1,tag,sha256-4OfByQYhLXmeFWxzhqt8d7pLUyuMLhDM20E2YcA9Q3s=,https://github.com/nlogozzo/NickvisionTagger/archive/2024.6.0-1.tar.gz
tailwindcss-language-server,tailwindcss-language-server,0.14.28,fetchFromGitHub,https://github.com/tailwindlabs/tailwindcss-intellisense,tailwindlabs,tailwindcss-intellisense,refs/tags/v0.14.28,tag,sha256-jds6Wq4rcR4wXonZ1v9JITiEc4gflT0sTc3KUSBCMFc=,https://github.com/tailwindlabs/tailwindcss-intellisense/archive/refs/tags/v0.14.28.tar.gz
taler-exchange,taler-exchange,1.3.0,fetchgit,https://git.taler.net/exchange.git,,,refs/tags/v1.3.0,tag,sha256-FePuJUEa01E2jlAOdHryzkFwXqNcU+AkMKs1pamNJn8=,
tanka,tanka,0.36.3,fetchFromGitHub,https://github.com/grafana/tanka,grafana,tanka,v0.36.3,tag,sha256-ukWPmOEFOMnjwqTy9GkA8+WF3ItXUUvuh8EdKngLlT8=,https://github.com/grafana/tanka/archive/v0.36.3.tar.gz
tar2ext4,tar2ext4,0.13.0,fetchFromGitHub,https://github.com/microsoft/hcsshim,microsoft,hcsshim,v0.13.0,tag,sha256-/ImyicXRBGclnUEpqygNYhknFYJmRqBqKkz/gNxVLWQ=,https://github.com/microsoft/hcsshim/archive/v0.13.0.tar.gz
tarantool,tarantool,3.6.0,fetchFromGitHub,https://github.com/tarantool/tarantool,tarantool,tarantool,refs/tags/3.6.0,tag,sha256-fkAjzAS7LV+bME8FeImg1OXNfNhXTH6qb53TzHz4SFY=,
tartufo,tartufo,6.0.0,fetchFromGitHub,https://github.com/godaddy/tartufo,godaddy,tartufo,refs/tags/v6.0.0,tag,sha256-GWxDGsoWVKjg/2zTPx+xsMmrBp6yAC5pq5/AALmY7No=,https://github.com/godaddy/tartufo/archive/refs/tags/v6.0.0.tar.gz
taskwarrior2,taskwarrior,2.6.2,fetchFromGitHub,https://github.com/GothenburgBitFactory/taskwarrior,GothenburgBitFactory,taskwarrior,refs/tags/v2.6.2,tag,sha256-0YveqiylXJi4cdDCfnPtwCVOJbQrZYsxnXES+9B4Yfw=,
taskwarrior3,taskwarrior,3.4.2,fetchFromGitHub,https://github.com/GothenburgBitFactory/taskwarrior,GothenburgBitFactory,taskwarrior,refs/tags/v3.4.2,tag,sha256-Y0jnAW4OtPI9GCOSFRPf8/wo4qBB6O1FASj40S601+E=,
tbb,onetbb,2022.3.0,fetchFromGitHub,https://github.com/oneapi-src/oneTBB,oneapi-src,oneTBB,refs/tags/v2022.3.0,tag,sha256-HIHF6KHlEI4rgQ9Epe0+DmNe1y95K9iYa4V/wFnJfEU=,https://github.com/oneapi-src/oneTBB/archive/refs/tags/v2022.3.0.tar.gz
tbb_2022,onetbb,2022.3.0,fetchFromGitHub,https://github.com/oneapi-src/oneTBB,oneapi-src,oneTBB,refs/tags/v2022.3.0,tag,sha256-HIHF6KHlEI4rgQ9Epe0+DmNe1y95K9iYa4V/wFnJfEU=,https://github.com/oneapi-src/oneTBB/archive/refs/tags/v2022.3.0.tar.gz
tbe,tbe,0.9.3.1,fetchFromGitHub,https://github.com/kaa-ching/tbe,kaa-ching,tbe,refs/tags/v0.9.3.1,tag,sha256-UnvFr/ofk6CgtBv6ua8XjZAWScFGfeNx+is5Q8Zl4qk=,https://github.com/kaa-ching/tbe/archive/refs/tags/v0.9.3.1.tar.gz
tdnf,tdnf,3.5.9,fetchFromGitHub,https://github.com/vmware/tdnf,vmware,tdnf,v3.5.9,tag,sha256-p9g+b7Fqq8V6QSaikEQMMHWqBf4UtRA9a/VtH+s5JUM=,https://github.com/vmware/tdnf/archive/v3.5.9.tar.gz
tealdeer,tealdeer,1.8.1,fetchFromGitHub,https://github.com/tealdeer-rs/tealdeer,tealdeer-rs,tealdeer,v1.8.1,tag,sha256-QxkFpcEFLn98LvGDQ/PEovzzHTfNiKFQfGaHl/w5aLQ=,https://github.com/tealdeer-rs/tealdeer/archive/v1.8.1.tar.gz
tectonic-unwrapped,tectonic,0.15.0,fetchFromGitHub,https://github.com/tectonic-typesetting/tectonic,tectonic-typesetting,tectonic,tectonic@0.15.0,tag,sha256-dZnUu0g86WJIIvwMgdmwb6oYqItxoYrGQTFNX7I61Bs=,https://github.com/tectonic-typesetting/tectonic/archive/tectonic@0.15.0.tar.gz
teeworlds,teeworlds,0.7.5,fetchFromGitHub,https://github.com/teeworlds/teeworlds,teeworlds,teeworlds,0.7.5,tag,1l19ksmimg6b8zzjy0skyhh7z11ql7n5gvilkv7ay5x2b9ndbqwz,
teeworlds-server,teeworlds,0.7.5,fetchFromGitHub,https://github.com/teeworlds/teeworlds,teeworlds,teeworlds,0.7.5,tag,1l19ksmimg6b8zzjy0skyhh7z11ql7n5gvilkv7ay5x2b9ndbqwz,
tektoncd-cli,tektoncd-cli,0.44.0,fetchFromGitHub,https://github.com/tektoncd/cli,tektoncd,cli,refs/tags/v0.44.0,tag,sha256-wWHrm7V2kKFfgSOV8V6lF76kVJbLL+KVlTZLr5+Hjnw=,https://github.com/tektoncd/cli/archive/refs/tags/v0.44.0.tar.gz
telegraf,telegraf,1.37.3,fetchFromGitHub,https://github.com/influxdata/telegraf,influxdata,telegraf,v1.37.3,tag,sha256-HMmniDwEyM5jciHVGsR4VT1oPlv9ZvxoVZcdQQr99b8=,https://github.com/influxdata/telegraf/archive/v1.37.3.tar.gz
teleport,teleport,18.7.0,fetchFromGitHub,https://github.com/gravitational/teleport,gravitational,teleport,refs/tags/v18.7.0,tag,sha256-1AzIZ2jbYncpUStIrKgP6jhkJ42HDoXfhEv5hJdyDnA=,https://github.com/gravitational/teleport/archive/refs/tags/v18.7.0.tar.gz
teleport_17,teleport,17.7.19,fetchFromGitHub,https://github.com/gravitational/teleport,gravitational,teleport,refs/tags/v17.7.19,tag,sha256-2bQEW3HllZvMofumLSgvZvWqrlRV6fK9uB3QTJD6x3w=,https://github.com/gravitational/teleport/archive/refs/tags/v17.7.19.tar.gz
teleport_18,teleport,18.7.0,fetchFromGitHub,https://github.com/gravitational/teleport,gravitational,teleport,refs/tags/v18.7.0,tag,sha256-1AzIZ2jbYncpUStIrKgP6jhkJ42HDoXfhEv5hJdyDnA=,https://github.com/gravitational/teleport/archive/refs/tags/v18.7.0.tar.gz
telepresence,telepresence,0.109,fetchFromGitHub,https://github.com/telepresenceio/telepresence,telepresenceio,telepresence,0.109,tag,1ccc8bzcdxp6rh6llk7grcnmyc05fq7dz5w0mifdzjv3a473hsky,https://github.com/telepresenceio/telepresence/archive/0.109.tar.gz
telepresence2,telepresence2,2.26.0,fetchFromGitHub,https://github.com/telepresenceio/telepresence,telepresenceio,telepresence,v2.26.0,tag,sha256-/WFTOFThqnUDCTkTTTj9Y6x5iaucH1H5/10mZGcyvQM=,https://github.com/telepresenceio/telepresence/archive/v2.26.0.tar.gz
tempo,tempo,2.10.1,fetchFromGitHub,https://github.com/grafana/tempo,grafana,tempo,refs/tags/v2.10.1,tag,sha256-XhtG3+0Xy7Bi3RuY5MNcHB7Hp6lXjzksdGu7eztXmnU=,
temporal,temporal,1.30.1,fetchFromGitHub,https://github.com/temporalio/temporal,temporalio,temporal,refs/tags/v1.30.1,tag,sha256-pmgQkvWjwwaErKnj/nn73qTeYqIMsHi0lyrY6c1+o/0=,https://github.com/temporalio/temporal/archive/refs/tags/v1.30.1.tar.gz
tenacity,tenacity,1.3.4,fetchFromForgejo,https://codeberg.org/tenacityteam/tenacity,tenacityteam,tenacity,v1.3.4,tag,sha256-2gndOwgEJK2zDSbjcZigbhEpGv301/ygrf+EQhKp8PI=,https://codeberg.org/tenacityteam/tenacity/archive/v1.3.4.tar.gz
tendermint,tendermint,0.35.9,fetchFromGitHub,https://github.com/tendermint/tendermint,tendermint,tendermint,v0.35.9,tag,sha256-3tggW+M3vZChDT1g77W5M3hchEN6pTSVvkrZda6ZTCY=,https://github.com/tendermint/tendermint/archive/v0.35.9.tar.gz
terminusdb,terminusdb,12.0.4,fetchFromGitHub,https://github.com/terminusdb/terminusdb,terminusdb,terminusdb,refs/tags/v12.0.4,tag,sha256-vJifp0U4FrbtI86M8pt022BQWIIeK8jWWFG1Ch1m7IQ=,https://github.com/terminusdb/terminusdb/archive/refs/tags/v12.0.4.tar.gz
termusic,termusic,0.12.1,fetchFromGitHub,https://github.com/tramhao/termusic,tramhao,termusic,v0.12.1,tag,sha256-e+D7ykqGX2UprakCZc9Gmaxct+b19DMfTRMkeIANXqg=,https://github.com/tramhao/termusic/archive/v0.12.1.tar.gz
terraform-lsp,terraform-lsp,0.0.12,fetchFromGitHub,https://github.com/juliosueiras/terraform-lsp,juliosueiras,terraform-lsp,v0.0.12,tag,111350jbq0dp0qhk48j12hrlisd1fwzqpcv357igrbqf6ki7r78q,https://github.com/juliosueiras/terraform-lsp/archive/v0.0.12.tar.gz
tesseract,tesseract,5.5.2,fetchFromGitHub,https://github.com/tesseract-ocr/tesseract,tesseract-ocr,tesseract,5.5.2,tag,sha256-VLmKwycJK66fFkdWOSYO5OJkJC8MTWKTQWIVb243ekc=,https://github.com/tesseract-ocr/tesseract/archive/5.5.2.tar.gz
tesseract3,tesseract,3.05.02,fetchFromGitHub,https://github.com/tesseract-ocr/tesseract,tesseract-ocr,tesseract,3.05.02,tag,sha256-28osuZnVwkJpNTYkU+5D5PI8xtViFzGCMScHzkS2H20=,https://github.com/tesseract-ocr/tesseract/archive/3.05.02.tar.gz
tesseract4,tesseract,4.1.3,fetchFromGitHub,https://github.com/tesseract-ocr/tesseract,tesseract-ocr,tesseract,4.1.3,tag,sha256-sV3w53ky13ESc0dGPutMGQ4TcmOeWJkvUwBPIyzSTc8=,https://github.com/tesseract-ocr/tesseract/archive/4.1.3.tar.gz
tesseract5,tesseract,5.5.2,fetchFromGitHub,https://github.com/tesseract-ocr/tesseract,tesseract-ocr,tesseract,5.5.2,tag,sha256-VLmKwycJK66fFkdWOSYO5OJkJC8MTWKTQWIVb243ekc=,https://github.com/tesseract-ocr/tesseract/archive/5.5.2.tar.gz
testssl,testssl.sh,3.2.3,fetchFromGitHub,https://github.com/drwetter/testssl.sh,drwetter,testssl.sh,v3.2.3,tag,sha256-hR+EhAkv7EXMhBu8wEF6yjpvMzLJZcjH+Jdji0EQkgY=,https://github.com/drwetter/testssl.sh/archive/v3.2.3.tar.gz
textadept,textadept,12.9,fetchFromGitHub,https://github.com/orbitalquark/textadept,orbitalquark,textadept,refs/tags/textadept_12.9,tag,sha256-vpBmDcnaHdpYZIfcy482G4NGor+64Dh1tzryb8JJ+c8=,https://github.com/orbitalquark/textadept/archive/refs/tags/textadept_12.9.tar.gz
tfswitch,tfswitch,1.14.0,fetchFromGitHub,https://github.com/warrensbox/terraform-switcher,warrensbox,terraform-switcher,v1.14.0,tag,sha256-PIGKrDeavUL7J44nLhHRHw/R3FBA6aKn2HJxtiCWZuQ=,https://github.com/warrensbox/terraform-switcher/archive/v1.14.0.tar.gz
tg-timer,tg-timer,0.7.0,fetchFromGitHub,https://github.com/xyzzy42/tg,xyzzy42,tg,refs/tags/v0.7.0-tpiepho,tag,sha256-9QeTjr/J0Y10YfPKEfYnciu5z2+hmmWFKLdw6CCS3hU=,https://github.com/xyzzy42/tg/archive/refs/tags/v0.7.0-tpiepho.tar.gz
the-powder-toy,the-powder-toy,99.3.384,fetchFromGitHub,https://github.com/The-Powder-Toy/The-Powder-Toy,The-Powder-Toy,The-Powder-Toy,refs/tags/v99.3.384,tag,sha256-vlswHNkjyxM9sZT+mwiCMfNbdAbhYyx06w+ZLfaPaEQ=,https://github.com/The-Powder-Toy/The-Powder-Toy/archive/refs/tags/v99.3.384.tar.gz
thorium-reader,thorium-reader,3.3.0,fetchFromGitHub,https://github.com/edrlab/thorium-reader,edrlab,thorium-reader,refs/tags/v3.3.0,tag,sha256-2d5M9C/cLK2A8O3Ls0xEkT6H8tucVR7eivPi+82V7Zg=,https://github.com/edrlab/thorium-reader/archive/refs/tags/v3.3.0.tar.gz
thrift,thrift,0.22.0,fetchFromGitHub,https://github.com/apache/thrift,apache,thrift,refs/tags/v0.22.0,tag,sha256-gGAO+D0A/hEoHMm6OvRBc1Mks9y52kfd0q/Sg96pdW4=,https://github.com/apache/thrift/archive/refs/tags/v0.22.0.tar.gz
tidb,tidb,8.5.5,fetchFromGitHub,https://github.com/pingcap/tidb,pingcap,tidb,v8.5.5,tag,sha256-wrCdclS9qpc0mq5QZ6u5/APZyOTWvCJNCPCzM385MBM=,https://github.com/pingcap/tidb/archive/v8.5.5.tar.gz
tika,tika,2.9.3,fetchFromGitHub,https://github.com/apache/tika,apache,tika,refs/tags/2.9.3,tag,sha256-nuiE+MWJNA4PLprAC0vDBadk34TFsVEDBcCZct1XRxo=,https://github.com/apache/tika/archive/refs/tags/2.9.3.tar.gz
tikzit,tikzit,2.1.6,fetchFromGitHub,https://github.com/tikzit/tikzit,tikzit,tikzit,v2.1.6,tag,0ba99pgv54pj1xvhrwn9db2w0v4h07vsjajcnhpa2smy88ypg32h,https://github.com/tikzit/tikzit/archive/v2.1.6.tar.gz
tiledb,tiledb,2.30.0,fetchFromGitHub,https://github.com/TileDB-Inc/TileDB,TileDB-Inc,TileDB,refs/tags/2.30.0,tag,sha256-wzeWLwwsZXtrKsmlglZG7YvIki/ba7IwsDBq+40ltcg=,https://github.com/TileDB-Inc/TileDB/archive/refs/tags/2.30.0.tar.gz
timeshift-unwrapped,timeshift,25.12.4,fetchFromGitHub,https://github.com/linuxmint/timeshift,linuxmint,timeshift,refs/tags/25.12.4,tag,sha256-4iK9RngcqwR0sYo9AXcTwEQ1eoPQPbAmwM5k/rcgU9s=,https://github.com/linuxmint/timeshift/archive/refs/tags/25.12.4.tar.gz
timewarrior,timewarrior,1.9.1,fetchFromGitHub,https://github.com/GothenburgBitFactory/timewarrior,GothenburgBitFactory,timewarrior,refs/tags/v1.9.1,tag,sha256-wwuyXcLCrNvpDIQvoBt/OQlwoTMhPzGZ+WrZdTo6IPo=,
tinc_pre,tinc,1.1pre18,fetchFromGitHub,https://github.com/gsliepen/tinc,gsliepen,tinc,release-1.1pre18,tag,sha256-1anjTUlVLx57FlUqGwBd590lfkZ2MmrM1qRcMl4P7Sg=,https://github.com/gsliepen/tinc/archive/release-1.1pre18.tar.gz
tio,tio,3.9,fetchFromGitHub,https://github.com/tio/tio,tio,tio,v3.9,tag,sha256-92+F41kDGKgzV0e7Z6xly1NRDm8Ayg9eqeKN+05B4ok=,https://github.com/tio/tio/archive/v3.9.tar.gz
tiv,tiv,1.2.1,fetchFromGitHub,https://github.com/stefanhaustein/TerminalImageViewer,stefanhaustein,TerminalImageViewer,refs/tags/v1.2.1,tag,sha256-xuJpl/tGWlyo8aKKy0yYzGladLs3ayKcRCodDNyZI9w=,https://github.com/stefanhaustein/TerminalImageViewer/archive/refs/tags/v1.2.1.tar.gz
tmux,tmux,3.6a,fetchFromGitHub,https://github.com/tmux/tmux,tmux,tmux,refs/tags/3.6a,tag,sha256-VwOyR9YYhA/uyVRJbspNrKkJWJGYFFktwPnnwnIJ97s=,https://github.com/tmux/tmux/archive/refs/tags/3.6a.tar.gz
tokio-console,tokio-console,0.1.14,fetchFromGitHub,https://github.com/tokio-rs/console,tokio-rs,console,tokio-console-v0.1.14,tag,sha256-mZCYdz0AQhCBqbvcjXNp2bXSKf7tJ/01fz2W4wpjVX8=,https://github.com/tokio-rs/console/archive/tokio-console-v0.1.14.tar.gz
tomboy-ng,tomboy-ng,0.42,fetchFromGitHub,https://github.com/tomboy-notes/tomboy-ng,tomboy-notes,tomboy-ng,v0.42,tag,sha256-ppvEZeVHJ4DHIdEXfLOWcb4Wbsi6YVKqm6NGQ7lPtdg=,https://github.com/tomboy-notes/tomboy-ng/archive/v0.42.tar.gz
topfew,topfew,2.0.0,fetchFromGitHub,https://github.com/timbray/topfew,timbray,topfew,refs/tags/v2.0.0,tag,sha256-P3K3IhgYkrxmEG2l7EQDVWQ+P7fOjUMUFrlAnY+8NmI=,https://github.com/timbray/topfew/archive/refs/tags/v2.0.0.tar.gz
topicctl,topicctl,2.0.1,fetchFromGitHub,https://github.com/segmentio/topicctl,segmentio,topicctl,v2.0.1,tag,sha256-i7Gu7bk7J8+kG6gWpB+8hyIQs7B3TNQmYvLyQQ0ZGtc=,https://github.com/segmentio/topicctl/archive/v2.0.1.tar.gz
toxiproxy,toxiproxy,2.12.0,fetchFromGitHub,https://github.com/Shopify/toxiproxy,Shopify,toxiproxy,v2.12.0,tag,sha256-CqJr3h2n+fzN6Ves38H7fYXd5vlpDVfF3kg4Tr8ThPc=,https://github.com/Shopify/toxiproxy/archive/v2.12.0.tar.gz
tparse,tparse,0.18.0,fetchFromGitHub,https://github.com/mfridman/tparse,mfridman,tparse,v0.18.0,tag,sha256-oJApKmdo8uvnm6npXpzcKBRRkZ901AH1kZqGuoLdB3U=,https://github.com/mfridman/tparse/archive/v0.18.0.tar.gz
tpm2-tss,tpm2-tss,4.1.3,fetchFromGitHub,https://github.com/tpm2-software/tpm2-tss,tpm2-software,tpm2-tss,4.1.3,tag,sha256-BP28utEUI9g1VNv3lCXuiKrDtEImFQxxZfIjLiE3Wr8=,https://github.com/tpm2-software/tpm2-tss/archive/4.1.3.tar.gz
tpnote,tpnote,1.25.17,fetchFromGitHub,https://github.com/getreu/tp-note,getreu,tp-note,refs/tags/v1.25.17,tag,sha256-XOoqPhWS50kj2n48A0SyOuUZHsoP7YxMrWpzgpTr/DY=,https://github.com/getreu/tp-note/archive/refs/tags/v1.25.17.tar.gz
tracee,tracee,0.23.2,fetchFromGitHub,https://github.com/aquasecurity/tracee,aquasecurity,tracee,refs/tags/v0.23.2,tag,sha256-Rf1pa9e6t002ltg40xZZVpE5OL9Vl02Xcn2Ux0To408=,https://github.com/aquasecurity/tracee/archive/refs/tags/v0.23.2.tar.gz
trackma,trackma,0.9,fetchFromGitHub,https://github.com/z411/trackma,z411,trackma,refs/tags/v0.9,tag,Hov9qdVabu1k3SIoUmvcRtSK8TcETqGPXI2RqN/bei4=,
trackma-curses,trackma,0.9,fetchFromGitHub,https://github.com/z411/trackma,z411,trackma,refs/tags/v0.9,tag,Hov9qdVabu1k3SIoUmvcRtSK8TcETqGPXI2RqN/bei4=,
trackma-gtk,trackma,0.9,fetchFromGitHub,https://github.com/z411/trackma,z411,trackma,refs/tags/v0.9,tag,Hov9qdVabu1k3SIoUmvcRtSK8TcETqGPXI2RqN/bei4=,
trackma-qt,trackma,0.9,fetchFromGitHub,https://github.com/z411/trackma,z411,trackma,refs/tags/v0.9,tag,Hov9qdVabu1k3SIoUmvcRtSK8TcETqGPXI2RqN/bei4=,
tre-command,tre-command,0.4.0,fetchFromGitHub,https://github.com/dduan/tre,dduan,tre,v0.4.0,tag,sha256-JlkONhXMWLzxAf3SYoLkSvXw4bFYBnsCyyj0TUsezwg=,https://github.com/dduan/tre/archive/v0.4.0.tar.gz
tremotesf,tremotesf,2.9.1,fetchFromGitHub,https://github.com/equeim/tremotesf2,equeim,tremotesf2,refs/tags/2.9.1,tag,sha256-bDeyVmcKw6pMrsN123OnZio7YHs1Y/bfg+EnFTHY8gE=,
trezord,trezord-go,2.0.33,fetchFromGitHub,https://github.com/trezor/trezord-go,trezor,trezord-go,refs/tags/v2.0.33,tag,sha256-3I6NOzDMhzRyVSOURl7TjJ1Z0P0RcKrSs5rNaZ0Ho9M=,
trunk-recorder,trunk-recorder,5.1.1,fetchFromGitHub,https://github.com/robotastic/trunk-recorder,robotastic,trunk-recorder,v5.1.1,tag,sha256-2qy6krI5NglkC+bUFfJaEuHIcBoYJrxBRnFs8O0NcZA=,https://github.com/robotastic/trunk-recorder/archive/v5.1.1.tar.gz
tsduck,tsduck,3.40-4165,fetchFromGitHub,https://github.com/tsduck/tsduck,tsduck,tsduck,v3.40-4165,tag,sha256-bFnsGoElXeStIX5KwonJuF0x7DDzhzq+3oygkUOmZE0=,https://github.com/tsduck/tsduck/archive/v3.40-4165.tar.gz
tshark,wireshark-cli,4.6.4,fetchFromGitLab,https://gitlab.com/wireshark/wireshark,wireshark,wireshark,refs/tags/v4.6.4,tag,sha256-h254dXxloBC5xQYcpeaLlAj2Ip4eQWHYSPPJLkIwQZw=,https://gitlab.com/wireshark/wireshark/-/archive/refs/tags/v4.6.4/wireshark-refs/tags/v4.6.4.tar.gz
tt-metal,tt-metal,0.62.2,fetchFromGitHub,https://github.com/tenstorrent/tt-metal,tenstorrent,tt-metal,refs/tags/v0.62.2,tag,sha256-ZIUjZLifRVmpWpG8Ty+I+pwgpIf5r9gJkI8ULTau4OE=,
tt-rss-theme-feedly,tt-rss-theme-feedly,4.1.0,fetchFromGitHub,https://github.com/levito/tt-rss-feedly-theme,levito,tt-rss-feedly-theme,v4.1.0,tag,sha256-3mD1aY7gjdvucRzY7sLmZ1RsHtraAg1RGE/3uDp6/o4=,https://github.com/levito/tt-rss-feedly-theme/archive/v4.1.0.tar.gz
tt-smi,tt-smi,3.0.30,fetchFromGitHub,https://github.com/tenstorrent/tt-smi,tenstorrent,tt-smi,refs/tags/v3.0.30,tag,sha256-C6CfcS0H3rFew/Y1uhmzICdFp1UYU7H9h3YPeAKlcbE=,https://github.com/tenstorrent/tt-smi/archive/refs/tags/v3.0.30.tar.gz
tun2socks,tun2socks,2.6.0,fetchFromGitHub,https://github.com/xjasonlyu/tun2socks,xjasonlyu,tun2socks,refs/tags/v2.6.0,tag,sha256-ec4M107BE6MCnW/uz9S83JYJtY9tsQQXDFL98h951DA=,https://github.com/xjasonlyu/tun2socks/archive/refs/tags/v2.6.0.tar.gz
tuned,tuned,2.26.0,fetchFromGitHub,https://github.com/redhat-performance/tuned,redhat-performance,tuned,refs/tags/v2.26.0,tag,sha256-tqr8o4rRhN75hXCdsIhFedfWvicmlIFuZjBNKLQgimQ=,https://github.com/redhat-performance/tuned/archive/refs/tags/v2.26.0.tar.gz
tuner,tuner,2.0.0,fetchFromGitHub,https://github.com/louis77/tuner,louis77,tuner,refs/tags/v2.0.0,tag,sha256-i6I5NSwiS8FJuZaHbrXvUcumo9RZvEVPcfKOkHUXiLo=,https://github.com/louis77/tuner/archive/refs/tags/v2.0.0.tar.gz
turbo-unwrapped,turbo-unwrapped,2.8.12,fetchFromGitHub,https://github.com/vercel/turborepo,vercel,turborepo,refs/tags/v2.8.12,tag,sha256-qVkKv3Odpx2KRVPztGhr+8AhxpYRmCF5XRCew957yJA=,https://github.com/vercel/turborepo/archive/refs/tags/v2.8.12.tar.gz
turbovnc,turbovnc,3.3,fetchFromGitHub,https://github.com/TurboVNC/turbovnc,TurboVNC,turbovnc,3.3,tag,sha256-nAlE4yJW6isst+aJ4Ryy23Cr9KF78nY769ucdQfSHXw=,https://github.com/TurboVNC/turbovnc/archive/3.3.tar.gz
tuxguitar,tuxguitar,2.0.1,fetchFromGitHub,https://github.com/helge17/tuxguitar,helge17,tuxguitar,refs/tags/2.0.1,tag,sha256-USdYj8ebosXkiZpDqyN5J+g1kjyWm225iQlx/szXmLA=,https://github.com/helge17/tuxguitar/archive/refs/tags/2.0.1.tar.gz
tvm,tvm,0.22.0,fetchFromGitHub,https://github.com/apache/incubator-tvm,apache,incubator-tvm,refs/tags/v0.22.0,tag,sha256-KcHUcblwtqxNofHKofuQHu2d7hIqS9FUvc41OkCVtnY=,
typos,typos,1.44.0,fetchFromGitHub,https://github.com/crate-ci/typos,crate-ci,typos,refs/tags/v1.44.0,tag,sha256-0cDkLeYMQH2rXUfIjUQm1XjvHTYqLWbqHCxFIvC+jKk=,https://github.com/crate-ci/typos/archive/refs/tags/v1.44.0.tar.gz
typst,typst,0.14.2,fetchFromGitHub,https://github.com/typst/typst,typst,typst,refs/tags/v0.14.2,tag,sha256-EXcmL/KNj9vCChCs6RH1J/+aetYcXnEdGEhvVzGNNZA=,https://github.com/typst/typst/archive/refs/tags/v0.14.2.tar.gz
tytools,tytools,0.9.9,fetchFromGitHub,https://github.com/Koromix/rygel,Koromix,rygel,refs/tags/tytools/0.9.9,tag,sha256-nQZaNYOTkx79UC0RHencKIQFSYUnQ9resdmmWTmgQxA=,https://github.com/Koromix/rygel/archive/refs/tags/tytools/0.9.9.tar.gz
tz,tz,0.8.0,fetchFromGitHub,https://github.com/oz/tz,oz,tz,v0.8.0,tag,sha256-OpftKCEoAltvQw0bB3SyFeXUDiGjVHNDrrKsdRH6zl4=,https://github.com/oz/tz/archive/v0.8.0.tar.gz
tzupdate,tzupdate,3.1.0,fetchFromGitHub,https://github.com/cdown/tzupdate,cdown,tzupdate,refs/tags/3.1.0,tag,sha256-eod4yFzX7pATNQmG7jU+r9mnC9nprJ55ufMXpKjw/YI=,https://github.com/cdown/tzupdate/archive/refs/tags/3.1.0.tar.gz
u-root,u-root,0.15.0,fetchFromGitHub,https://github.com/u-root/u-root,u-root,u-root,refs/tags/v0.15.0,tag,sha256-8B2H3AwGo9friveBk4bijOph9bSSNR7PPKJYEuywgm4=,https://github.com/u-root/u-root/archive/refs/tags/v0.15.0.tar.gz
u-root-cmds,u-root,0.15.0,fetchFromGitHub,https://github.com/u-root/u-root,u-root,u-root,refs/tags/v0.15.0,tag,sha256-8B2H3AwGo9friveBk4bijOph9bSSNR7PPKJYEuywgm4=,https://github.com/u-root/u-root/archive/refs/tags/v0.15.0.tar.gz
ucx,ucx,1.19.1,fetchFromGitHub,https://github.com/openucx/ucx,openucx,ucx,refs/tags/v1.19.1,tag,sha256-54yLejOFdCa2KYstZuo+hZ5lSQR8WTZMa7lS0prc5NY=,https://github.com/openucx/ucx/archive/refs/tags/v1.19.1.tar.gz
udocker,udocker,1.3.17,fetchFromGitHub,https://github.com/indigo-dc/udocker,indigo-dc,udocker,refs/tags/1.3.17,tag,sha256-P49fkLvdCm/Eco+nD3SGM04PRQatBzq9CHlayueQetk=,https://github.com/indigo-dc/udocker/archive/refs/tags/1.3.17.tar.gz
udpspeeder,udpspeeder,20230206.0,fetchFromGitHub,https://github.com/wangyu-/UDPspeeder,wangyu-,UDPspeeder,refs/tags/20230206.0,tag,sha256-hrwkPSxY1DTEXt9vxDECDEJaoTDzBUS7rVI609uZwdU=,https://github.com/wangyu-/UDPspeeder/archive/refs/tags/20230206.0.tar.gz
uefi-firmware-parser,uefi-firmware-parser,1.13,fetchFromGitHub,https://github.com/theopolis/uefi-firmware-parser,theopolis,uefi-firmware-parser,v1.13,tag,sha256-JPNur7Ipi+Ite9B7lqDm7h7iYUga8D+l18J2knCWZpk=,https://github.com/theopolis/uefi-firmware-parser/archive/v1.13.tar.gz
uhd,uhd,4.9.0.1,fetchFromGitHub,https://github.com/EttusResearch/uhd,EttusResearch,uhd,v4.9.0.1,tag,sha256-AOZYCmkgsM09YORW7dVsPAwecXNZQOxOscJnVOlMoP0=,https://github.com/EttusResearch/uhd/archive/v4.9.0.1.tar.gz
uhdMinimal,uhd,4.9.0.1,fetchFromGitHub,https://github.com/EttusResearch/uhd,EttusResearch,uhd,v4.9.0.1,tag,sha256-AOZYCmkgsM09YORW7dVsPAwecXNZQOxOscJnVOlMoP0=,https://github.com/EttusResearch/uhd/archive/v4.9.0.1.tar.gz
uhhyou-plugins,uhhyou-plugins,0.69.0,fetchFromGitHub,https://github.com/ryukau/VSTPlugins,ryukau,VSTPlugins,UhhyouPlugins0.69.0,tag,sha256-s1HQD7ZWmqD1yux/IKG8oUt7UA0TrAuPEsVSOXFcIE4=,
uiua,uiua,0.18.1,fetchFromGitHub,https://github.com/uiua-lang/uiua,uiua-lang,uiua,refs/tags/0.18.1,tag,sha256-HB6YjWi4DEbLTwMhqtcF0IufK8YEmE4w/7n/nsL8VEw=,https://github.com/uiua-lang/uiua/archive/refs/tags/0.18.1.tar.gz
uiua-unstable,uiua,0.18.1,fetchFromGitHub,https://github.com/uiua-lang/uiua,uiua-lang,uiua,refs/tags/0.18.1,tag,sha256-HB6YjWi4DEbLTwMhqtcF0IufK8YEmE4w/7n/nsL8VEw=,https://github.com/uiua-lang/uiua/archive/refs/tags/0.18.1.tar.gz
uiua386,uiua386,0.18.1,fetchFromGitHub,https://github.com/uiua-lang/uiua,uiua-lang,uiua,refs/tags/0.18.1,tag,sha256-HB6YjWi4DEbLTwMhqtcF0IufK8YEmE4w/7n/nsL8VEw=,https://github.com/uiua-lang/uiua/archive/refs/tags/0.18.1.tar.gz
ulfius,ulfius,2.7.15,fetchFromGitHub,https://github.com/babelouest/ulfius,babelouest,ulfius,refs/tags/v2.7.15,tag,sha256-YvMhcobvTEm4LxhNxi1MJX8N7VAB3YOvp+LxioJrKHU=,https://github.com/babelouest/ulfius/archive/refs/tags/v2.7.15.tar.gz
umu-launcher-unwrapped,umu-launcher-unwrapped,1.3.0,fetchFromGitHub,https://github.com/Open-Wine-Components/umu-launcher,Open-Wine-Components,umu-launcher,refs/tags/1.3.0,tag,sha256-ELFOffP3KabvyOu4Fl7Z4zvPhamZrmhuuqz1aTYdbnE=,https://github.com/Open-Wine-Components/umu-launcher/archive/refs/tags/1.3.0.tar.gz
unbound,unbound,1.24.2,fetchFromGitHub,https://github.com/NLnetLabs/unbound,NLnetLabs,unbound,refs/tags/release-1.24.2,tag,sha256-kyTcDmNGKJuOMZ7cxIWh6o7aasRUoAB4M0tIG81BQsE=,https://github.com/NLnetLabs/unbound/archive/refs/tags/release-1.24.2.tar.gz
unbound-full,unbound,1.24.2,fetchFromGitHub,https://github.com/NLnetLabs/unbound,NLnetLabs,unbound,refs/tags/release-1.24.2,tag,sha256-kyTcDmNGKJuOMZ7cxIWh6o7aasRUoAB4M0tIG81BQsE=,https://github.com/NLnetLabs/unbound/archive/refs/tags/release-1.24.2.tar.gz
unbound-with-systemd,unbound,1.24.2,fetchFromGitHub,https://github.com/NLnetLabs/unbound,NLnetLabs,unbound,refs/tags/release-1.24.2,tag,sha256-kyTcDmNGKJuOMZ7cxIWh6o7aasRUoAB4M0tIG81BQsE=,https://github.com/NLnetLabs/unbound/archive/refs/tags/release-1.24.2.tar.gz
uncrustify,uncrustify,0.82.0,fetchFromGitHub,https://github.com/uncrustify/uncrustify,uncrustify,uncrustify,uncrustify-0.82.0,tag,sha256-sBIjBN3tP/gwTWHDLwonEIfk3OduqQtixn4sn28V7pI=,https://github.com/uncrustify/uncrustify/archive/uncrustify-0.82.0.tar.gz
unfs3,unfs3,0.10.0,fetchFromGitHub,https://github.com/unfs3/unfs3,unfs3,unfs3,refs/tags/unfs3-0.10.0,tag,sha256-5iAriIutBhwyZVS7AG2fnkrHOI7pNAKfYv062Cy0WXw=,https://github.com/unfs3/unfs3/archive/refs/tags/unfs3-0.10.0.tar.gz
unhide,unhide,20240510,fetchFromGitHub,https://github.com/YJesus/Unhide,YJesus,Unhide,refs/tags/v20240510,tag,sha256-CcS/rR/jPgbcF09aM4l6z52kwFhdQI1VZOyDF2/X6Us=,https://github.com/YJesus/Unhide/archive/refs/tags/v20240510.tar.gz
unhide-gui,unhide-gui,20240510,fetchFromGitHub,https://github.com/YJesus/Unhide,YJesus,Unhide,refs/tags/v20240510,tag,sha256-CcS/rR/jPgbcF09aM4l6z52kwFhdQI1VZOyDF2/X6Us=,https://github.com/YJesus/Unhide/archive/refs/tags/v20240510.tar.gz
unified-memory-framework,unified-memory-framework,1.1.0,fetchFromGitHub,https://github.com/oneapi-src/unified-memory-framework,oneapi-src,unified-memory-framework,refs/tags/v1.1.0,tag,sha256-1Z65rNsUNeaeSJmxwpEHPbiU4KEDvyrWL9LyAWFsR1c=,https://github.com/oneapi-src/unified-memory-framework/archive/refs/tags/v1.1.0.tar.gz
unify,unify,0.5,fetchFromGitHub,https://github.com/myint/unify,myint,unify,refs/tags/v0.5,tag,sha256-cWV/Q+LbeIxnQNqyatRWQUF8X+HHlQdc10y9qJ7v3dA=,https://github.com/myint/unify/archive/refs/tags/v0.5.tar.gz
unison,unison,2.53.8,fetchFromGitHub,https://github.com/bcpierce00/unison,bcpierce00,unison,v2.53.8,tag,sha256-ynsu9jLGFtjlzmHZtOdLEH5G6eXFAhZs9UayYrmKqp0=,https://github.com/bcpierce00/unison/archive/v2.53.8.tar.gz
unit,unit,1.35.0,fetchFromGitHub,https://github.com/nginx/unit,nginx,unit,1.35.0,tag,sha256-0cMtU7wmy8GFKqxS8fXPIrMljYXBHzoxrUJCOJSzLMA=,https://github.com/nginx/unit/archive/1.35.0.tar.gz
unvanquished,unvanquished,0.55.3,fetchFromGitHub,https://github.com/Unvanquished/Unvanquished,Unvanquished,Unvanquished,refs/tags/v0.55.3,tag,sha256-wOFSPPEu7AGsEcqHG7xFWzFlYZRWAIvvfTj5FLZ3HFc=,
urlscan,urlscan,1.0.8,fetchFromGitHub,https://github.com/firecat53/urlscan,firecat53,urlscan,refs/tags/1.0.8,tag,sha256-7Sq+5dWbrPofRP54xr/UTfjAxJ7EVXQyGz3zzHLZd2Y=,https://github.com/firecat53/urlscan/archive/refs/tags/1.0.8.tar.gz
usacloud,usacloud,1.19.3,fetchFromGitHub,https://github.com/sacloud/usacloud,sacloud,usacloud,refs/tags/v1.19.3,tag,sha256-uHZJnhj36NEAZxWfwrm0Dsw42NgQp37SgOduEGA8SEU=,https://github.com/sacloud/usacloud/archive/refs/tags/v1.19.3.tar.gz
usql,usql,0.20.8,fetchFromGitHub,https://github.com/xo/usql,xo,usql,refs/tags/v0.20.8,tag,sha256-oaimplnmNpr3nMGNmiXmE9L03SfifjfncI9ZPiJg6JI=,https://github.com/xo/usql/archive/refs/tags/v0.20.8.tar.gz
utf8cpp,utf8cpp,4.0.9,fetchFromGitHub,https://github.com/nemtrif/utfcpp,nemtrif,utfcpp,refs/tags/v4.0.9,tag,sha256-0FgMKHymFOA3BM7VS8US2is8TmQlL/wWj4nSRihqcDo=,
utfcpp,utfcpp,4.0.9,fetchFromGitHub,https://github.com/nemtrif/utfcpp,nemtrif,utfcpp,refs/tags/v4.0.9,tag,sha256-0FgMKHymFOA3BM7VS8US2is8TmQlL/wWj4nSRihqcDo=,https://github.com/nemtrif/utfcpp/archive/refs/tags/v4.0.9.tar.gz
v2raya,v2raya,2.2.7.5,fetchFromGitHub,https://github.com/v2rayA/v2rayA,v2rayA,v2rayA,refs/tags/v2.2.7.5,tag,sha256-aa/Eb+fZQ1hwm6H7wb7mr0b4tCu12Mhy14OXNjZUJ0Y=,https://github.com/v2rayA/v2rayA/archive/refs/tags/v2.2.7.5.tar.gz
v2rayn,v2rayn,7.16.9,fetchFromGitHub,https://github.com/2dust/v2rayN,2dust,v2rayN,refs/tags/7.16.9,tag,sha256-co2JLOlt2TafpSwxD6E/Q0dMbXADBdTL7C4DZTJQCNs=,
valhalla,valhalla,3.5.1,fetchFromGitHub,https://github.com/valhalla/valhalla,valhalla,valhalla,refs/tags/3.5.1,tag,sha256-v/EwoJA1j8PuF9jOsmxQL6i+MT0rXbyLUE4HvBHUWDo=,
valijson,valijson,1.0.6,fetchFromGitHub,https://github.com/tristanpenman/valijson,tristanpenman,valijson,v1.0.6,tag,sha256-3hQrCCDOrJx4XwTzJNTRPLghd+uoWKVDISa8rLaGiRM=,https://github.com/tristanpenman/valijson/archive/v1.0.6.tar.gz
valkey,valkey,9.0.3,fetchFromGitHub,https://github.com/valkey-io/valkey,valkey-io,valkey,9.0.3,tag,sha256-cic4XBRFcSyttaMK6grzmi/RmrZiLRnYjMwGiU9teMw=,https://github.com/valkey-io/valkey/archive/9.0.3.tar.gz
vault,vault,1.21.2,fetchFromGitHub,https://github.com/hashicorp/vault,hashicorp,vault,v1.21.2,tag,sha256-G/6GroX9lBaUxB5mkd+hz53nNX/eF5DAtHryin3hzgU=,https://github.com/hashicorp/vault/archive/v1.21.2.tar.gz
vazir-fonts,vazir-fonts,33.003,fetchFromGitHub,https://github.com/rastikerdar/vazir-font,rastikerdar,vazir-font,v33.003,tag,sha256-C1UtfrRFzz0uv/hj8e7huXe4sNd5h7ozVhirWEAyXGg=,https://github.com/rastikerdar/vazir-font/archive/v33.003.tar.gz
vbam,visualboyadvance-m,2.2.3,fetchFromGitHub,https://github.com/visualboyadvance-m/visualboyadvance-m,visualboyadvance-m,visualboyadvance-m,refs/tags/v2.2.3,tag,sha256-/yvwr3Of4aox4pOBwiC4gUzGsrPDwaFYPgJVivuOAvo=,https://github.com/visualboyadvance-m/visualboyadvance-m/archive/refs/tags/v2.2.3.tar.gz
vega-cli,vega-cli,6.2.0,fetchFromGitHub,https://github.com/vega/vega,vega,vega,refs/tags/v6.2.0,tag,sha256-YO3YzTRNJKDOgCxMXnw2P2d1ZN79Db3//L9iLjDGiyM=,https://github.com/vega/vega/archive/refs/tags/v6.2.0.tar.gz
vega-lite,vega-lite,6.4.2,fetchFromGitHub,https://github.com/vega/vega-lite,vega,vega-lite,refs/tags/v6.4.2,tag,sha256-UQEgZk9SZTSKiAfOvBxnpkyiih9QcSv08O8vt4ooeYQ=,https://github.com/vega/vega-lite/archive/refs/tags/v6.4.2.tar.gz
vegeta,vegeta,12.13.0,fetchFromGitHub,https://github.com/tsenart/vegeta,tsenart,vegeta,v12.13.0,tag,sha256-Co+bGUSdiapDSJpcgOlCGMU3p0BfjtG1WjmErR8W/OM=,https://github.com/tsenart/vegeta/archive/v12.13.0.tar.gz
vep,vep,110,fetchFromGitHub,https://github.com/Ensembl/ensembl-vep,Ensembl,ensembl-vep,release/110,tag,sha256-6lRdWV2ispl+mpBhkZez/d9PxOw1fkNUWeG8mUIqBJc=,https://github.com/Ensembl/ensembl-vep/archive/release/110.tar.gz
verapdf,verapdf,1.28.2,fetchFromGitHub,https://github.com/veraPDF/veraPDF-apps,veraPDF,veraPDF-apps,v1.28.2,tag,sha256-tv5iffIQkyjHyulnmagcJuSGbc4tXRYTwB3hSEGLQrc=,https://github.com/veraPDF/veraPDF-apps/archive/v1.28.2.tar.gz
verilator,verilator,5.044,fetchFromGitHub,https://github.com/verilator/verilator,verilator,verilator,refs/tags/v5.044,tag,sha256-z3jYNzhnZ+OocDAbmsRBWHNNPXLLvExKK1TLDi9JzPQ=,https://github.com/verilator/verilator/archive/refs/tags/v5.044.tar.gz
vim,vim,9.1.2148,fetchFromGitHub,https://github.com/vim/vim,vim,vim,v9.1.2148,tag,sha256-4ZEbfpffPp6kqSQRp7NFioWGRdG+JsVf7unU0Hqn/Xk=,https://github.com/vim/vim/archive/v9.1.2148.tar.gz
vim-darwin,vim-darwin,9.1.2148,fetchFromGitHub,https://github.com/vim/vim,vim,vim,v9.1.2148,tag,sha256-4ZEbfpffPp6kqSQRp7NFioWGRdG+JsVf7unU0Hqn/Xk=,https://github.com/vim/vim/archive/v9.1.2148.tar.gz
vim-full,vim-full,9.1.2148,fetchFromGitHub,https://github.com/vim/vim,vim,vim,v9.1.2148,tag,sha256-4ZEbfpffPp6kqSQRp7NFioWGRdG+JsVf7unU0Hqn/Xk=,https://github.com/vim/vim/archive/v9.1.2148.tar.gz
vimPlugins.LanguageClient-neovim,LanguageClient-neovim,0.1.161,fetchFromGitHub,https://github.com/autozimu/LanguageClient-neovim,autozimu,LanguageClient-neovim,refs/tags/0.1.161,tag,sha256-Z9S2ie9RxJCIbmjSV/Tto4lK04cZfWmK3IAy8YaySVI=,https://github.com/autozimu/LanguageClient-neovim/archive/refs/tags/0.1.161.tar.gz
vimPlugins.bitbake-vim,bitbake-vim,2.10.4,fetchFromGitHub,https://github.com/openembedded/bitbake,openembedded,bitbake,refs/tags/2.10.4,tag,sha256-gdxPnRhd4Hj1PWgCU5A/+639ndJXlkdArOBZt6eiZWA=,https://github.com/openembedded/bitbake/archive/refs/tags/2.10.4.tar.gz
vips,vips,8.18.0,fetchFromGitHub,https://github.com/libvips/libvips,libvips,libvips,refs/tags/v8.18.0,tag,sha256-gAFB1VkOc+OBE8IvtKo5A/v2xqb/4RwV1Q8yU12HYOA=,https://github.com/libvips/libvips/archive/refs/tags/v8.18.0.tar.gz
vips_8_17,vips,8.17.3,fetchFromGitHub,https://github.com/libvips/libvips,libvips,libvips,refs/tags/v8.17.3,tag,sha256-yxjfkb2R3JPHbz0vCG4hkW9Davoc9MUPHL9Cqc+Ik0Y=,https://github.com/libvips/libvips/archive/refs/tags/v8.17.3.tar.gz
virtualenv,virtualenv,20.36.1,fetchFromGitHub,https://github.com/pypa/virtualenv,pypa,virtualenv,refs/tags/20.36.1,tag,sha256-8fiC7+9FzQnmoI+N4cA5kKBLH9tpU7LXZ7pVj8Bz8Wc=,https://github.com/pypa/virtualenv/archive/refs/tags/20.36.1.tar.gz
visp,visp,3.6.0,fetchFromGitHub,https://github.com/lagadic/visp,lagadic,visp,refs/tags/v3.6.0,tag,sha256-m5Tmr+cZab7eSjmbXb8HpJpFHb0UYFTyimY+CkfBIAo=,https://github.com/lagadic/visp/archive/refs/tags/v3.6.0.tar.gz
vk-bootstrap,vk-bootstrap,0.7,fetchFromGitHub,https://github.com/charles-lunarg/vk-bootstrap,charles-lunarg,vk-bootstrap,v0.7,tag,sha256-X3ANqfplrCF1R494+H5/plcwMH7rbW6zpLA4MZrYaoE=,https://github.com/charles-lunarg/vk-bootstrap/archive/v0.7.tar.gz
vlang,vlang,0.4.11,fetchFromGitHub,https://github.com/vlang/v,vlang,v,0.4.11,tag,sha256-K5B/fjdCYLE14LPg3ccS+sGC8CS7jZiuuxYkHvljGFA=,https://github.com/vlang/v/archive/0.4.11.tar.gz
vllm,vllm,0.15.1,fetchFromGitHub,https://github.com/vllm-project/vllm,vllm-project,vllm,refs/tags/v0.15.1,tag,sha256-qsAvcOB8ugGlBqBrLfNHqaIUcxLwaXBTg8xWRnGyd94=,https://github.com/vllm-project/vllm/archive/refs/tags/v0.15.1.tar.gz
vnote,vnote,3.20.1,fetchFromGitHub,https://github.com/vnotex/vnote,vnotex,vnote,refs/tags/v3.20.1,tag,sha256-Ukik02qP7a86dgBTghD9wGKGpXkdGdxczg01APtcOAM=,
voicevox-engine,voicevox-engine,0.25.1,fetchFromGitHub,https://github.com/VOICEVOX/voicevox_engine,VOICEVOX,voicevox_engine,refs/tags/0.25.1,tag,sha256-4pZs5f6Fe4kHIKcyww1eq9uRTf7rk5KAr/00H8aH9qA=,https://github.com/VOICEVOX/voicevox_engine/archive/refs/tags/0.25.1.tar.gz
vpp,vpp,25.10,fetchFromGitHub,https://github.com/FDio/vpp,FDio,vpp,refs/tags/v25.10,tag,sha256-J+aJXzq9jKzcFKpUNBskX3KccwKtZhK+m8NTbrGjsXw=,https://github.com/FDio/vpp/archive/refs/tags/v25.10.tar.gz
vrpn,vrpn,07.36,fetchFromGitHub,https://github.com/vrpn/vrpn,vrpn,vrpn,version_07.36,tag,sha256-eXmj9Wqm+ytsnypC+MrOLnJg9zlri5y0puavamZqFmY=,https://github.com/vrpn/vrpn/archive/version_07.36.tar.gz
vscode-css-languageserver,vscode-css-languageserver,1.105.0,fetchFromGitHub,https://github.com/microsoft/vscode,microsoft,vscode,refs/tags/1.105.0,tag,sha256-t3S8PHxuwz1DxJ+FPJkRCyaPm4tPW/fHKj3aiIaTuls=,https://github.com/microsoft/vscode/archive/refs/tags/1.105.0.tar.gz
vscode-js-debug,vscode-js-debug,1.104.0,fetchFromGitHub,https://github.com/microsoft/vscode-js-debug,microsoft,vscode-js-debug,v1.104.0,tag,sha256-CoR3ezhyIQtt5ZlTjfJSNvfMX47U5xSJdzsMN5dkUGI=,https://github.com/microsoft/vscode-js-debug/archive/v1.104.0.tar.gz
vscode-json-languageserver,vscode-json-languageserver,1.3.4,fetchFromGitHub,https://github.com/microsoft/vscode,microsoft,vscode,refs/tags/1.101.2,tag,sha256-wdI6VlJ4WoSNnwgkb6dkVYcq/P/yzflv5mE9PuYBVx4=,https://github.com/microsoft/vscode/archive/refs/tags/1.101.2.tar.gz
vtracer,vtracer,0.6.5,fetchFromGitHub,https://github.com/visioncortex/vtracer,visioncortex,vtracer,0.6.5,tag,sha256-gU2LxUbgy2KgMCu7nyjfGkmBwnA9mjX4mUT9M9k1a4I=,https://github.com/visioncortex/vtracer/archive/0.6.5.tar.gz
vulkan-extension-layer,vulkan-extension-layer,1.4.341.0,fetchFromGitHub,https://github.com/KhronosGroup/Vulkan-ExtensionLayer,KhronosGroup,Vulkan-ExtensionLayer,vulkan-sdk-1.4.341.0,tag,sha256-Qj2sZ9O3WNDb7thv5PzWmONIKBO6hXwz0wQ0PobFgvg=,https://github.com/KhronosGroup/Vulkan-ExtensionLayer/archive/vulkan-sdk-1.4.341.0.tar.gz
vulkan-headers,vulkan-headers,1.4.341.0,fetchFromGitHub,https://github.com/KhronosGroup/Vulkan-Headers,KhronosGroup,Vulkan-Headers,vulkan-sdk-1.4.341.0,tag,sha256-R/t0mAhNX+jREDVIFnv0agB9qtcnRb06K4OHtLRxWow=,https://github.com/KhronosGroup/Vulkan-Headers/archive/vulkan-sdk-1.4.341.0.tar.gz
vulkan-loader,vulkan-loader,1.4.341.0,fetchFromGitHub,https://github.com/KhronosGroup/Vulkan-Loader,KhronosGroup,Vulkan-Loader,vulkan-sdk-1.4.341.0,tag,sha256-OcguNyi1yZ2OMnI2HSrx+pYvk4RHbn6IGZqnYwWGmB0=,https://github.com/KhronosGroup/Vulkan-Loader/archive/vulkan-sdk-1.4.341.0.tar.gz
vulkan-tools-lunarg,vulkan-tools-lunarg,1.4.341.0,fetchFromGitHub,https://github.com/LunarG/VulkanTools,LunarG,VulkanTools,vulkan-sdk-1.4.341.0,tag,sha256-y/xTeEBjhDBlB0qcWUe159SvsRa5tBLUy6FZSmupQsU=,https://github.com/LunarG/VulkanTools/archive/vulkan-sdk-1.4.341.0.tar.gz
vulkan-validation-layers,vulkan-validation-layers,1.4.341.0,fetchFromGitHub,https://github.com/KhronosGroup/Vulkan-ValidationLayers,KhronosGroup,Vulkan-ValidationLayers,vulkan-sdk-1.4.341.0,tag,sha256-xUeMqtQ7bR3P50yQN5TXVzCO9Ugp9tUyFMtYnvc3g8s=,https://github.com/KhronosGroup/Vulkan-ValidationLayers/archive/vulkan-sdk-1.4.341.0.tar.gz
vulkanscenegraph,vulkanscenegraph,1.1.13,fetchFromGitHub,https://github.com/vsg-dev/VulkanSceneGraph,vsg-dev,VulkanSceneGraph,refs/tags/v1.1.13,tag,sha256-6Jxk94GPUaPxcv4dHTQKnE7n8b/2neG2Mrv94vc9ckU=,https://github.com/vsg-dev/VulkanSceneGraph/archive/refs/tags/v1.1.13.tar.gz
vultr,vultr,2.0.3,fetchFromGitHub,https://github.com/JamesClonk/vultr,JamesClonk,vultr,v2.0.3,tag,sha256-kyB6gUbc32NsSDqDy1zVT4HXn0pWxHdBOEBOSaI0Xro=,https://github.com/JamesClonk/vultr/archive/v2.0.3.tar.gz
waagent,waagent,2.15.0.1,fetchFromGitHub,https://github.com/Azure/WALinuxAgent,Azure,WALinuxAgent,refs/tags/v2.15.0.1,tag,sha256-P+jxn0W8LaTxDcvKlWjCK1Z9X1l/jf1s41bO9N34N0Q=,https://github.com/Azure/WALinuxAgent/archive/refs/tags/v2.15.0.1.tar.gz
warpinator,warpinator,2.0.3,fetchFromGitHub,https://github.com/linuxmint/warpinator,linuxmint,warpinator,2.0.3,tag,sha256-3ZkufMZFTn8BQO9DHr3s9ELRuDrTflE4Ym73dO7rrKs=,https://github.com/linuxmint/warpinator/archive/2.0.3.tar.gz
wasabibackend,wasabibackend,2.3.1,fetchFromGitHub,https://github.com/WalletWasabi/WalletWasabi,WalletWasabi,WalletWasabi,refs/tags/v2.3.1,tag,sha256-vOvNumR/0agf9Mof0UD3KjJVgN18y6R/OrgLOXwL3K8=,https://github.com/WalletWasabi/WalletWasabi/archive/refs/tags/v2.3.1.tar.gz
wash-cli,wash-cli,1.0.0-beta.10,fetchFromGitHub,https://github.com/wasmCloud/wash,wasmCloud,wash,refs/tags/wash-v1.0.0-beta.10,tag,sha256-g1OXyxLSKicMz0mnTyHNmihtt5WMx91bNo83NhZpx9s=,https://github.com/wasmCloud/wash/archive/refs/tags/wash-v1.0.0-beta.10.tar.gz
wasm,wasm,2.0.2,fetchFromGitHub,https://github.com/WebAssembly/spec,WebAssembly,spec,refs/tags/opam-2.0.2,tag,sha256-RbVGW6laC3trP6IhtA2tLrAYVbx0Oucox9FgoEvs6LQ=,https://github.com/WebAssembly/spec/archive/refs/tags/opam-2.0.2.tar.gz
wasmtime,wasmtime,41.0.3,fetchFromGitHub,https://github.com/bytecodealliance/wasmtime,bytecodealliance,wasmtime,refs/tags/v41.0.3,tag,sha256-7ToSLnVXHkY7nWJizL+gF6aWFUo4dkVeJpzP9w8IcZY=,
watchexec,watchexec,2.3.2,fetchFromGitHub,https://github.com/watchexec/watchexec,watchexec,watchexec,refs/tags/v2.3.2,tag,sha256-BJRvz3rFLaOCNhOsEo0rSOgB9BCJ2LMB9XEw8RBWXXs=,https://github.com/watchexec/watchexec/archive/refs/tags/v2.3.2.tar.gz
wayback-machine-archiver,wayback-machine-archiver,1.9.1,fetchFromGitHub,https://github.com/agude/wayback-machine-archiver,agude,wayback-machine-archiver,v1.9.1,tag,0dnnqx507gpj8wsx6f2ivfmha969ydayiqsvxh23p9qcixw9257x,https://github.com/agude/wayback-machine-archiver/archive/v1.9.1.tar.gz
weave-gitops,weave-gitops,0.38.0,fetchFromGitHub,https://github.com/weaveworks/weave-gitops,weaveworks,weave-gitops,v0.38.0,tag,sha256-Gm4DIQK8T+dTwB5swdrD+SjGgy/wFQ/fJYdSqNDSy9c=,https://github.com/weaveworks/weave-gitops/archive/v0.38.0.tar.gz
weaviate,weaviate,1.35.2,fetchFromGitHub,https://github.com/weaviate/weaviate,weaviate,weaviate,v1.35.2,tag,sha256-FDDwC9CnnMhwI9iqEEGwklE7lr9vOOCYCJ8X389gw7U=,https://github.com/weaviate/weaviate/archive/v1.35.2.tar.gz
webcamoid,webcamoid,9.3.0,fetchFromGitHub,https://github.com/webcamoid/webcamoid,webcamoid,webcamoid,refs/tags/9.3.0,tag,sha256-KU5iJqCGbqTZebP5yWb5VcxRGcRjQYQHn+GP6W57D9I=,https://github.com/webcamoid/webcamoid/archive/refs/tags/9.3.0.tar.gz
webhook,webhook,2.8.3,fetchFromGitHub,https://github.com/adnanh/webhook,adnanh,webhook,2.8.3,tag,sha256-P+uLVv0YMlTXrbWVapXRXc+VvQZxUiimLG0EX9tDxpM=,https://github.com/adnanh/webhook/archive/2.8.3.tar.gz
websocketd,websocketd,0.4.1,fetchFromGitHub,https://github.com/joewalnes/websocketd,joewalnes,websocketd,v0.4.1,tag,sha256-cp4iBSQ6Cd0+NPZ2i79Mulg1z17u//OCm3yoArbZEHs=,https://github.com/joewalnes/websocketd/archive/v0.4.1.tar.gz
werf,werf,2.56.2,fetchFromGitHub,https://github.com/werf/werf,werf,werf,refs/tags/v2.56.2,tag,sha256-xf7S3hpJ/+ZmmBdGWOsyshF+FI5X9M3yOvjrxpNgy+Y=,https://github.com/werf/werf/archive/refs/tags/v2.56.2.tar.gz
wgsl-analyzer,wgsl-analyzer,2025-11-14,fetchFromGitHub,https://github.com/wgsl-analyzer/wgsl-analyzer,wgsl-analyzer,wgsl-analyzer,refs/tags/2025-11-14,tag,sha256-9oulnN2mjOVOo1Z1mHlSeBXzsET/vJGe1h6UuNSC/LU=,https://github.com/wgsl-analyzer/wgsl-analyzer/archive/refs/tags/2025-11-14.tar.gz
whalebird,whalebird,6.2.4,fetchFromGitHub,https://github.com/h3poteto/whalebird-desktop,h3poteto,whalebird-desktop,refs/tags/v6.2.4,tag,sha256-0wXfyRmCDkirYgSXUuvrIkQ2yRnVRWMoyyqifIF5VU4=,https://github.com/h3poteto/whalebird-desktop/archive/refs/tags/v6.2.4.tar.gz
whistle,whistle,2.10.0,fetchFromGitHub,https://github.com/avwo/whistle,avwo,whistle,v2.10.0,tag,sha256-hx6TGi8ZQ16FczqMWLa6qXbwsdJf8sVgJR8scmfgucQ=,https://github.com/avwo/whistle/archive/v2.10.0.tar.gz
whitebophir,whitebophir,1.19.1,fetchFromGitHub,https://github.com/lovasoa/whitebophir,lovasoa,whitebophir,v1.19.1,tag,sha256-4T7s9WrpyHVPcw0QY0C0sczDJYKzA4bAAfEv8q2pOy4=,https://github.com/lovasoa/whitebophir/archive/v1.19.1.tar.gz
whois,whois,5.6.6,fetchFromGitHub,https://github.com/rfc1036/whois,rfc1036,whois,v5.6.6,tag,sha256-RKiXQJoyy3wd/KXphhgjikdmIHl8nmjEzibjk5FKpBQ=,https://github.com/rfc1036/whois/archive/v5.6.6.tar.gz
widelands,widelands,1.3.1,fetchFromGitHub,https://github.com/widelands/widelands,widelands,widelands,v1.3.1,tag,sha256-nNciOfE9fqd1CfljrELy2/I7+o1BLcpdngE3XGPQaSk=,https://github.com/widelands/widelands/archive/v1.3.1.tar.gz
wifi-qr,wifi-qr,0.4,fetchFromGitHub,https://github.com/kokoye2007/wifi-qr,kokoye2007,wifi-qr,refs/tags/v0.4,tag,sha256-tE+9bFDgiFS1Jj+AAwTMKjMh5wS5/gkRSQaCBR/riYQ=,https://github.com/kokoye2007/wifi-qr/archive/refs/tags/v0.4.tar.gz
wiggle,wiggle,1.3,fetchFromGitHub,https://github.com/neilbrown/wiggle,neilbrown,wiggle,v1.3,tag,18ilzr9sbal1j8p1d94ilm1j5blac5cngvcvjpdmgmpw6diy2ldf,https://github.com/neilbrown/wiggle/archive/v1.3.tar.gz
wimboot,wimboot,2.8.0,fetchFromGitHub,https://github.com/ipxe/wimboot,ipxe,wimboot,v2.8.0,tag,sha256-JqdOgcwOXIJDl8O7k/pHdd4MNC/rJ0fWTowtEVpJyx8=,https://github.com/ipxe/wimboot/archive/v2.8.0.tar.gz
wiredtiger,wiredtiger,11.3.1,fetchFromGitHub,https://github.com/wiredtiger/wiredtiger,wiredtiger,wiredtiger,refs/tags/11.3.1,tag,sha256-K5cZZTvZaWR6gVXF+mHNh7nHxMqi9XaEpB2qsd/pay8=,https://github.com/wiredtiger/wiredtiger/archive/refs/tags/11.3.1.tar.gz
wireguard-go,wireguard-go,0.0.20250522,fetchgit,https://git.zx2c4.com/wireguard-go,,,refs/tags/0.0.20250522,tag,sha256-GRr8NKKb4SHd0WxmNL84eiofFHcauDDmSyNNrXermcA=,
wireshark,wireshark-qt,4.6.4,fetchFromGitLab,https://gitlab.com/wireshark/wireshark,wireshark,wireshark,refs/tags/v4.6.4,tag,sha256-h254dXxloBC5xQYcpeaLlAj2Ip4eQWHYSPPJLkIwQZw=,https://gitlab.com/wireshark/wireshark/-/archive/refs/tags/v4.6.4/wireshark-refs/tags/v4.6.4.tar.gz
wireshark-cli,wireshark-cli,4.6.4,fetchFromGitLab,https://gitlab.com/wireshark/wireshark,wireshark,wireshark,refs/tags/v4.6.4,tag,sha256-h254dXxloBC5xQYcpeaLlAj2Ip4eQWHYSPPJLkIwQZw=,https://gitlab.com/wireshark/wireshark/-/archive/refs/tags/v4.6.4/wireshark-refs/tags/v4.6.4.tar.gz
wireshark-qt,wireshark-qt,4.6.4,fetchFromGitLab,https://gitlab.com/wireshark/wireshark,wireshark,wireshark,refs/tags/v4.6.4,tag,sha256-h254dXxloBC5xQYcpeaLlAj2Ip4eQWHYSPPJLkIwQZw=,https://gitlab.com/wireshark/wireshark/-/archive/refs/tags/v4.6.4/wireshark-refs/tags/v4.6.4.tar.gz
wizer,wizer,10.0.0,fetchFromGitHub,https://github.com/bytecodealliance/wizer,bytecodealliance,wizer,refs/tags/v10.0.0,tag,sha256-Vo6oD0UXGm4QtA3S5Qsc/DDfyfj9gJj01nnXXHw/+bM=,https://github.com/bytecodealliance/wizer/archive/refs/tags/v10.0.0.tar.gz
wolfssl,wolfssl-all,5.8.4,fetchFromGitHub,https://github.com/wolfSSL/wolfssl,wolfSSL,wolfssl,refs/tags/v5.8.4-stable,tag,sha256-vfJKmDdM0r591t5GnuSS7NyiUYXCQOTKbWLVydB3N9s=,https://github.com/wolfSSL/wolfssl/archive/refs/tags/v5.8.4-stable.tar.gz
woof-doom,woof-doom,15.3.0,fetchFromGitHub,https://github.com/fabiangreffrath/woof,fabiangreffrath,woof,refs/tags/woof_15.3.0,tag,sha256-G9exAJivfZnT2eWQhFYT8ZVRUU1QT0VAZF1CDCXmJ04=,https://github.com/fabiangreffrath/woof/archive/refs/tags/woof_15.3.0.tar.gz
wordgrinder,wordgrinder,0.8,fetchFromGitHub,https://github.com/davidgiven/wordgrinder,davidgiven,wordgrinder,0.8,tag,124d1bnn2aqs6ik8pdazzni6a0583prz9lfdjrbwyb97ipqga9pm,https://github.com/davidgiven/wordgrinder/archive/0.8.tar.gz
workrave,workrave,1.10.54,fetchFromGitHub,https://github.com/rcaelers/workrave,rcaelers,workrave,v1_10_54,tag,sha256-pbMkzwxgKc4vjFhBeOf513hFytYiTPST19L8Nq4CVTg=,https://github.com/rcaelers/workrave/archive/v1_10_54.tar.gz
wormhole-rs,magic-wormhole-rs,0.7.6,fetchFromGitHub,https://github.com/magic-wormhole/magic-wormhole.rs,magic-wormhole,magic-wormhole.rs,0.7.6,tag,sha256-01u1DJNd/06q9dH/Y4E5kj5gb2CA7EKdoPtMhzCLtso=,https://github.com/magic-wormhole/magic-wormhole.rs/archive/0.7.6.tar.gz
wox,wox,2.0.0,fetchFromGitHub,https://github.com/Wox-launcher/Wox,Wox-launcher,Wox,refs/tags/v2.0.0,tag,sha256-6QJCv1geDff4noSaurVsO0Gz0g5+cdobG9DpKBcrMkA=,https://github.com/Wox-launcher/Wox/archive/refs/tags/v2.0.0.tar.gz
wstunnel,wstunnel,10.5.2,fetchFromGitHub,https://github.com/erebe/wstunnel,erebe,wstunnel,refs/tags/v10.5.2,tag,sha256-CsXzcQ4rd2NTjDJjsi5U3Hes2D98HQ8K6/AmPRSLkbM=,https://github.com/erebe/wstunnel/archive/refs/tags/v10.5.2.tar.gz
wt,wt,4.12.0,fetchFromGitHub,https://github.com/emweb/wt,emweb,wt,4.12.0,tag,sha256-/SM/iTp/TQU8nq647UAHexFb3S5n6pk3lDkra3AEjis=,https://github.com/emweb/wt/archive/4.12.0.tar.gz
wt4,wt,4.12.0,fetchFromGitHub,https://github.com/emweb/wt,emweb,wt,4.12.0,tag,sha256-/SM/iTp/TQU8nq647UAHexFb3S5n6pk3lDkra3AEjis=,https://github.com/emweb/wt/archive/4.12.0.tar.gz
wxformbuilder,wxformbuilder,4.2.1,fetchFromGitHub,https://github.com/wxFormBuilder/wxFormBuilder,wxFormBuilder,wxFormBuilder,refs/tags/v4.2.1,tag,sha256-e0oYyUv8EjGDVj/TWx2jGaj22YyFJf1xa6lredV1J0Y=,
xalanc,xalan-c,1.12.0,fetchFromGitHub,https://github.com/apache/xalan-c,apache,xalan-c,Xalan-C_1_12_0,tag,0q1204qk97i9h14vxxq7phcfpyiin0i1zzk74ixvg4wqy87b62s8,https://github.com/apache/xalan-c/archive/Xalan-C_1_12_0.tar.gz
xandikos,xandikos,0.3.4,fetchFromGitHub,https://github.com/jelmer/xandikos,jelmer,xandikos,refs/tags/v0.3.4,tag,sha256-udKhJUsWFcyapEzYJOoujpq/VioFLGCCKq5WAlXsHnU=,https://github.com/jelmer/xandikos/archive/refs/tags/v0.3.4.tar.gz
xapp,xapp,3.2.2,fetchFromGitHub,https://github.com/linuxmint/xapp,linuxmint,xapp,3.2.2,tag,sha256-xVGIrK7koqX6xKoanVHWQMBUusUjtvHzQg2OV0E0b78=,https://github.com/linuxmint/xapp/archive/3.2.2.tar.gz
xapp-thumbnailers,xapp-thumbnailers,1.2.9,fetchFromGitHub,https://github.com/linuxmint/xapp-thumbnailers,linuxmint,xapp-thumbnailers,refs/tags/1.2.9,tag,sha256-XlmWenp3BmGnmLGt9jauys9P92icsezjieHuyGVMisw=,https://github.com/linuxmint/xapp-thumbnailers/archive/refs/tags/1.2.9.tar.gz
xarchiver,xarchiver,0.5.4.26,fetchFromGitHub,https://github.com/ib/xarchiver,ib,xarchiver,0.5.4.26,tag,sha256-s6lVKtWJRAFrkUYUwKGH+XNTGi/L+Zt0kSWIekBUWYs=,https://github.com/ib/xarchiver/archive/0.5.4.26.tar.gz
xbyak,xbyak,7.34.1,fetchFromGitHub,https://github.com/herumi/xbyak,herumi,xbyak,refs/tags/v7.34.1,tag,sha256-cajYwHw9/RzPAQw3c0zpNRm/nBBym0OtowqqtYnpVWc=,https://github.com/herumi/xbyak/archive/refs/tags/v7.34.1.tar.gz
xdg-desktop-portal-xapp,xdg-desktop-portal-xapp,1.1.3,fetchFromGitHub,https://github.com/linuxmint/xdg-desktop-portal-xapp,linuxmint,xdg-desktop-portal-xapp,1.1.3,tag,sha256-5gJmWj15jUVGhCf8jOl/eXHVisFdegbbx6pqz6btNTM=,https://github.com/linuxmint/xdg-desktop-portal-xapp/archive/1.1.3.tar.gz
xdotool,xdotool,3.20211022.1,fetchFromGitHub,https://github.com/jordansissel/xdotool,jordansissel,xdotool,v3.20211022.1,tag,sha256-XFiaiHHtUSNFw+xhUR29+2RUHOa+Eyj1HHfjCUjwd9k=,https://github.com/jordansissel/xdotool/archive/v3.20211022.1.tar.gz
xed-editor,xed-editor,3.8.9,fetchFromGitHub,https://github.com/linuxmint/xed,linuxmint,xed,3.8.9,tag,sha256-ZTrTCyyyUDbt+/kjb1+I/bOjwXcsYGYd5K9ebPjJTA8=,https://github.com/linuxmint/xed/archive/3.8.9.tar.gz
xf86-input-wacom,xf86-input-wacom,1.2.4,fetchFromGitHub,https://github.com/linuxwacom/xf86-input-wacom,linuxwacom,xf86-input-wacom,refs/tags/xf86-input-wacom-1.2.4,tag,sha256-12m9PL28NnqIwNpGHOFqjJaNrzBaagdG3Sp/jSLpgkE=,https://github.com/linuxwacom/xf86-input-wacom/archive/refs/tags/xf86-input-wacom-1.2.4.tar.gz
xf86_input_wacom,xf86-input-wacom,1.2.4,fetchFromGitHub,https://github.com/linuxwacom/xf86-input-wacom,linuxwacom,xf86-input-wacom,refs/tags/xf86-input-wacom-1.2.4,tag,sha256-12m9PL28NnqIwNpGHOFqjJaNrzBaagdG3Sp/jSLpgkE=,https://github.com/linuxwacom/xf86-input-wacom/archive/refs/tags/xf86-input-wacom-1.2.4.tar.gz
xl2tpd,xl2tpd,1.3.20,fetchFromGitHub,https://github.com/xelerance/xl2tpd,xelerance,xl2tpd,v1.3.20,tag,sha256-T4oEMMLb/SPkXfJ55fxBx9ii98qZVZRxPoU/eXlKb4U=,https://github.com/xelerance/xl2tpd/archive/v1.3.20.tar.gz
xmake,xmake,3.0.7,fetchFromGitHub,https://github.com/xmake-io/xmake,xmake-io,xmake,refs/tags/v3.0.7,tag,sha256-SmvkdAo0XZF8RMP039kkmJxx3pwSPxKj3k8ScfTfYb8=,
xmoto,xmoto,0.6.3,fetchFromGitHub,https://github.com/xmoto/xmoto,xmoto,xmoto,v0.6.3,tag,sha256-DNljUd7FSH0fTgQx8LMqItZ54aLZtwMUPzqR8Z820SM=,https://github.com/xmoto/xmoto/archive/v0.6.3.tar.gz
xournalpp,xournalpp,1.3.3,fetchFromGitHub,https://github.com/xournalpp/xournalpp,xournalpp,xournalpp,refs/tags/v1.3.3,tag,sha256-AHW3LfGAXoP9F3EJiRgVBQ9NuYdVJrh0cQKSEiG48rc=,https://github.com/xournalpp/xournalpp/archive/refs/tags/v1.3.3.tar.gz
xpra,xpra,6.3.6,fetchFromGitHub,https://github.com/Xpra-org/xpra,Xpra-org,xpra,refs/tags/v6.3.6,tag,sha256-kXe/Pyjzf6CxYtsYP15hgYnj+qricrlXGqi/G3uQMFM=,https://github.com/Xpra-org/xpra/archive/refs/tags/v6.3.6.tar.gz
xpra-html5,xpra-html5,17.1,fetchFromGitHub,https://github.com/Xpra-org/xpra-html5,Xpra-org,xpra-html5,refs/tags/v17.1,tag,sha256-vmv3L5Fcq1GF/txqHV6pCT530SFKm0RpfGmI4BLGGp0=,https://github.com/Xpra-org/xpra-html5/archive/refs/tags/v17.1.tar.gz
xpraWithNvenc,xpra,6.3.6,fetchFromGitHub,https://github.com/Xpra-org/xpra,Xpra-org,xpra,refs/tags/v6.3.6,tag,sha256-kXe/Pyjzf6CxYtsYP15hgYnj+qricrlXGqi/G3uQMFM=,https://github.com/Xpra-org/xpra/archive/refs/tags/v6.3.6.tar.gz
xray,xray,26.2.6,fetchFromGitHub,https://github.com/XTLS/Xray-core,XTLS,Xray-core,v26.2.6,tag,sha256-WTCehvvk/f2/IemzGDq3Y0dM/n0iKAH8CeVyoTimFqQ=,https://github.com/XTLS/Xray-core/archive/v26.2.6.tar.gz
xreader,xreader,4.6.3,fetchFromGitHub,https://github.com/linuxmint/xreader,linuxmint,xreader,4.6.3,tag,sha256-lVJFNOiayAai/Lg4tl8lNaK5fdTlZ0ptzstUzciH1mA=,https://github.com/linuxmint/xreader/archive/4.6.3.tar.gz
xrootd,xrootd,5.9.1,fetchFromGitHub,https://github.com/xrootd/xrootd,xrootd,xrootd,refs/tags/v5.9.1,tag,sha256-XClMtQfCGWpLtILGQyYCsKMcOlhLHC5i7UabzXH/imc=,
xviewer,xviewer,3.4.16,fetchFromGitHub,https://github.com/linuxmint/xviewer,linuxmint,xviewer,3.4.16,tag,sha256-ayd91gVLuSUVlCxaPSBbx7hg4tthVTaBEnl5V9YYbQw=,https://github.com/linuxmint/xviewer/archive/3.4.16.tar.gz
yacas,yacas,1.9.1,fetchFromGitHub,https://github.com/grzegorzmazur/yacas,grzegorzmazur,yacas,v1.9.1,tag,0dqgqvsb6ggr8jb3ngf0jwfkn6xwj2knhmvqyzx3amc74yd3ckqx,https://github.com/grzegorzmazur/yacas/archive/v1.9.1.tar.gz
yacas-gui,yacas,1.9.1,fetchFromGitHub,https://github.com/grzegorzmazur/yacas,grzegorzmazur,yacas,v1.9.1,tag,0dqgqvsb6ggr8jb3ngf0jwfkn6xwj2knhmvqyzx3amc74yd3ckqx,https://github.com/grzegorzmazur/yacas/archive/v1.9.1.tar.gz
yaml-language-server,yaml-language-server,1.21.0,fetchFromGitHub,https://github.com/redhat-developer/yaml-language-server,redhat-developer,yaml-language-server,refs/tags/1.21.0,tag,sha256-kZo47yQ1p8GGYVQ9TMTuvVuFJtk6rEBkQpu1jHaKEik=,https://github.com/redhat-developer/yaml-language-server/archive/refs/tags/1.21.0.tar.gz
yarGen,yargen,0.23.4,fetchFromGitHub,https://github.com/Neo23x0/yarGen,Neo23x0,yarGen,0.23.4,tag,6PJNAeeLAyUlZcIi0g57sO1Ex6atn7JhbK9kDbNrZ6A=,https://github.com/Neo23x0/yarGen/archive/0.23.4.tar.gz
yargen,yargen,0.23.4,fetchFromGitHub,https://github.com/Neo23x0/yarGen,Neo23x0,yarGen,0.23.4,tag,6PJNAeeLAyUlZcIi0g57sO1Ex6atn7JhbK9kDbNrZ6A=,https://github.com/Neo23x0/yarGen/archive/0.23.4.tar.gz
yarp,yarp,3.12.2,fetchFromGitHub,https://github.com/robotology/yarp,robotology,yarp,v3.12.2,tag,sha256-Lx9ZCTFrSvO/PCB9lrz3f0avBzDAzEZINoqzlH2F6Xw=,https://github.com/robotology/yarp/archive/v3.12.2.tar.gz
yaru-theme,yaru,25.10.3,fetchFromGitHub,https://github.com/ubuntu/yaru,ubuntu,yaru,25.10.3,tag,sha256-3cSVPObfmr62S6yTD2c8AO3s7lxb9KFVuYSydTIJ1jE=,https://github.com/ubuntu/yaru/archive/25.10.3.tar.gz
yder,yder,1.4.20,fetchFromGitHub,https://github.com/babelouest/yder,babelouest,yder,v1.4.20,tag,sha256-BaCF1r5mOYxj0zKc11uoKI9gVKuxWd8GaneGcV+qIFg=,https://github.com/babelouest/yder/archive/v1.4.20.tar.gz
yggdrasil,yggdrasil,0.5.13,fetchFromGitHub,https://github.com/yggdrasil-network/yggdrasil-go,yggdrasil-network,yggdrasil-go,v0.5.13,tag,sha256-L4eNrytAklblRrAQPf4zzgvrtHaZWmpTMcOLwkKMPCc=,https://github.com/yggdrasil-network/yggdrasil-go/archive/v0.5.13.tar.gz
yosys,yosys,0.62,fetchFromGitHub,https://github.com/YosysHQ/yosys,YosysHQ,yosys,refs/tags/v0.62,tag,sha256-FzvdjdAURB5iCkGwsYY6A2wP/Je/IW4AOd4kVOEOeVc=,
youtubeuploader,youtubeuploader,1.25.5,fetchFromGitHub,https://github.com/porjo/youtubeuploader,porjo,youtubeuploader,refs/tags/v1.25.5,tag,sha256-KG0x2+nTTB+d7Yon2xRdlhEqYr74jNPD4+3dKyccOdc=,https://github.com/porjo/youtubeuploader/archive/refs/tags/v1.25.5.tar.gz
yq-go,yq-go,4.52.4,fetchFromGitHub,https://github.com/mikefarah/yq,mikefarah,yq,refs/tags/v4.52.4,tag,sha256-vbvqjcov0ceFeQ81tIaXHbAFjrJ2dCkRfkw/MA0qCr4=,https://github.com/mikefarah/yq/archive/refs/tags/v4.52.4.tar.gz
ytarchive,ytarchive,0.5.0,fetchFromGitHub,https://github.com/Kethsar/ytarchive,Kethsar,ytarchive,v0.5.0,tag,sha256-Y1frd7iJJuNFvLL/C1Y+RrqYC/1LF7P3J9rkPAThp9c=,https://github.com/Kethsar/ytarchive/archive/v0.5.0.tar.gz
yubioath-flutter,yubioath-flutter,7.3.1,fetchFromGitHub,https://github.com/Yubico/yubioath-flutter,Yubico,yubioath-flutter,refs/tags/7.3.1,tag,sha256-jfWLj5pN1NGfnmYQ0lYeKwlc0v7pCdvAjmmWX5GP7aM=,https://github.com/Yubico/yubioath-flutter/archive/refs/tags/7.3.1.tar.gz
yuview,yuview,2.14,fetchFromGitHub,https://github.com/IENT/YUView,IENT,YUView,refs/tags/v2.14,tag,sha256-YuKPRYBr1CKrwickk1T89ZCYFt99jP86tdanp+JZMO4=,https://github.com/IENT/YUView/archive/refs/tags/v2.14.tar.gz
z3,z3,4.15.8,fetchFromGitHub,https://github.com/Z3Prover/z3,Z3Prover,z3,z3-4.15.8,tag,sha256-6HCymxICyxGUWD1aq5Vb1t/AYODFQ6ZzoOr3owr+nvY=,https://github.com/Z3Prover/z3/archive/z3-4.15.8.tar.gz
z3-tptp,z3-tptp,4.15.8,fetchFromGitHub,https://github.com/Z3Prover/z3,Z3Prover,z3,z3-4.15.8,tag,sha256-6HCymxICyxGUWD1aq5Vb1t/AYODFQ6ZzoOr3owr+nvY=,https://github.com/Z3Prover/z3/archive/z3-4.15.8.tar.gz
z88dk,z88dk,2.4,fetchFromGitHub,https://github.com/z88dk/z88dk,z88dk,z88dk,v2.4,tag,sha256-RrPu1UcTyin/aiGrV87PZI8f6dazuojJLalyEaFT/kY=,
zabbix-cli,zabbix-cli,3.6.2,fetchFromGitHub,https://github.com/unioslo/zabbix-cli,unioslo,zabbix-cli,refs/tags/3.6.2,tag,sha256-Y4IR/le+7X3MYmrVnZMr+Gu59LkCB5UfMJ2s9ovSjLM=,https://github.com/unioslo/zabbix-cli/archive/refs/tags/3.6.2.tar.gz
zapret,zapret,72.10,fetchFromGitHub,https://github.com/bol-van/zapret,bol-van,zapret,refs/tags/v72.10,tag,sha256-m9MKyOwAUeH8LZ1GgbuYdHdNTrI3mJ7+Q9R9JT5y2gY=,https://github.com/bol-van/zapret/archive/refs/tags/v72.10.tar.gz
zed-editor,zed-editor,0.225.12,fetchFromGitHub,https://github.com/zed-industries/zed,zed-industries,zed,refs/tags/v0.225.12,tag,sha256-rVJ+NNsnhoXr6y2j2VFrXQVrgbXQY/a6l2Khs36SvDU=,https://github.com/zed-industries/zed/archive/refs/tags/v0.225.12.tar.gz
zef,zef,1.0.0,fetchFromGitHub,https://github.com/ugexe/zef,ugexe,zef,v1.0.0,tag,sha256-TUsEevaxB8DYMNhAsF8qFf1owv5ML8xSyGS9C0IkfbI=,https://github.com/ugexe/zef/archive/v1.0.0.tar.gz
zegrapher,zegrapher,3.1.1,fetchFromGitHub,https://github.com/AdelKS/ZeGrapher,AdelKS,ZeGrapher,v3.1.1,tag,sha256-OSQXm0gDI1zM2MBM4iiY43dthJcAZJkprklolsNMEvk=,https://github.com/AdelKS/ZeGrapher/archive/v3.1.1.tar.gz
zenoh,zenoh,1.4.0,fetchFromGitHub,https://github.com/eclipse-zenoh/zenoh,eclipse-zenoh,zenoh,1.4.0,tag,sha256-XibcNrT9R8gdOnf4BtOi5Jqu+4XjeWngA3i/MXnkfn8=,https://github.com/eclipse-zenoh/zenoh/archive/1.4.0.tar.gz
zenoh-c,zenoh-c,1.4.0,fetchFromGitHub,https://github.com/eclipse-zenoh/zenoh-c,eclipse-zenoh,zenoh-c,refs/tags/1.4.0,tag,sha256-Mn3diwJgMkYXP9Dn5AqquN1UJ+P+b4QadiXqzzYZK+o=,https://github.com/eclipse-zenoh/zenoh-c/archive/refs/tags/1.4.0.tar.gz
zfs-prune-snapshots,zfs-prune-snapshots,1.5.0,fetchFromGitHub,https://github.com/bahamas10/zfs-prune-snapshots,bahamas10,zfs-prune-snapshots,v1.5.0,tag,sha256-gCf/ZIeIh84WQNs5wZO1/l3zpnl2sNxsFO7cOa92JUM=,https://github.com/bahamas10/zfs-prune-snapshots/archive/v1.5.0.tar.gz
zigbee2mqtt,zigbee2mqtt,2.9.1,fetchFromGitHub,https://github.com/Koenkk/zigbee2mqtt,Koenkk,zigbee2mqtt,refs/tags/2.9.1,tag,sha256-PsgQ1/h9YCQNV58PB7o3CQyfuOXzU878I9qIfozX02w=,https://github.com/Koenkk/zigbee2mqtt/archive/refs/tags/2.9.1.tar.gz
zigbee2mqtt_2,zigbee2mqtt,2.9.1,fetchFromGitHub,https://github.com/Koenkk/zigbee2mqtt,Koenkk,zigbee2mqtt,refs/tags/2.9.1,tag,sha256-PsgQ1/h9YCQNV58PB7o3CQyfuOXzU878I9qIfozX02w=,https://github.com/Koenkk/zigbee2mqtt/archive/refs/tags/2.9.1.tar.gz
zinit,zinit,3.14.0,fetchFromGitHub,https://github.com/zdharma-continuum/zinit,zdharma-continuum,zinit,refs/tags/v3.14.0,tag,sha256-cBMGmFrveBes30aCSLMBO8WrtoPZeMNjcEQoQEzBNvM=,https://github.com/zdharma-continuum/zinit/archive/refs/tags/v3.14.0.tar.gz
zitadel,zitadel,2.71.7,fetchFromGitHub,https://github.com/zitadel/zitadel,zitadel,zitadel,v2.71.7,tag,sha256-0ZOiwJ/ehDBkbd7iTTyVJzLj6Etph5/oxrDrck30ZL8=,https://github.com/zitadel/zitadel/archive/v2.71.7.tar.gz
zlequalizer,zlequalizer,1.1.0,fetchFromGitHub,https://github.com/ZL-Audio/ZLEqualizer,ZL-Audio,ZLEqualizer,refs/tags/1.1.0,tag,sha256-ix3UcTs9CEJ2TCJLdpvZOaoB0wgNDrvSQhZzer8yMRw=,
zoneminder,zoneminder,1.36.38,fetchFromGitHub,https://github.com/ZoneMinder/zoneminder,ZoneMinder,zoneminder,refs/tags/1.36.38,tag,sha256-c/Q+h0ntJ4XUuvgrLSlWfue4GL4nGARgmXt0En334Y4=,
zotero,zotero,8.0.2,fetchFromGitHub,https://github.com/zotero/zotero,zotero,zotero,refs/tags/8.0.2,tag,sha256-zGcTZjrbFYbE4qJH5g3betnSLCdxYU2nZBOU55HunYU=,
zps,zps,2.0.0,fetchFromGitHub,https://github.com/orhun/zps,orhun,zps,2.0.0,tag,sha256-t+y+m9cwngVlX5o7FQTI4FMj10bN0euH51DmAnOAvPc=,https://github.com/orhun/zps/archive/2.0.0.tar.gz
zsh-abbr,zsh-abbr,6.5.2,fetchFromGitHub,https://github.com/olets/zsh-abbr,olets,zsh-abbr,refs/tags/v6.5.2,tag,sha256-T5dnlPXsGdFjdASAAYrV9Kc38Y+q0iM2StgNj4efVj4=,
zsh-forgit,zsh-forgit,26.01.0,fetchFromGitHub,https://github.com/wfxr/forgit,wfxr,forgit,refs/tags/26.01.0,tag,sha256-3PjKFARsN3BE5c3/JonNj+LpKBPT1N3hc1bK6NdWDTQ=,https://github.com/wfxr/forgit/archive/refs/tags/26.01.0.tar.gz
zsh-navigation-tools,zsh-navigation-tools,2.2.7,fetchFromGitHub,https://github.com/psprint/zsh-navigation-tools,psprint,zsh-navigation-tools,v2.2.7,tag,0c4kb19aprb868xnlyq8h1nd2d32r0zkrqblsrzvg7m9gx8vqps8,https://github.com/psprint/zsh-navigation-tools/archive/v2.2.7.tar.gz
zsync2,zsync2,2.0.0-alpha-1-20250926,fetchFromGitHub,https://github.com/AppImageCommunity/zsync2,AppImageCommunity,zsync2,2.0.0-alpha-1-20250926,tag,sha256-dbIe47cDaQJAOiHcLRwEbLgvrDUHOnPkYqDbkX74gZk=,https://github.com/AppImageCommunity/zsync2/archive/2.0.0-alpha-1-20250926.tar.gz
zulip,zulip,5.12.3,fetchFromGitHub,https://github.com/zulip/zulip-desktop,zulip,zulip-desktop,refs/tags/v5.12.3,tag,sha256-jRco2eyQrWf5jGvdWYn4mt8FD/xu1+FftQoB3wuF2Lw=,https://github.com/zulip/zulip-desktop/archive/refs/tags/v5.12.3.tar.gz
